"sample_id","device_timestamp_ns","x_mG","y_mG","z_mG"
"1081","599616093627810304","94","199","-2"
"1082","599616093632810240","130","196","4"
"1083","599616093637810304","184","187","8"
"1084","599616093642810368","206","177","-2"
"1085","599616093647810304","210","160","-9"
"1086","599616093652810240","187","116","-21"
"1087","599616093657810304","132","62","-30"
"1088","599616093662810368","48","3","-21"
"1089","599616093667810304","-21","-22","57"
"1090","599616093672810240","-106","-20","244"
"1091","599616093677810304","-246","5","484"
"1092","599616093682810368","-507","60","735"
"1093","599616093687810304","-941","128","961"
"1094","599616093692810240","-1607","230","1097"
"1095","599616093697810304","-2805","431","1190"
"1096","599616093702810368","-5673","817","1635"
"1097","599616093707810304","-7993","2405","138"
"1098","599616093712810240","-7226","2106","-3692"
"1099","599616093717810304","-3496","726","-353"
"1100","599616093722810368","-1897","-266","657"
"1101","599616093727810304","-2785","-533","771"
"1102","599616093732810240","-4673","-149","16"
"1103","599616093737810304","-5716","375","-607"
"1104","599616093742810368","-4712","525","12"
"1105","599616093747810304","-3572","466","470"
"1106","599616093752810240","-3241","486","329"
"1107","599616093757810304","-3376","625","40"
"1108","599616093762810368","-3426","722","-21"
"1109","599616093767810304","-3106","708","148"
"1110","599616093772810240","-2635","624","416"
"1111","599616093777810304","-2282","517","520"
"1112","599616093782810368","-2037","432","550"
"1113","599616093787810304","-1860","327","574"
"1114","599616093792810240","-1728","226","561"
"1115","599616093797810304","-1625","170","511"
"1116","599616093802810360","-1528","99","456"
"1117","599616093807687296","-1447","71","349"
"1118","599616093812564224","-1309","40","227"
"1119","599616093817441152","-1159","13","128"
"1120","599616093822318080","-999","-8","55"
"1121","599616093827195136","-826","-21","0"
"1122","599616093832072064","-627","-29","-20"
"1123","599616093836948992","-459","-35","-42"
"1124","599616093841825920","-314","-35","-80"
"1125","599616093846702848","-206","-33","-119"
"1126","599616093851579776","-173","-21","-145"
"1127","599616093856456704","-19","3","-218"
"1128","599616093861333760","120","18","-194"
"1129","599616093866210688","294","39","-227"
"1130","599616093871087616","448","63","-226"
"1131","599616093875964544","581","86","-216"
"1132","599616093880841472","727","107","-175"
"1133","599616093885718400","811","139","-134"
"1134","599616093890595328","882","167","-127"
"1135","599616093895472256","941","170","-118"
"1136","599616093900349312","983","179","-106"
"1137","599616093905226240","989","175","-90"
"1138","599616093910103168","949","174","-94"
"1139","599616093914980096","834","170","-103"
"1140","599616093919857024","702","166","-107"
"1141","599616093924733952","553","130","-109"
"1142","599616093929610880","459","89","-105"
"1143","599616093934487936","368","43","-73"
"1144","599616093939364864","269","-7","-66"
"1145","599616093944241792","206","-31","-55"
"1146","599616093949118720","120","-64","-37"
"1147","599616093953995648","45","-95","-19"
"1148","599616093958872576","-6","-132","13"
"1149","599616093963749504","-81","-142","57"
"1150","599616093968626560","-164","-145","76"
"1151","599616093973503488","-251","-141","93"
"1152","599616093978380404","-342","-121","82"
"1153","599616093983258240","-428","-95","47"
"1154","599616093988136064","-486","-58","16"
"1155","599616093993013888","-512","-35","-12"
"1156","599616093997891584","-550","-16","-30"
"1157","599616094002769408","-564","11","-49"
"1158","599616094007647232","-551","38","-62"
"1159","599616094012525056","-514","73","-69"
"1160","599616094017402752","-484","88","-61"
"1161","599616094022280576","-421","99","-51"
"1162","599616094027158400","-350","115","-34"
"1163","599616094032036224","-257","127","-21"
"1164","599616094036913920","-193","136","-11"
"1165","599616094041791744","-100","143","2"
"1166","599616094046669568","-22","141","15"
"1167","599616094051547392","22","148","21"
"1168","599616094056425088","74","142","21"
"1169","599616094061302912","112","138","11"
"1170","599616094066180736","116","123","1"
"1171","599616094071058560","116","102","-11"
"1172","599616094075936384","98","83","-17"
"1173","599616094080814080","25","49","-10"
"1174","599616094085691904","-31","19","45"
"1175","599616094090569728","-111","23","185"
"1176","599616094095447552","-216","37","367"
"1177","599616094100325248","-389","65","531"
"1178","599616094105203072","-619","99","681"
"1179","599616094110080896","-959","169","790"
"1180","599616094114958720","-1404","229","851"
"1181","599616094119836416","-2229","366","980"
"1182","599616094124714240","-4469","847","1007"
"1183","599616094129592064","-7707","1823","760"
"1184","599616094134469888","-7661","2104","-2565"
"1185","599616094139347584","-4646","577","-1127"
"1186","599616094144225408","-2455","-495","-9"
"1187","599616094149103232","-3106","-220","246"
"1188","599616094153980986","-4625","309","-102"
"1189","599616094158857856","-5200","421","-383"
"1190","599616094163734784","-4491","464","414"
"1191","599616094168611712","-3794","461","829"
"1192","599616094173488640","-3675","465","493"
"1193","599616094178365696","-3743","507","86"
"1194","599616094183242624","-3582","527","-27"
"1195","599616094188119552","-3224","476","107"
"1196","599616094192996480","-2826","398","307"
"1197","599616094197873408","-2497","326","396"
"1198","599616094202750336","-2261","267","377"
"1199","599616094207627264","-2056","225","305"
"1200","599616094212504320","-1855","204","287"
"1201","599616094217381248","-1650","185","333"
"1202","599616094222258176","-1490","181","362"
"1203","599616094227135104","-1356","186","361"
"1204","599616094232012032","-1242","178","328"
"1205","599616094236888960","-1128","142","260"
"1206","599616094241765888","-1009","93","219"
"1207","599616094246642816","-879","62","160"
"1208","599616094251519872","-740","14","91"
"1209","599616094256396800","-586","-15","28"
"1210","599616094261273728","-458","-27","-6"
"1211","599616094266150656","-324","-34","-19"
"1212","599616094271027584","-268","-29","-55"
"1213","599616094275904512","-115","-14","-124"
"1214","599616094280781440","21","5","-110"
"1215","599616094285658496","157","48","-127"
"1216","599616094290535424","279","82","-154"
"1217","599616094295412352","404","101","-163"
"1218","599616094300289280","502","135","-175"
"1219","599616094305166208","603","159","-149"
"1220","599616094310043136","702","178","-131"
"1221","599616094314920064","776","183","-125"
"1222","599616094319797120","860","183","-122"
"1223","599616094324674048","897","177","-127"
"1224","599616094329551030","937","158","-133"
"1225","599616094334427136","901","125","-138"
"1226","599616094339303296","856","92","-141"
"1227","599616094344179328","752","67","-137"
"1228","599616094349055488","634","25","-133"
"1229","599616094353931520","514","-9","-114"
"1230","599616094358807680","447","-28","-75"
"1231","599616094363683712","363","-44","-41"
"1232","599616094368559872","273","-74","-20"
"1233","599616094373435904","215","-104","-1"
"1234","599616094378312064","133","-135","19"
"1235","599616094383188096","52","-146","49"
"1236","599616094388064256","-11","-159","68"
"1237","599616094392940288","-94","-161","79"
"1238","599616094397816448","-197","-162","72"
"1239","599616094402692480","-273","-153","55"
"1240","599616094407568640","-370","-148","32"
"1241","599616094412444672","-441","-143","5"
"1242","599616094417320832","-490","-109","-10"
"1243","599616094422196864","-508","-82","-20"
"1244","599616094427073024","-530","-50","-26"
"1245","599616094431949056","-539","-26","-32"
"1246","599616094436825216","-526","1","-38"
"1247","599616094441701376","-500","55","-35"
"1248","599616094446577408","-470","94","-29"
"1249","599616094451453568","-401","134","-22"
"1250","599616094456329600","-309","175","-13"
"1251","599616094461205760","-228","192","1"
"1252","599616094466081792","-143","196","18"
"1253","599616094470957952","-69","202","28"
"1254","599616094475833984","-13","192","36"
"1255","599616094480710144","5","193","20"
"1256","599616094485586176","16","182","7"
"1257","599616094490462336","45","166","8"
"1258","599616094495338368","80","127","50"
"1259","599616094500214528","84","94","95"
"1260","599616094505090592","28","84","129"
"1261","599616094509968384","-32","74","202"
"1262","599616094514846208","-150","82","288"
"1263","599616094519724032","-292","120","395"
"1264","599616094524601728","-489","197","460"
"1265","599616094529479552","-818","278","520"
"1266","599616094534357376","-1378","435","686"
"1267","599616094539235200","-2372","828","957"
"1268","599616094544112896","-4565","1605","1331"
"1269","599616094548990720","-7892","1979","1377"
"1270","599616094553868544","-7814","1172","-3254"
"1271","599616094558746368","-4609","713","-1441"
"1272","599616094563624064","-2250","7","223"
"1273","599616094568501888","-2336","-432","943"
"1274","599616094573379712","-3723","-500","475"
"1275","599616094578257536","-5157","-107","-625"
"1276","599616094583135232","-5263","326","-560"
"1277","599616094588013056","-4155","429","188"
"1278","599616094592890880","-3512","360","405"
"1279","599616094597768704","-3505","390","130"
"1280","599616094602646400","-3538","461","-21"
"1281","599616094607524224","-3321","502","104"
"1282","599616094612402048","-2942","499","338"
"1283","599616094617279872","-2613","463","457"
"1284","599616094622157568","-2328","423","463"
"1285","599616094627035392","-2048","349","464"
"1286","599616094631913216","-1819","256","467"
"1287","599616094636791040","-1619","185","440"
"1288","599616094641668864","-1483","88","350"
"1289","599616094646546560","-1338","12","239"
"1290","599616094651424384","-1204","-30","155"
"1291","599616094656302208","-1072","-61","86"
"1292","599616094661180032","-973","-91","33"
"1293","599616094666057728","-872","-115","5"
"1294","599616094670935552","-732","-111","-22"
"1295","599616094675813376","-589","-87","-59"
"1296","599616094680691148","-457","-66","-103"
"1297","599616094685569024","-334","-44","-125"
"1298","599616094690446848","-231","-22","-125"
"1299","599616094695324672","-121","-1","-98"
"1300","599616094700202368","-10","38","-87"
"1301","599616094705080192","114","47","-67"
"1302","599616094709958016","258","71","-60"
"1303","599616094714835840","408","83","-66"
"1304","599616094719713536","535","85","-63"
"1305","599616094724591360","685","90","-64"
"1306","599616094729469184","777","96","-55"
"1307","599616094734347008","870","107","-61"
"1308","599616094739224704","939","138","-65"
"1309","599616094744102528","986","158","-63"
"1310","599616094748980352","992","162","-84"
"1311","599616094753858176","992","143","-109"
"1312","599616094758735872","956","108","-112"
"1313","599616094763613696","825","89","-96"
"1314","599616094768491520","685","84","-69"
"1315","599616094773369344","550","58","-39"
"1316","599616094778247040","467","22","-18"
"1317","599616094783124864","368","-11","0"
"1318","599616094788002688","267","-32","33"
"1319","599616094792880512","203","-58","58"
"1320","599616094797758336","112","-100","73"
"1321","599616094802636032","30","-141","83"
"1322","599616094807513856","-27","-157","90"
"1323","599616094812391680","-117","-174","81"
"1324","599616094817269504","-222","-186","66"
"1325","599616094822147200","-314","-171","39"
"1326","599616094827025024","-404","-154","12"
"1327","599616094831902848","-476","-136","-11"
"1328","599616094836780672","-500","-87","-20"
"1329","599616094841658368","-530","-46","-24"
"1330","599616094846536192","-547","-17","-28"
"1331","599616094851414016","-548","26","-31"
"1332","599616094856291720","-534","79","-28"
"1333","599616094861170304","-502","109","-29"
"1334","599616094866048896","-471","159","-18"
"1335","599616094870927616","-395","168","-12"
"1336","599616094875806208","-296","170","-11"
"1337","599616094880684928","-217","165","-18"
"1338","599616094885563520","-122","157","-27"
"1339","599616094890442112","-49","141","-43"
"1340","599616094895320832","-3","118","-57"
"1341","599616094900199424","18","102","-68"
"1342","599616094905078016","41","92","-86"
"1343","599616094909956736","50","89","-118"
"1344","599616094914835328","48","73","-146"
"1345","599616094919714048","29","53","-151"
"1346","599616094924592640","4","45","-88"
"1347","599616094929471232","-31","73","24"
"1348","599616094934349952","-127","120","170"
"1349","599616094939228544","-305","192","312"
"1350","599616094944107264","-591","250","468"
"1351","599616094948985856","-1058","364","625"
"1352","599616094953864448","-1881","611","870"
"1353","599616094958743168","-3513","1365","1429"
"1354","599616094963621760","-7230","2667","2323"
"1355","599616094968500480","-7993","1562","-1469"
"1356","599616094973379072","-6538","1043","-2854"
"1357","599616094978257664","-3230","363","-371"
"1358","599616094983136384","-2307","-537","557"
"1359","599616094988014976","-3078","-722","740"
"1360","599616094992893568","-4678","-425","27"
"1361","599616094997772288","-5548","102","-396"
"1362","599616095002650880","-4754","430","-6"
"1363","599616095007529600","-3932","432","313"
"1364","599616095012408192","-3656","367","192"
"1365","599616095017286784","-3605","418","29"
"1366","599616095022165504","-3456","456","76"
"1367","599616095027044096","-3163","457","276"
"1368","599616095031922820","-2869","419","473"
"1369","599616095036802304","-2554","350","589"
"1370","599616095041681792","-2227","262","596"
"1371","599616095046561280","-1925","200","548"
"1372","599616095051440768","-1665","119","470"
"1373","599616095056320256","-1479","38","415"
"1374","599616095061199744","-1336","-12","343"
"1375","599616095066079232","-1236","-30","256"
"1376","599616095070958720","-1147","-38","155"
"1377","599616095075838208","-1035","-53","33"
"1378","599616095080717696","-876","-61","-55"
"1379","599616095085597184","-676","-62","-137"
"1380","599616095090476672","-496","-47","-176"
"1381","599616095095356160","-341","-40","-169"
"1382","599616095100235648","-193","-23","-200"
"1383","599616095105115136","-48","-18","-159"
"1384","599616095109994624","49","-7","-109"
"1385","599616095114874112","178","10","-108"
"1386","599616095119753600","283","10","-98"
"1387","599616095124633088","432","11","-125"
"1388","599616095129512576","540","17","-123"
"1389","599616095134392064","674","13","-111"
"1390","599616095139271552","760","25","-127"
"1391","599616095144151040","878","39","-134"
"1392","599616095149030528","984","53","-131"
"1393","599616095153910016","1060","78","-125"
"1394","599616095158789504","1118","86","-131"
"1395","599616095163668992","1103","88","-137"
"1396","599616095168548480","1002","86","-136"
"1397","599616095173427968","841","86","-135"
"1398","599616095178307456","666","84","-133"
"1399","599616095183186944","517","72","-124"
"1400","599616095188066432","433","46","-96"
"1401","599616095192945920","349","12","-54"
"1402","599616095197825408","260","-10","-25"
"1403","599616095202704896","199","-24","-1"
"1404","599616095207584438","117","-35","32"
"1405","599616095212465536","32","-50","55"
"1406","599616095217346688","-41","-76","71"
"1407","599616095222227968","-149","-87","84"
"1408","599616095227109120","-250","-90","85"
"1409","599616095231990272","-363","-84","72"
"1410","599616095236871424","-462","-61","40"
"1411","599616095241752704","-519","-39","12"
"1412","599616095246633856","-584","-13","-7"
"1413","599616095251515008","-615","37","-21"
"1414","599616095256396160","-619","89","-37"
"1415","599616095261277440","-618","136","-54"
"1416","599616095266158592","-607","191","-50"
"1417","599616095271039744","-551","209","-40"
"1418","599616095275920896","-489","214","-27"
"1419","599616095280802176","-406","211","-18"
"1420","599616095285683328","-288","202","8"
"1421","599616095290564480","-190","186","45"
"1422","599616095295445632","-96","160","73"
"1423","599616095300326912","-24","116","90"
"1424","599616095305208064","11","89","96"
"1425","599616095310089216","46","65","103"
"1426","599616095314970368","89","27","100"
"1427","599616095319851648","114","9","98"
"1428","599616095324732800","117","-6","90"
"1429","599616095329613952","117","-15","49"
"1430","599616095334495104","93","-26","17"
"1431","599616095339376384","33","-49","56"
"1432","599616095344257536","3","-73","142"
"1433","599616095349138688","-31","-41","275"
"1434","599616095354019840","-137","27","434"
"1435","599616095358901120","-341","128","549"
"1436","599616095363782272","-659","241","716"
"1437","599616095368663424","-1165","411","910"
"1438","599616095373544576","-2008","729","1118"
"1439","599616095378425856","-3581","1447","1508"
"1440","599616095383307066","-7028","2550","1109"
"1441","599616095388184832","-7993","1854","-1101"
"1442","599616095393062656","-6800","233","-2179"
"1443","599616095397940480","-3582","-745","-253"
"1444","599616095402818176","-2425","-525","518"
"1445","599616095407696000","-2970","-200","747"
"1446","599616095412573824","-4510","13","545"
"1447","599616095417451648","-4922","272","474"
"1448","599616095422329344","-4182","362","766"
"1449","599616095427207168","-3690","352","716"
"1450","599616095432084992","-3624","412","351"
"1451","599616095436962816","-3547","489","116"
"1452","599616095441840512","-3234","508","201"
"1453","599616095446718336","-2853","456","432"
"1454","599616095451596160","-2543","384","611"
"1455","599616095456473984","-2311","301","717"
"1456","599616095461351680","-2073","222","714"
"1457","599616095466229504","-1852","162","588"
"1458","599616095471107328","-1647","89","419"
"1459","599616095475985152","-1488","21","232"
"1460","599616095480862848","-1325","-21","69"
"1461","599616095485740672","-1173","-51","-21"
"1462","599616095490618496","-1020","-101","-62"
"1463","599616095495496320","-878","-139","-88"
"1464","599616095500374144","-707","-139","-85"
"1465","599616095505251840","-544","-105","-74"
"1466","599616095510129664","-421","-63","-28"
"1467","599616095515007488","-286","-33","18"
"1468","599616095519885312","-210","-17","57"
"1469","599616095524763008","-180","2","96"
"1470","599616095529640832","-141","37","60"
"1471","599616095534518656","-9","46","44"
"1472","599616095539396480","52","62","18"
"1473","599616095544274176","177","74","-25"
"1474","599616095549152000","303","81","-72"
"1475","599616095554029824","421","94","-134"
"1476","599616095558907634","520","103","-140"
"1477","599616095563782912","636","131","-148"
"1478","599616095568658176","743","154","-144"
"1479","599616095573533440","814","173","-127"
"1480","599616095578408704","876","187","-122"
"1481","599616095583283968","887","194","-84"
"1482","599616095588159104","883","188","-74"
"1483","599616095593034368","817","172","-80"
"1484","599616095597909632","738","148","-76"
"1485","599616095602784896","625","109","-76"
"1486","599616095607660160","507","86","-78"
"1487","599616095612535424","425","64","-60"
"1488","599616095617410688","331","20","-33"
"1489","599616095622285952","235","-15","-12"
"1490","599616095627161216","148","-31","24"
"1491","599616095632036480","63","-48","62"
"1492","599616095636911616","-4","-75","78"
"1493","599616095641786880","-77","-89","80"
"1494","599616095646662144","-160","-109","62"
"1495","599616095651537408","-236","-105","40"
"1496","599616095656412672","-297","-97","11"
"1497","599616095661287936","-375","-82","-4"
"1498","599616095666163200","-431","-63","-19"
"1499","599616095671038464","-480","-40","-30"
"1500","599616095675913728","-495","-25","-35"
"1501","599616095680788992","-507","-2","-50"
"1502","599616095685664128","-509","40","-63"
"1503","599616095690539392","-501","85","-66"
"1504","599616095695414656","-490","127","-73"
"1505","599616095700289920","-452","175","-78"
"1506","599616095705165184","-383","197","-69"
"1507","599616095710040448","-289","208","-63"
"1508","599616095714915712","-223","209","-48"
"1509","599616095719790976","-139","206","-39"
"1510","599616095724666240","-65","202","-36"
"1511","599616095729541376","-7","191","-39"
"1512","599616095734416658","22","177","-49"
"1513","599616095739294464","56","165","-77"
"1514","599616095744172288","96","144","-128"
"1515","599616095749050112","106","103","-193"
"1516","599616095753927808","79","65","-242"
"1517","599616095758805632","30","9","-250"
"1518","599616095763683456","-10","-28","-203"
"1519","599616095768561280","-54","-50","-66"
"1520","599616095773438976","-126","-64","132"
"1521","599616095778316800","-258","-46","348"
"1522","599616095783194624","-504","5","481"
"1523","599616095788072448","-911","117","522"
"1524","599616095792950144","-1559","331","639"
"1525","599616095797827968","-2694","901","974"
"1526","599616095802705792","-5762","2077","1748"
"1527","599616095807583616","-7993","1994","16"
"1528","599616095812461312","-7174","850","-3058"
"1529","599616095817339136","-3553","468","-787"
"1530","599616095822216960","-2038","158","229"
"1531","599616095827094784","-2555","66","654"
"1532","599616095831972480","-3923","-17","499"
"1533","599616095836850304","-5496","130","-431"
"1534","599616095841728128","-5490","408","-475"
"1535","599616095846605952","-4235","471","193"
"1536","599616095851483776","-3555","462","449"
"1537","599616095856361472","-3507","475","237"
"1538","599616095861239296","-3536","540","49"
"1539","599616095866117120","-3386","531","128"
"1540","599616095870994944","-3038","453","328"
"1541","599616095875872640","-2698","368","443"
"1542","599616095880750464","-2436","281","465"
"1543","599616095885628288","-2223","212","463"
"1544","599616095890506112","-2046","148","450"
"1545","599616095895383808","-1901","91","395"
"1546","599616095900261632","-1752","73","313"
"1547","599616095905139456","-1618","53","187"
"1548","599616095910017224","-1501","54","33"
"1549","599616095914891648","-1348","61","-75"
"1550","599616095919766016","-1187","70","-155"
"1551","599616095924640512","-985","69","-163"
"1552","599616095929514880","-796","74","-125"
"1553","599616095934389248","-572","82","-83"
"1554","599616095939263616","-423","92","-39"
"1555","599616095944138112","-262","107","-18"
"1556","599616095949012480","-143","117","10"
"1557","599616095953886848","-16","122","11"
"1558","599616095958761216","84","150","-21"
"1559","599616095963635712","233","152","-62"
"1560","599616095968510080","364","153","-97"
"1561","599616095973384448","489","129","-134"
"1562","599616095978258944","602","110","-140"
"1563","599616095983133312","699","87","-132"
"1564","599616095988007680","755","88","-144"
"1565","599616095992882048","793","85","-148"
"1566","599616095997756544","838","79","-146"
"1567","599616096002630912","832","66","-147"
"1568","599616096007505280","813","41","-140"
"1569","599616096012379648","776","22","-135"
"1570","599616096017254144","733","-3","-122"
"1571","599616096022128512","632","-23","-107"
"1572","599616096027002880","524","-33","-84"
"1573","599616096031877376","453","-46","-81"
"1574","599616096036751744","361","-67","-73"
"1575","599616096041626112","273","-87","-55"
"1576","599616096046500480","222","-112","-33"
"1577","599616096051374976","155","-135","-11"
"1578","599616096056249344","99","-141","7"
"1579","599616096061123712","34","-144","36"
"1580","599616096065998080","-6","-144","52"
"1581","599616096070872576","-72","-129","59"
"1582","599616096075746944","-141","-97","69"
"1583","599616096080621312","-225","-67","58"
"1584","599616096085495720","-292","-36","45"
"1585","599616096090374272","-377","-19","27"
"1586","599616096095252864","-441","16","12"
"1587","599616096100131584","-487","65","9"
"1588","599616096105010176","-503","95","20"
"1589","599616096109888896","-536","156","32"
"1590","599616096114767488","-554","201","29"
"1591","599616096119646080","-556","223","12"
"1592","599616096124524800","-531","252","-4"
"1593","599616096129403392","-489","268","-13"
"1594","599616096134281984","-413","270","-21"
"1595","599616096139160704","-298","248","-27"
"1596","599616096144039296","-203","219","-23"
"1597","599616096148918016","-93","202","-21"
"1598","599616096153796608","-12","169","-21"
"1599","599616096158675200","33","118","-14"
"1600","599616096163553920","92","91","0"
"1601","599616096168432512","121","78","14"
"1602","599616096173311232","147","59","9"
"1603","599616096178189824","152","36","-19"
"1604","599616096183068416","124","8","-74"
"1605","599616096187947136","83","-28","-123"
"1606","599616096192825728","26","-64","-74"
"1607","599616096197704448","-1","-84","106"
"1608","599616096202583040","-69","-43","352"
"1609","599616096207461632","-267","12","551"
"1610","599616096212340352","-566","121","756"
"1611","599616096217218944","-1010","229","913"
"1612","599616096222097664","-1690","400","1032"
"1613","599616096226976256","-3006","865","1327"
"1614","599616096231854848","-5854","1794","1266"
"1615","599616096236733568","-7993","2220","77"
"1616","599616096241612160","-7190","476","-2196"
"1617","599616096246490752","-4061","-779","-507"
"1618","599616096251369472","-2763","-825","398"
"1619","599616096256248064","-2939","-241","543"
"1620","599616096261126824","-3844","103","608"
"1621","599616096266004608","-4551","373","572"
"1622","599616096270882432","-4197","463","769"
"1623","599616096275760256","-3639","495","764"
"1624","599616096280637952","-3510","572","488"
"1625","599616096285515776","-3512","644","163"
"1626","599616096290393600","-3366","685","73"
"1627","599616096295271424","-3081","619","184"
"1628","599616096300149120","-2794","490","373"
"1629","599616096305026944","-2539","390","555"
"1630","599616096309904768","-2300","293","723"
"1631","599616096314782592","-2040","226","760"
"1632","599616096319660288","-1826","202","688"
"1633","599616096324538112","-1657","160","485"
"1634","599616096329415936","-1523","90","291"
"1635","599616096334293760","-1419","41","101"
"1636","599616096339171456","-1290","-1","-34"
"1637","599616096344049280","-1160","-16","-113"
"1638","599616096348927104","-1002","-22","-117"
"1639","599616096353804928","-820","-19","-121"
"1640","599616096358682624","-653","-3","-145"
"1641","599616096363560448","-494","30","-138"
"1642","599616096368438272","-361","77","-121"
"1643","599616096373316096","-229","87","-107"
"1644","599616096378193792","-197","96","-65"
"1645","599616096383071616","-56","91","-74"
"1646","599616096387949440","81","77","-27"
"1647","599616096392827264","200","75","-24"
"1648","599616096397705088","326","62","-30"
"1649","599616096402582784","422","56","-53"
"1650","599616096407460608","493","29","-70"
"1651","599616096412338432","583","27","-100"
"1652","599616096417216256","668","12","-120"
"1653","599616096422093952","725","10","-131"
"1654","599616096426971776","770","-1","-132"
"1655","599616096431849600","807","-4","-129"
"1656","599616096436727386","830","-11","-124"
"1657","599616096441605248","799","-18","-114"
"1658","599616096446483072","749","-25","-96"
"1659","599616096451360896","658","-35","-79"
"1660","599616096456238592","551","-56","-63"
"1661","599616096461116416","474","-75","-41"
"1662","599616096465994240","386","-92","-23"
"1663","599616096470872064","284","-111","2"
"1664","599616096475749760","210","-127","52"
"1665","599616096480627584","108","-136","94"
"1666","599616096485505408","21","-139","117"
"1667","599616096490383232","-38","-141","138"
"1668","599616096495260928","-115","-136","152"
"1669","599616096500138752","-203","-114","145"
"1670","599616096505016576","-256","-86","116"
"1671","599616096509894400","-329","-54","89"
"1672","599616096514772096","-384","-31","40"
"1673","599616096519649920","-434","-8","-2"
"1674","599616096524527744","-465","42","-29"
"1675","599616096529405568","-487","84","-63"
"1676","599616096534283264","-490","135","-108"
"1677","599616096539161088","-486","185","-131"
"1678","599616096544038912","-456","212","-138"
"1679","599616096548916736","-402","228","-147"
"1680","599616096553794560","-328","251","-140"
"1681","599616096558672256","-243","260","-125"
"1682","599616096563550080","-157","255","-93"
"1683","599616096568427904","-65","246","-67"
"1684","599616096573305728","-3","233","-55"
"1685","599616096578183424","28","222","-63"
"1686","599616096583061248","58","212","-103"
"1687","599616096587939072","73","194","-142"
"1688","599616096592816896","60","141","-189"
"1689","599616096597694592","30","91","-193"
"1690","599616096602572416","1","64","-130"
"1691","599616096607450240","-33","55","-15"
"1692","599616096612327958","-120","79","119"
"1693","599616096617204096","-248","104","233"
"1694","599616096622080256","-451","168","325"
"1695","599616096626956288","-729","207","410"
"1696","599616096631832448","-1168","286","490"
"1697","599616096636708480","-1906","554","668"
"1698","599616096641584640","-3416","1226","925"
"1699","599616096646460672","-7105","2279","1542"
"1700","599616096651336832","-7949","1346","-1740"
"1701","599616096656212864","-5453","529","-1695"
"1702","599616096661089024","-2510","121","-10"
"1703","599616096665965056","-1885","-113","453"
"1704","599616096670841216","-2733","-277","480"
"1705","599616096675717248","-3948","-292","-15"
"1706","599616096680593408","-5046","53","-388"
"1707","599616096685469440","-4744","354","-203"
"1708","599616096690345600","-3894","438","163"
"1709","599616096695221632","-3535","451","333"
"1710","599616096700097792","-3559","469","223"
"1711","599616096704973824","-3529","510","111"
"1712","599616096709849984","-3299","480","158"
"1713","599616096714726016","-2969","399","249"
"1714","599616096719602176","-2637","270","331"
"1715","599616096724478208","-2362","185","389"
"1716","599616096729354368","-2124","94","401"
"1717","599616096734230528","-1951","55","366"
"1718","599616096739106560","-1797","30","270"
"1719","599616096743982720","-1668","23","157"
"1720","599616096748858752","-1542","33","31"
"1721","599616096753734912","-1432","58","-46"
"1722","599616096758610944","-1283","78","-102"
"1723","599616096763487104","-1114","81","-108"
"1724","599616096768363136","-929","85","-125"
"1725","599616096773239296","-756","90","-131"
"1726","599616096778115328","-591","97","-97"
"1727","599616096782991488","-438","109","-54"
"1728","599616096787867510","-279","98","-6"
"1729","599616096792743680","-160","94","45"
"1730","599616096797619840","-33","90","93"
"1731","599616096802495872","46","88","98"
"1732","599616096807372032","135","98","42"
"1733","599616096812248064","237","93","12"
"1734","599616096817124224","325","98","-24"
"1735","599616096822000256","436","92","-56"
"1736","599616096826876416","511","87","-87"
"1737","599616096831752448","592","78","-108"
"1738","599616096836628608","667","57","-121"
"1739","599616096841504640","733","31","-124"
"1740","599616096846380800","754","3","-126"
"1741","599616096851256832","757","-17","-125"
"1742","599616096856132992","756","-32","-119"
"1743","599616096861009024","732","-45","-114"
"1744","599616096865885184","667","-72","-98"
"1745","599616096870761216","592","-83","-83"
"1746","599616096875637376","504","-74","-61"
"1747","599616096880513408","431","-57","-53"
"1748","599616096885389568","342","-44","-36"
"1749","599616096890265600","256","-42","-20"
"1750","599616096895141760","203","-38","-5"
"1751","599616096900017792","125","-37","16"
"1752","599616096904893952","71","-36","19"
"1753","599616096909769984","17","-33","17"
"1754","599616096914646144","-11","-34","3"
"1755","599616096919522176","-57","-31","-5"
"1756","599616096924398336","-116","-25","-12"
"1757","599616096929274368","-179","-18","-18"
"1758","599616096934150528","-239","0","-24"
"1759","599616096939026688","-283","18","-29"
"1760","599616096943902720","-350","52","-36"
"1761","599616096948778880","-387","80","-38"
"1762","599616096953654912","-420","92","-44"
"1763","599616096958531072","-443","121","-56"
"1764","599616096963407046","-431","148","-62"
"1765","599616096968283264","-400","163","-59"
"1766","599616096973159424","-378","177","-47"
"1767","599616096978035456","-313","182","-29"
"1768","599616096982911616","-250","181","-20"
"1769","599616096987787648","-203","169","-7"
"1770","599616096992663808","-126","156","2"
"1771","599616096997539840","-83","120","-2"
"1772","599616097002416000","-45","84","-15"
"1773","599616097007292032","-49","34","-54"
"1774","599616097012168192","-82","-7","-93"
"1775","599616097017044224","-116","-21","-52"
"1776","599616097021920384","-148","-20","55"
"1777","599616097026796416","-229","4","252"
"1778","599616097031672576","-374","67","440"
"1779","599616097036548608","-621","164","560"
"1780","599616097041424768","-1039","279","652"
"1781","599616097046300800","-1701","501","777"
"1782","599616097051176960","-2929","1095","1051"
"1783","599616097056052992","-6367","2191","1158"
"1784","599616097060929152","-7993","1794","-988"
"1785","599616097065805184","-6504","931","-2277"
"1786","599616097070681344","-3210","195","-196"
"1787","599616097075557376","-2331","-454","638"
"1788","599616097080433536","-3002","-698","595"
"1789","599616097085309568","-4363","-380","157"
"1790","599616097090185728","-5095","123","-270"
"1791","599616097095061760","-4292","412","-125"
"1792","599616097099937920","-3497","461","135"
"1793","599616097104813952","-3364","452","116"
"1794","599616097109690112","-3471","458","39"
"1795","599616097114566272","-3378","472","96"
"1796","599616097119442304","-3103","468","218"
"1797","599616097124318464","-2786","442","317"
"1798","599616097129194496","-2510","364","369"
"1799","599616097134070656","-2271","279","370"
"1800","599616097138946582","-2034","216","321"
"1801","599616097143824384","-1828","156","203"
"1802","599616097148702208","-1645","94","66"
"1803","599616097153580032","-1450","42","-23"
"1804","599616097158457728","-1248","11","-128"
"1805","599616097163335552","-1094","-11","-140"
"1806","599616097168213376","-973","-21","-54"
"1807","599616097173091200","-857","-26","-24"
"1808","599616097177968896","-740","-28","-24"
"1809","599616097182846720","-584","-30","-22"
"1810","599616097187724544","-439","-32","-42"
"1811","599616097192602368","-284","-35","-42"
"1812","599616097197480064","-147","-36","-23"
"1813","599616097202357888","-33","-42","-6"
"1814","599616097207235712","-12","-28","-20"
"1815","599616097212113536","125","-19","-63"
"1816","599616097216991232","238","-17","-66"
"1817","599616097221869056","392","-14","-87"
"1818","599616097226746880","478","-3","-93"
"1819","599616097231624704","588","7","-107"
"1820","599616097236502400","655","18","-98"
"1821","599616097241380224","744","33","-104"
"1822","599616097246258048","765","54","-100"
"1823","599616097251135872","799","56","-111"
"1824","599616097256013568","828","55","-112"
"1825","599616097260891392","816","41","-108"
"1826","599616097265769216","770","34","-99"
"1827","599616097270647040","690","25","-87"
"1828","599616097275524864","562","25","-67"
"1829","599616097280402560","462","20","-47"
"1830","599616097285280384","354","20","-23"
"1831","599616097290158208","249","11","-5"
"1832","599616097295036032","158","2","15"
"1833","599616097299913728","72","-5","46"
"1834","599616097304791552","5","-7","72"
"1835","599616097309669376","-39","-9","76"
"1836","599616097314547138","-104","-7","79"
"1837","599616097319425024","-155","-1","79"
"1838","599616097324302848","-221","9","73"
"1839","599616097329180672","-256","22","57"
"1840","599616097334058368","-308","43","36"
"1841","599616097338936192","-370","62","15"
"1842","599616097343814016","-395","77","-2"
"1843","599616097348691840","-427","85","-11"
"1844","599616097353569536","-442","103","-23"
"1845","599616097358447360","-448","132","-33"
"1846","599616097363325184","-439","161","-45"
"1847","599616097368203008","-406","170","-64"
"1848","599616097373080704","-374","171","-82"
"1849","599616097377958528","-312","167","-96"
"1850","599616097382836352","-249","161","-104"
"1851","599616097387714176","-201","148","-108"
"1852","599616097392591872","-115","128","-111"
"1853","599616097397469696","-53","104","-122"
"1854","599616097402347520","-11","90","-142"
"1855","599616097407225344","1","85","-187"
"1856","599616097412103040","6","56","-245"
"1857","599616097416980864","1","5","-259"
"1858","599616097421858688","-8","-37","-233"
"1859","599616097426736512","-21","-75","-102"
"1860","599616097431614336","-58","-79","59"
"1861","599616097436492032","-141","-46","252"
"1862","599616097441369856","-300","-7","405"
"1863","599616097446247680","-526","52","500"
"1864","599616097451125504","-825","119","594"
"1865","599616097456003200","-1237","216","724"
"1866","599616097460881024","-1950","386","838"
"1867","599616097465758848","-3640","793","1406"
"1868","599616097470636672","-6996","1781","572"
"1869","599616097475514368","-7992","2302","-1581"
"1870","599616097480392192","-5794","721","-1912"
"1871","599616097485270016","-3296","-668","-409"
"1872","599616097490147710","-2761","-688","101"
"1873","599616097495024640","-3060","-413","522"
"1874","599616097499901568","-3691","-240","633"
"1875","599616097504778496","-4076","51","488"
"1876","599616097509655424","-4087","351","346"
"1877","599616097514532480","-3965","514","100"
"1878","599616097519409408","-3755","588","-91"
"1879","599616097524286336","-3499","587","-101"
"1880","599616097529163264","-3229","554","94"
"1881","599616097534040192","-2968","490","363"
"1882","599616097538917120","-2737","456","508"
"1883","599616097543794048","-2521","371","543"
"1884","599616097548671104","-2290","252","510"
"1885","599616097553548032","-2039","145","460"
"1886","599616097558424960","-1807","53","390"
"1887","599616097563301888","-1624","-4","287"
"1888","599616097568178816","-1511","-13","167"
"1889","599616097573055744","-1431","15","5"
"1890","599616097577932672","-1352","76","-116"
"1891","599616097582809600","-1210","98","-168"
"1892","599616097587686656","-1014","119","-196"
"1893","599616097592563584","-813","112","-159"
"1894","599616097597440512","-591","90","-69"
"1895","599616097602317440","-400","80","-21"
"1896","599616097607194368","-222","66","-25"
"1897","599616097612071296","-67","46","-18"
"1898","599616097616948224","50","49","-12"
"1899","599616097621825280","170","54","-20"
"1900","599616097626702208","258","81","-36"
"1901","599616097631579136","346","93","-64"
"1902","599616097636456064","414","111","-95"
"1903","599616097641332992","484","125","-122"
"1904","599616097646209920","558","134","-125"
"1905","599616097651086848","647","145","-133"
"1906","599616097655963904","739","139","-141"
"1907","599616097660840832","717","176","-187"
"1908","599616097665717754","836","179","-220"
"1909","599616097670592128","903","174","-158"
"1910","599616097675466496","913","162","-155"
"1911","599616097680340992","822","139","-161"
"1912","599616097685215360","687","101","-149"
"1913","599616097690089728","541","69","-137"
"1914","599616097694964096","452","15","-114"
"1915","599616097699838592","354","-18","-61"
"1916","599616097704712960","260","-42","-20"
"1917","599616097709587328","184","-69","-3"
"1918","599616097714461696","100","-105","31"
"1919","599616097719336192","27","-136","79"
"1920","599616097724210560","-28","-144","87"
"1921","599616097729084928","-119","-145","85"
"1922","599616097733959424","-216","-142","73"
"1923","599616097738833792","-286","-134","50"
"1924","599616097743708160","-375","-111","28"
"1925","599616097748582528","-432","-78","13"
"1926","599616097753457024","-482","-46","0"
"1927","599616097758331392","-500","-29","-11"
"1928","599616097763205760","-531","-11","-19"
"1929","599616097768080128","-542","18","-28"
"1930","599616097772954624","-535","57","-41"
"1931","599616097777828992","-510","81","-57"
"1932","599616097782703360","-487","93","-70"
"1933","599616097787577856","-414","99","-68"
"1934","599616097792452224","-319","106","-64"
"1935","599616097797326592","-227","102","-45"
"1936","599616097802200960","-127","88","-31"
"1937","599616097807075456","-35","85","-21"
"1938","599616097811949824","12","87","-14"
"1939","599616097816824192","54","87","-22"
"1940","599616097821698560","95","80","-45"
"1941","599616097826573056","103","47","-91"
"1942","599616097831447424","70","9","-114"
"1943","599616097836321792","20","-6","-88"
"1944","599616097841196260","-32","3","-10"
"1945","599616097846072448","-137","45","104"
"1946","599616097850948608","-315","107","232"
"1947","599616097855824640","-589","191","385"
"1948","599616097860700800","-1035","284","539"
"1949","599616097865576832","-1779","537","794"
"1950","599616097870452992","-3359","1167","1473"
"1951","599616097875329024","-7583","2744","1387"
"1952","599616097880205184","-7965","1488","-1900"
"1953","599616097885081216","-5438","289","-1773"
"1954","599616097889957376","-2397","-21","11"
"1955","599616097894833408","-1965","-281","516"
"1956","599616097899709568","-3028","-479","698"
"1957","599616097904585600","-4422","-195","262"
"1958","599616097909461760","-5418","157","-171"
"1959","599616097914337792","-4469","336","-88"
"1960","599616097919213952","-3325","396","301"
"1961","599616097924089984","-3121","456","324"
"1962","599616097928966144","-3296","530","104"
"1963","599616097933842176","-3254","569","-14"
"1964","599616097938718336","-2907","514","77"
"1965","599616097943594368","-2484","457","234"
"1966","599616097948470528","-2181","377","293"
"1967","599616097953346560","-1988","259","318"
"1968","599616097958222720","-1833","161","288"
"1969","599616097963098880","-1689","69","231"
"1970","599616097967974912","-1541","1","177"
"1971","599616097972851072","-1396","-25","120"
"1972","599616097977727104","-1248","-33","90"
"1973","599616097982603264","-1132","-36","32"
"1974","599616097987479296","-1016","-31","-11"
"1975","599616097992355456","-911","-26","-27"
"1976","599616097997231488","-761","-16","-31"
"1977","599616098002107648","-595","3","-24"
"1978","599616098006983680","-450","24","-6"
"1979","599616098011859840","-295","49","6"
"1980","599616098016735816","-178","69","0"
"1981","599616098021612800","-48","69","-19"
"1982","599616098026489728","50","77","-58"
"1983","599616098031366656","206","85","-93"
"1984","599616098036243584","380","90","-99"
"1985","599616098041120640","513","102","-116"
"1986","599616098045997568","646","131","-114"
"1987","599616098050874496","781","137","-89"
"1988","599616098055751424","882","148","-74"
"1989","599616098060628352","963","163","-75"
"1990","599616098065505280","1011","168","-59"
"1991","599616098070382208","1049","163","-60"
"1992","599616098075259136","1026","147","-59"
"1993","599616098080136192","966","107","-63"
"1994","599616098085013120","824","82","-63"
"1995","599616098089890048","676","30","-62"
"1996","599616098094766976","533","-20","-47"
"1997","599616098099643904","440","-60","-28"
"1998","599616098104520832","327","-111","-16"
"1999","599616098109397760","233","-148","-8"
"2000","599616098114274816","141","-174","7"
"2001","599616098119151744","60","-206","27"
"2002","599616098124028672","-2","-215","35"
"2003","599616098128905600","-64","-200","32"
"2004","599616098133782528","-126","-162","16"
"2005","599616098138659456","-204","-139","-8"
"2006","599616098143536384","-241","-80","-17"
"2007","599616098148413312","-277","-36","-28"
"2008","599616098153290368","-336","3","-44"
"2009","599616098158167296","-382","58","-46"
"2010","599616098163044224","-410","104","-55"
"2011","599616098167921152","-436","160","-52"
"2012","599616098172798080","-437","197","-48"
"2013","599616098177675008","-430","214","-42"
"2014","599616098182551936","-409","224","-53"
"2015","599616098187428992","-384","234","-64"
"2016","599616098192305844","-332","250","-62"
"2017","599616098197183616","-250","255","-55"
"2018","599616098202061440","-202","248","-66"
"2019","599616098206939264","-130","233","-76"
"2020","599616098211816960","-66","213","-110"
"2021","599616098216694784","-15","178","-158"
"2022","599616098221572608","-6","104","-209"
"2023","599616098226450432","-15","38","-210"
"2024","599616098231328128","-58","-16","-104"
"2025","599616098236205952","-133","-39","66"
"2026","599616098241083776","-256","-56","283"
"2027","599616098245961600","-455","-40","502"
"2028","599616098250839296","-753","7","692"
"2029","599616098255717120","-1186","82","854"
"2030","599616098260594944","-1879","212","1005"
"2031","599616098265472768","-3346","604","1339"
"2032","599616098270350464","-6550","1433","1411"
"2033","599616098275228288","-7993","2211","-995"
"2034","599616098280106112","-6517","1090","-2417"
"2035","599616098284983936","-3233","-467","-101"
"2036","599616098289861760","-2396","-641","686"
"2037","599616098294739456","-3405","87","583"
"2038","599616098299617280","-4474","268","83"
"2039","599616098304495104","-4503","212","-193"
"2040","599616098309372928","-3694","319","331"
"2041","599616098314250624","-3232","418","520"
"2042","599616098319128448","-3211","480","419"
"2043","599616098324006272","-3193","552","284"
"2044","599616098328884096","-3063","584","290"
"2045","599616098333761792","-2844","558","388"
"2046","599616098338639616","-2563","474","457"
"2047","599616098343517440","-2313","388","465"
"2048","599616098348395264","-2083","264","405"
"2049","599616098353272960","-1862","184","353"
"2050","599616098358150784","-1621","96","279"
"2051","599616098363028608","-1433","23","243"
"2052","599616098367906426","-1256","-21","212"
"2053","599616098372781696","-1145","-39","148"
"2054","599616098377656960","-1047","-46","63"
"2055","599616098382532224","-966","-50","-31"
"2056","599616098387407488","-851","-54","-159"
"2057","599616098392282752","-720","-55","-243"
"2058","599616098397157888","-549","-68","-254"
"2059","599616098402033152","-399","-82","-232"
"2060","599616098406908416","-240","-96","-196"
"2061","599616098411783680","-88","-101","-163"
"2062","599616098416658944","-77","-76","-104"
"2063","599616098421534208","-16","-34","-176"
"2064","599616098426409472","151","-25","-214"
"2065","599616098431284736","306","-4","-191"
"2066","599616098436160000","493","10","-130"
"2067","599616098441035264","612","46","-77"
"2068","599616098445910400","736","82","-37"
"2069","599616098450785664","784","92","-11"
"2070","599616098455660928","816","107","4"
"2071","599616098460536192","833","133","3"
"2072","599616098465411456","819","142","-2"
"2073","599616098470286720","785","127","-21"
"2074","599616098475161984","730","109","-37"
"2075","599616098480037248","626","77","-40"
"2076","599616098484912512","518","23","-42"
"2077","599616098489787648","448","-24","-48"
"2078","599616098494662912","356","-52","-36"
"2079","599616098499538176","265","-84","-10"
"2080","599616098504413440","203","-104","38"
"2081","599616098509288704","122","-131","93"
"2082","599616098514163968","54","-143","125"
"2083","599616098519039232","3","-146","154"
"2084","599616098523914496","-45","-148","148"
"2085","599616098528789760","-110","-149","135"
"2086","599616098533665024","-168","-149","118"
"2087","599616098538540160","-223","-148","106"
"2088","599616098543415450","-246","-140","94"
"2089","599616098548294912","-281","-111","70"
"2090","599616098553174400","-301","-85","37"
"2091","599616098558053888","-303","-53","5"
"2092","599616098562933376","-300","-32","-24"
"2093","599616098567812864","-292","-14","-56"
"2094","599616098572692352","-273","20","-101"
"2095","599616098577571840","-249","72","-122"
"2096","599616098582451328","-232","103","-131"
"2097","599616098587330816","-188","159","-126"
"2098","599616098592210304","-117","184","-103"
"2099","599616098597089792","-53","190","-66"
"2100","599616098601969280","-4","182","-30"
"2101","599616098606848768","21","180","-20"
"2102","599616098611728256","52","177","-25"
"2103","599616098616607744","55","171","-37"
"2104","599616098621487232","31","155","-45"
"2105","599616098626366720","-2","116","-26"
"2106","599616098631246208","-56","95","17"
"2107","599616098636125696","-136","100","112"
"2108","599616098641005184","-252","144","210"
"2109","599616098645884672","-430","198","292"
"2110","599616098650764160","-625","247","371"
"2111","599616098655643648","-894","336","421"
"2112","599616098660523136","-1288","447","466"
"2113","599616098665402624","-1945","654","516"
"2114","599616098670282112","-3281","1040","695"
"2115","599616098675161600","-5955","1413","424"
"2116","599616098680041088","-7984","386","-708"
"2117","599616098684920576","-6640","-996","-1891"
"2118","599616098689800064","-3489","-1069","-566"
"2119","599616098694679552","-2134","-421","48"
"2120","599616098699559040","-2721","286","588"
"2121","599616098704438528","-3897","153","603"
"2122","599616098709318016","-4580","89","319"
"2123","599616098714197504","-4324","138","169"
"2124","599616098719077072","-3858","77","-28"
"2125","599616098723957504","-3732","-2","-309"
"2126","599616098728837888","-3764","-20","-489"
"2127","599616098733718144","-3639","2","-410"
"2128","599616098738598528","-3335","43","-187"
"2129","599616098743478912","-3037","84","-18"
"2130","599616098748359168","-2807","139","46"
"2131","599616098753239552","-2574","199","73"
"2132","599616098758119808","-2340","213","53"
"2133","599616098763000192","-2085","212","37"
"2134","599616098767880576","-1864","196","8"
"2135","599616098772760832","-1648","170","-23"
"2136","599616098777641216","-1481","119","-34"
"2137","599616098782521600","-1328","89","-35"
"2138","599616098787401856","-1204","85","-43"
"2139","599616098792282240","-1085","86","-51"
"2140","599616098797162496","-983","87","-27"
"2141","599616098802042880","-850","88","-9"
"2142","599616098806923264","-731","91","-11"
"2143","599616098811803520","-597","98","-2"
"2144","599616098816683904","-483","108","5"
"2145","599616098821564288","-358","115","-3"
"2146","599616098826444544","-236","104","-7"
"2147","599616098831324928","-132","99","-1"
"2148","599616098836205184","-35","87","15"
"2149","599616098841085568","-3","94","-9"
"2150","599616098845965952","132","86","-17"
"2151","599616098850846208","241","83","1"
"2152","599616098855726592","353","86","24"
"2153","599616098860606976","428","87","27"
"2154","599616098865487232","466","91","0"
"2155","599616098870367616","494","95","-26"
"2156","599616098875247872","562","97","-48"
"2157","599616098880128256","643","91","-59"
"2158","599616098885008640","723","88","-72"
"2159","599616098889888896","758","84","-82"
"2160","599616098894769172","764","81","-93"
"2161","599616098899647744","762","80","-99"
"2162","599616098904526336","719","76","-93"
"2163","599616098909405056","616","54","-100"
"2164","599616098914283648","515","18","-103"
"2165","599616098919162368","442","-14","-91"
"2166","599616098924040960","363","-26","-63"
"2167","599616098928919552","277","-36","-44"
"2168","599616098933798272","228","-42","-27"
"2169","599616098938676864","159","-42","-23"
"2170","599616098943555584","105","-37","-19"
"2171","599616098948434176","37","-30","-17"
"2172","599616098953312768","-4","-20","-19"
"2173","599616098958191488","-62","-6","-16"
"2174","599616098963070080","-125","18","-17"
"2175","599616098967948672","-199","38","-22"
"2176","599616098972827392","-244","74","-26"
"2177","599616098977705984","-290","85","-29"
"2178","599616098982584704","-340","88","-29"
"2179","599616098987463296","-373","94","-21"
"2180","599616098992341888","-378","100","-22"
"2181","599616098997220608","-369","110","-19"
"2182","599616099002099200","-333","118","-18"
"2183","599616099006977920","-290","105","-9"
"2184","599616099011856512","-246","98","5"
"2185","599616099016735104","-225","91","12"
"2186","599616099021613824","-187","85","0"
"2187","599616099026492416","-126","73","-27"
"2188","599616099031371136","-118","36","-106"
"2189","599616099036249728","-124","-7","-213"
"2190","599616099041128320","-173","-32","-261"
"2191","599616099046007040","-207","-52","-252"
"2192","599616099050885632","-227","-81","-148"
"2193","599616099055764224","-256","-101","16"
"2194","599616099060642944","-374","-114","209"
"2195","599616099065521536","-526","-117","420"
"2196","599616099070400278","-777","-126","593"
"2197","599616099075281408","-1167","-138","741"
"2198","599616099080162560","-1946","-107","989"
"2199","599616099085043840","-3834","8","1488"
"2200","599616099089924992","-7472","350","1853"
"2201","599616099094806144","-7970","1366","-2775"
"2202","599616099099687296","-5375","379","-2138"
"2203","599616099104568576","-2844","-390","-162"
"2204","599616099109449728","-3048","-76","662"
"2205","599616099114330880","-3709","-62","835"
"2206","599616099119212032","-4232","248","321"
"2207","599616099124093312","-4132","534","168"
"2208","599616099128974464","-3698","634","218"
"2209","599616099133855616","-3350","722","-5"
"2210","599616099138736768","-3128","847","-159"
"2211","599616099143618048","-2930","954","-69"
"2212","599616099148499200","-2705","959","129"
"2213","599616099153380352","-2551","881","292"
"2214","599616099158261504","-2490","729","362"
"2215","599616099163142784","-2392","565","360"
"2216","599616099168023936","-2173","447","339"
"2217","599616099172905088","-1925","345","269"
"2218","599616099177786240","-1685","234","206"
"2219","599616099182667520","-1484","155","155"
"2220","599616099187548672","-1302","64","140"
"2221","599616099192429824","-1173","-2","131"
"2222","599616099197310976","-1076","-29","106"
"2223","599616099202192256","-1001","-47","44"
"2224","599616099207073408","-934","-62","-10"
"2225","599616099211954560","-812","-81","-28"
"2226","599616099216835712","-680","-94","-36"
"2227","599616099221716992","-522","-100","-42"
"2228","599616099226598144","-378","-98","-47"
"2229","599616099231479296","-217","-93","-52"
"2230","599616099236360448","-73","-86","-48"
"2231","599616099241241728","40","-65","-56"
"2232","599616099246122916","174","-36","-99"
"2233","599616099250999040","322","-22","-119"
"2234","599616099255875200","460","13","-137"
"2235","599616099260751232","583","50","-145"
"2236","599616099265627392","708","85","-168"
"2237","599616099270503424","819","99","-210"
"2238","599616099275379584","932","116","-237"
"2239","599616099280255616","1005","139","-253"
"2240","599616099285131776","1088","148","-258"
"2241","599616099290007808","1119","161","-257"
"2242","599616099294883968","1072","167","-244"
"2243","599616099299760000","946","158","-249"
"2244","599616099304636160","782","128","-250"
"2245","599616099309512192","616","76","-223"
"2246","599616099314388352","488","9","-161"
"2247","599616099319264384","380","-26","-119"
"2248","599616099324140544","261","-57","-65"
"2249","599616099329016576","154","-91","-30"
"2250","599616099333892736","46","-117","-12"
"2251","599616099338768768","-35","-137","3"
"2252","599616099343644928","-137","-137","4"
"2253","599616099348520960","-228","-123","8"
"2254","599616099353397120","-302","-97","8"
"2255","599616099358273152","-384","-69","15"
"2256","599616099363149312","-451","-34","20"
"2257","599616099368025344","-493","-18","33"
"2258","599616099372901504","-539","12","55"
"2259","599616099377777664","-603","47","91"
"2260","599616099382653696","-638","78","112"
"2261","599616099387529856","-691","85","129"
"2262","599616099392405888","-699","87","138"
"2263","599616099397282048","-688","88","146"
"2264","599616099402158080","-638","87","146"
"2265","599616099407034240","-592","89","135"
"2266","599616099411910272","-509","89","117"
"2267","599616099416786432","-430","90","101"
"2268","599616099421662464","-313","89","87"
"2269","599616099426540288","-219","85","63"
"2270","599616099431418112","-114","88","33"
"2271","599616099436295936","-25","89","-4"
"2272","599616099441173632","31","88","-56"
"2273","599616099446051456","97","82","-155"
"2274","599616099450929280","120","73","-266"
"2275","599616099455807104","129","50","-374"
"2276","599616099460684800","120","3","-399"
"2277","599616099465562624","72","-22","-316"
"2278","599616099470440448","-21","-38","-154"
"2279","599616099475318272","-162","-47","72"
"2280","599616099480195968","-350","-53","343"
"2281","599616099485073792","-594","-37","669"
"2282","599616099489951616","-875","5","1067"
"2283","599616099494829440","-1255","116","1415"
"2284","599616099499707136","-2125","383","1895"
"2285","599616099504584960","-4904","471","2426"
"2286","599616099509462784","-7927","549","264"
"2287","599616099514340608","-7759","830","-4033"
"2288","599616099519218304","-4651","24","-904"
"2289","599616099524096128","-3691","43","965"
"2290","599616099528973952","-3430","-235","1225"
"2291","599616099533851776","-3578","-66","1004"
"2292","599616099538729472","-3616","243","655"
"2293","599616099543607296","-3780","654","515"
"2294","599616099548485120","-3873","907","188"
"2295","599616099553362944","-3660","957","164"
"2296","599616099558240768","-3406","917","411"
"2297","599616099563118464","-3140","836","588"
"2298","599616099567996288","-2892","741","624"
"2299","599616099572874112","-2666","666","543"
"2300","599616099577751936","-2493","588","414"
"2301","599616099582629632","-2332","484","272"
"2302","599616099587507456","-2101","348","226"
"2303","599616099592385280","-1846","210","230"
"2304","599616099597263020","-1624","119","233"
"2305","599616099602137344","-1515","65","216"
"2306","599616099607011712","-1497","16","129"
"2307","599616099611886208","-1453","-21","-11"
"2308","599616099616760576","-1396","-59","-119"
"2309","599616099621634944","-1300","-130","-190"
"2310","599616099626509312","-1128","-183","-179"
"2311","599616099631383808","-914","-226","-135"
"2312","599616099636258176","-670","-230","-49"
"2313","599616099641132544","-454","-204","-40"
"2314","599616099646006912","-274","-161","-80"
"2315","599616099650881408","-113","-136","-86"
"2316","599616099655755776","39","-102","-41"
"2317","599616099660630144","184","-83","-18"
"2318","599616099665504640","326","-69","-28"
"2319","599616099670379008","474","-70","-54"
"2320","599616099675253376","522","-41","-127"
"2321","599616099680127744","674","-26","-203"
"2322","599616099685002240","844","-9","-205"
"2323","599616099689876608","1029","19","-191"
"2324","599616099694750976","1208","34","-150"
"2325","599616099699625344","1270","61","-153"
"2326","599616099704499840","1247","87","-191"
"2327","599616099709374208","1152","116","-216"
"2328","599616099714248576","1010","147","-209"
"2329","599616099719122944","854","165","-166"
"2330","599616099723997440","680","161","-122"
"2331","599616099728871808","520","135","-53"
"2332","599616099733746176","413","92","4"
"2333","599616099738620672","276","66","79"
"2334","599616099743495040","161","18","119"
"2335","599616099748369408","49","-3","163"
"2336","599616099753243776","-23","-18","184"
"2337","599616099758118272","-100","-22","194"
"2338","599616099762992640","-193","-22","163"
"2339","599616099767867008","-259","-14","139"
"2340","599616099772741516","-336","-1","138"
"2341","599616099777616768","-385","12","135"
"2342","599616099782492032","-445","26","121"
"2343","599616099787367296","-487","38","106"
"2344","599616099792242560","-510","48","83"
"2345","599616099797117824","-549","49","44"
"2346","599616099801992960","-575","44","3"
"2347","599616099806868224","-569","42","-19"
"2348","599616099811743488","-532","36","-50"
"2349","599616099816618752","-493","27","-94"
"2350","599616099821494016","-436","10","-125"
"2351","599616099826369280","-354","-5","-139"
"2352","599616099831244544","-258","-19","-146"
"2353","599616099836119808","-183","-29","-145"
"2354","599616099840995072","-94","-44","-138"
"2355","599616099845870336","-27","-59","-135"
"2356","599616099850745472","6","-73","-135"
"2357","599616099855620736","33","-77","-139"
"2358","599616099860496000","64","-78","-144"
"2359","599616099865371264","105","-72","-142"
"2360","599616099870246528","119","-63","-132"
"2361","599616099875121792","131","-39","-94"
"2362","599616099879997056","126","-20","-61"
"2363","599616099884872320","118","7","-78"
"2364","599616099889747584","66","30","-113"
"2365","599616099894622848","-2","30","-144"
"2366","599616099899497984","-82","32","-153"
"2367","599616099904373248","-161","32","-115"
"2368","599616099909248512","-279","41","-19"
"2369","599616099914123776","-463","63","134"
"2370","599616099918999040","-719","82","270"
"2371","599616099923874304","-1079","87","386"
"2372","599616099928749568","-1699","81","505"
"2373","599616099933624832","-3390","83","1127"
"2374","599616099938500096","-7476","578","1635"
"2375","599616099943375232","-7980","2925","-2404"
"2376","599616099948250544","-5245","2200","-1873"
"2377","599616099953124864","-1868","518","163"
"2378","599616099957999232","-2413","-1537","357"
"2379","599616099962873728","-4751","-1503","-600"
"2380","599616099967748096","-6335","-261","-1649"
"2381","599616099972622464","-5627","27","-1248"
"2382","599616099977496832","-4431","77","-129"
"2383","599616099982371328","-3930","418","373"
"2384","599616099987245696","-4007","862","392"
"2385","599616099992120064","-4095","1110","304"
"2386","599616099996994432","-3883","1182","290"
"2387","599616100001868928","-3434","1099","375"
"2388","599616100006743296","-2964","954","402"
"2389","599616100011617664","-2636","760","322"
"2390","599616100016492160","-2376","515","243"
"2391","599616100021366528","-2093","341","200"
"2392","599616100026240896","-1880","221","95"
"2393","599616100031115264","-1684","141","-24"
"2394","599616100035989760","-1576","100","-267"
"2395","599616100040864128","-1564","93","-370"
"2396","599616100045738496","-1511","92","-345"
"2397","599616100050612864","-1396","89","-328"
"2398","599616100055487360","-1165","82","-117"
"2399","599616100060361728","-959","23","-40"
"2400","599616100065236096","-709","-34","15"
"2401","599616100070110464","-521","-57","66"
"2402","599616100074984960","-312","-80","-5"
"2403","599616100079859328","-132","-96","-107"
"2404","599616100084733696","59","-96","-143"
"2405","599616100089608192","227","-86","-75"
"2406","599616100094482560","354","-96","-19"
"2407","599616100099356928","463","-116","-16"
"2408","599616100104231296","568","-119","-47"
"2409","599616100109105792","726","-91","-106"
"2410","599616100113980160","941","-71","-132"
"2411","599616100118854528","1183","-41","-115"
"2412","599616100123729034","1422","-8","-62"
"2413","599616100128606848","1548","72","-33"
"2414","599616100133484672","1594","163","-45"
"2415","599616100138362496","1518","223","-54"
"2416","599616100143240192","1331","272","-32"
"2417","599616100148118016","1061","297","-13"
"2418","599616100152995840","793","298","24"
"2419","599616100157873664","554","251","65"
"2420","599616100162751360","379","201","102"
"2421","599616100167629184","197","120","124"
"2422","599616100172507008","43","65","177"
"2423","599616100177384832","-56","17","191"
"2424","599616100182262528","-134","-7","185"
"2425","599616100187140352","-205","-17","184"
"2426","599616100192018176","-242","-18","178"
"2427","599616100196896000","-271","-11","181"
"2428","599616100201773696","-324","5","152"
"2429","599616100206651520","-381","19","108"
"2430","599616100211529344","-431","30","61"
"2431","599616100216407168","-472","49","24"
"2432","599616100221284992","-490","54","-8"
"2433","599616100226162688","-493","59","-30"
"2434","599616100231040512","-492","57","-59"
"2435","599616100235918336","-484","58","-83"
"2436","599616100240796160","-429","44","-120"
"2437","599616100245673856","-366","32","-132"
"2438","599616100250551680","-274","26","-139"
"2439","599616100255429504","-223","19","-146"
"2440","599616100260307328","-164","6","-175"
"2441","599616100265185024","-118","2","-204"
"2442","599616100270062848","-78","-9","-231"
"2443","599616100274940672","-42","-16","-253"
"2444","599616100279818496","-18","-13","-278"
"2445","599616100284696192","-1","-9","-315"
"2446","599616100289574016","19","3","-318"
"2447","599616100294451840","52","5","-281"
"2448","599616100299329610","84","10","-251"
"2449","599616100304205824","100","22","-193"
"2450","599616100309081984","80","24","-108"
"2451","599616100313958016","63","36","-30"
"2452","599616100318834176","26","80","10"
"2453","599616100323710208","-6","95","14"
"2454","599616100328586368","-94","113","-3"
"2455","599616100333462400","-242","100","-11"
"2456","599616100338338560","-396","83","-30"
"2457","599616100343214592","-498","23","-23"
"2458","599616100348090752","-663","-20","10"
"2459","599616100352966784","-968","-29","157"
"2460","599616100357842944","-1442","-40","428"
"2461","599616100362718976","-2230","-90","894"
"2462","599616100367595136","-3971","-644","1106"
"2463","599616100372471168","-7577","-244","932"
"2464","599616100377347328","-7959","2959","-3468"
"2465","599616100382223360","-5170","2760","-2119"
"2466","599616100387099520","-2571","238","-42"
"2467","599616100391975552","-2975","-1870","74"
"2468","599616100396851712","-4538","-1584","-740"
"2469","599616100401727744","-5585","-340","-1438"
"2470","599616100406603904","-5043","-27","-828"
"2471","599616100411479936","-4335","1","-211"
"2472","599616100416356096","-3943","292","-26"
"2473","599616100421232128","-3758","645","30"
"2474","599616100426108288","-3678","829","228"
"2475","599616100430984448","-3545","760","465"
"2476","599616100435860480","-3286","577","578"
"2477","599616100440736640","-2920","441","512"
"2478","599616100445612672","-2539","319","318"
"2479","599616100450488832","-2230","190","86"
"2480","599616100455364864","-1964","49","-11"
"2481","599616100460241024","-1605","-44","98"
"2482","599616100465117056","-1317","-96","-37"
"2483","599616100469993216","-1325","-144","-263"
"2484","599616100474869162","-1373","-137","-404"
"2485","599616100479747712","-1368","-57","-489"
"2486","599616100484626304","-1292","-9","-343"
"2487","599616100489505024","-1179","3","-214"
"2488","599616100494383616","-1003","-34","-232"
"2489","599616100499262336","-786","-107","-240"
"2490","599616100504140928","-526","-169","-220"
"2491","599616100509019520","-431","-147","-316"
"2492","599616100513898240","-299","-156","-389"
"2493","599616100518776832","-73","-131","-373"
"2494","599616100523655424","164","-125","-265"
"2495","599616100528534144","373","-103","-157"
"2496","599616100533412736","530","-65","-36"
"2497","599616100538291456","647","-40","29"
"2498","599616100543170048","759","-27","90"
"2499","599616100548048640","889","-5","103"
"2500","599616100552927360","1023","51","119"
"2501","599616100557805952","1157","134","101"
"2502","599616100562684672","1232","231","79"
"2503","599616100567563264","1232","363","70"
"2504","599616100572441856","1157","462","51"
"2505","599616100577320576","1009","522","36"
"2506","599616100582199168","838","542","35"
"2507","599616100587077760","652","490","51"
"2508","599616100591956480","485","421","56"
"2509","599616100596835072","342","313","75"
"2510","599616100601713792","201","200","84"
"2511","599616100606592384","59","100","102"
"2512","599616100611470976","-59","34","153"
"2513","599616100616349696","-169","-19","188"
"2514","599616100621228288","-240","-42","197"
"2515","599616100626107008","-269","-68","170"
"2516","599616100630985600","-299","-80","114"
"2517","599616100635864192","-320","-76","78"
"2518","599616100640742912","-343","-61","24"
"2519","599616100645621504","-355","-40","-14"
"2520","599616100650500246","-353","-23","-30"
"2521","599616100655378048","-368","2","-57"
"2522","599616100660255872","-376","32","-77"
"2523","599616100665133696","-364","73","-103"
"2524","599616100670011392","-318","86","-124"
"2525","599616100674889216","-289","98","-147"
"2526","599616100679767040","-246","112","-185"
"2527","599616100684644864","-220","128","-208"
"2528","599616100689522560","-174","118","-219"
"2529","599616100694400384","-121","100","-218"
"2530","599616100699278208","-89","88","-197"
"2531","599616100704156032","-48","77","-172"
"2532","599616100709033728","-14","61","-152"
"2533","599616100713911552","7","57","-147"
"2534","599616100718789376","38","51","-152"
"2535","599616100723667200","78","51","-151"
"2536","599616100728544896","114","54","-134"
"2537","599616100733422720","126","60","-108"
"2538","599616100738300544","133","67","-53"
"2539","599616100743178368","127","77","-17"
"2540","599616100748056064","121","89","28"
"2541","599616100752933888","116","130","46"
"2542","599616100757811712","82","188","0"
"2543","599616100762689536","1","195","-55"
"2544","599616100767567232","-130","145","-115"
"2545","599616100772445056","-252","89","-139"
"2546","599616100777322880","-342","37","-150"
"2547","599616100782200704","-431","-16","-73"
"2548","599616100787078528","-610","-40","101"
"2549","599616100791956224","-970","-65","332"
"2550","599616100796834048","-1549","-101","506"
"2551","599616100801711872","-2472","-81","778"
"2552","599616100806589696","-5523","-162","1920"
"2553","599616100811467392","-7993","1116","-705"
"2554","599616100816345216","-7644","849","-5000"
"2555","599616100821223040","-4080","113","-1413"
"2556","599616100826100808","-1904","-174","476"
"2557","599616100830978688","-1805","-667","945"
"2558","599616100835856512","-2996","29","1167"
"2559","599616100840734336","-4785","705","35"
"2560","599616100845612032","-5750","567","-1081"
"2561","599616100850489856","-4469","355","-277"
"2562","599616100855367680","-2978","320","623"
"2563","599616100860245504","-2602","208","732"
"2564","599616100865123200","-3028","30","449"
"2565","599616100870001024","-3475","-196","82"
"2566","599616100874878848","-3377","-388","-64"
"2567","599616100879756672","-2892","-472","-16"
"2568","599616100884634368","-2422","-476","90"
"2569","599616100889512192","-2099","-418","176"
"2570","599616100894390016","-1926","-308","98"
"2571","599616100899267840","-1750","-189","-36"
"2572","599616100904145536","-1560","-101","-175"
"2573","599616100909023360","-1373","-53","-158"
"2574","599616100913901184","-1179","-40","-112"
"2575","599616100918779008","-1021","-34","-146"
"2576","599616100923656704","-914","-31","-135"
"2577","599616100928534528","-796","-33","-90"
"2578","599616100933412352","-693","-27","-50"
"2579","599616100938290176","-540","-23","7"
"2580","599616100943168000","-457","10","50"
"2581","599616100948045696","-343","63","82"
"2582","599616100952923520","-204","120","87"
"2583","599616100957801344","-80","172","92"
"2584","599616100962679168","0","199","84"
"2585","599616100967556864","61","212","100"
"2586","599616100972434688","108","223","100"
"2587","599616100977312512","194","231","123"
"2588","599616100982190336","240","227","162"
"2589","599616100987068032","276","239","157"
"2590","599616100991945856","318","262","119"
"2591","599616100996823680","379","310","95"
"2592","599616101001701380","427","356","70"
"2593","599616101006578304","474","394","46"
"2594","599616101011455232","490","433","35"
"2595","599616101016332160","489","455","26"
"2596","599616101021209088","467","461","18"
"2597","599616101026086144","418","445","8"
"2598","599616101030963072","378","383","-5"
"2599","599616101035840000","320","309","-12"
"2600","599616101040716928","277","220","-12"
"2601","599616101045593856","243","134","-3"
"2602","599616101050470784","219","50","31"
"2603","599616101055347712","176","-24","69"
"2604","599616101060224768","128","-88","92"
"2605","599616101065101696","113","-154","97"
"2606","599616101069978624","91","-213","99"
"2607","599616101074855552","57","-255","93"
"2608","599616101079732480","30","-270","77"
"2609","599616101084609408","10","-272","52"
"2610","599616101089486336","-1","-270","18"
"2611","599616101094363264","-16","-261","-12"
"2612","599616101099240320","-38","-229","-39"
"2613","599616101104117248","-64","-172","-74"
"2614","599616101108994176","-106","-143","-113"
"2615","599616101113871104","-118","-101","-126"
"2616","599616101118748032","-132","-56","-134"
"2617","599616101123624960","-154","-31","-147"
"2618","599616101128501888","-160","-6","-167"
"2619","599616101133378944","-143","35","-183"
"2620","599616101138255872","-121","74","-198"
"2621","599616101143132800","-104","89","-210"
"2622","599616101148009728","-61","91","-214"
"2623","599616101152886656","-20","93","-213"
"2624","599616101157763584","-1","89","-210"
"2625","599616101162640512","16","86","-211"
"2626","599616101167517568","45","80","-178"
"2627","599616101172394496","83","78","-133"
"2628","599616101177271424","110","86","-125"
"2629","599616101182149248","113","91","-156"
"2630","599616101187027072","67","89","-250"
"2631","599616101191904896","4","40","-309"
"2632","599616101196782592","-21","-10","-297"
"2633","599616101201660416","-52","-14","-182"
"2634","599616101206538240","-140","13","14"
"2635","599616101211416064","-334","72","215"
"2636","599616101216293760","-633","141","404"
"2637","599616101221171584","-1114","176","511"
"2638","599616101226049408","-1982","333","731"
"2639","599616101230927232","-5145","1493","1912"
"2640","599616101235804928","-7993","2048","280"
"2641","599616101240682752","-7712","1047","-5443"
"2642","599616101245560576","-3631","859","-1236"
"2643","599616101250438400","-1371","-220","401"
"2644","599616101255316096","-2187","-971","872"
"2645","599616101260193920","-3359","-843","855"
"2646","599616101265071744","-5325","-68","-367"
"2647","599616101269949568","-6194","200","-1417"
"2648","599616101274827392","-4662","210","-584"
"2649","599616101279705088","-3251","370","469"
"2650","599616101284582912","-2974","373","643"
"2651","599616101289460736","-3261","306","288"
"2652","599616101294338560","-3488","208","64"
"2653","599616101299216256","-3445","83","7"
"2654","599616101304094080","-3194","-25","-11"
"2655","599616101308971904","-2884","-90","-18"
"2656","599616101313849728","-2589","-140","10"
"2657","599616101318727424","-2345","-147","54"
"2658","599616101323605248","-2138","-157","52"
"2659","599616101328483072","-1955","-150","5"
"2660","599616101333360896","-1766","-97","-31"
"2661","599616101338238592","-1552","-34","-72"
"2662","599616101343116416","-1413","30","-146"
"2663","599616101347994240","-1288","104","-136"
"2664","599616101352872006","-1157","173","-152"
"2665","599616101357748992","-1015","208","-247"
"2666","599616101362625920","-872","215","-222"
"2667","599616101367502848","-689","215","-109"
"2668","599616101372379776","-497","219","-53"
"2669","599616101377256832","-300","246","-24"
"2670","599616101382133760","-112","251","24"
"2671","599616101387010688","-6","253","57"
"2672","599616101391887616","87","256","35"
"2673","599616101396764544","208","251","18"
"2674","599616101401641472","325","250","-1"
"2675","599616101406518400","465","244","-13"
"2676","599616101411395456","561","242","-26"
"2677","599616101416272384","680","237","-47"
"2678","599616101421149312","776","228","-52"
"2679","599616101426026240","866","214","-62"
"2680","599616101430903168","919","211","-74"
"2681","599616101435780096","945","207","-59"
"2682","599616101440657024","904","196","-53"
"2683","599616101445533952","838","171","-54"
"2684","599616101450411008","794","104","-103"
"2685","599616101455287936","646","84","-57"
"2686","599616101460164864","574","15","-58"
"2687","599616101465041792","492","-33","-65"
"2688","599616101469918720","422","-85","-64"
"2689","599616101474795648","362","-142","-44"
"2690","599616101479672576","282","-192","-26"
"2691","599616101484549632","236","-233","-11"
"2692","599616101489426560","184","-250","13"
"2693","599616101494303488","119","-259","40"
"2694","599616101499180416","73","-252","60"
"2695","599616101504057344","20","-232","65"
"2696","599616101508934272","-3","-213","46"
"2697","599616101513811200","-37","-164","19"
"2698","599616101518688256","-94","-139","-7"
"2699","599616101523565184","-143","-99","-24"
"2700","599616101528442050","-211","-63","-43"
"2701","599616101533316480","-245","-41","-67"
"2702","599616101538190848","-305","-30","-99"
"2703","599616101543065344","-371","-22","-122"
"2704","599616101547939712","-390","-14","-131"
"2705","599616101552814080","-413","0","-137"
"2706","599616101557688448","-409","16","-139"
"2707","599616101562562944","-390","47","-141"
"2708","599616101567437312","-380","75","-159"
"2709","599616101572311680","-318","89","-149"
"2710","599616101577186048","-251","101","-152"
"2711","599616101582060544","-202","118","-140"
"2712","599616101586934912","-117","144","-125"
"2713","599616101591809280","-42","159","-117"
"2714","599616101596683776","9","179","-104"
"2715","599616101601558144","58","189","-83"
"2716","599616101606432512","116","189","-55"
"2717","599616101611306880","174","186","-25"
"2718","599616101616181376","218","187","-5"
"2719","599616101621055744","235","179","-25"
"2720","599616101625930112","194","146","-131"
"2721","599616101630804480","85","79","-232"
"2722","599616101635678976","14","15","-237"
"2723","599616101640553344","0","-11","-152"
"2724","599616101645427712","-46","9","-4"
"2725","599616101650302208","-188","48","217"
"2726","599616101655176576","-421","82","465"
"2727","599616101660050944","-757","85","654"
"2728","599616101664925312","-1242","90","716"
"2729","599616101669799808","-2172","167","799"
"2730","599616101674674176","-4528","675","994"
"2731","599616101679548544","-7911","2790","1242"
"2732","599616101684422912","-7965","2087","-3866"
"2733","599616101689297408","-5086","606","-2258"
"2734","599616101694171776","-2440","-324","-330"
"2735","599616101699046144","-2148","-863","293"
"2736","599616101703920556","-3312","-412","615"
"2737","599616101708796672","-5373","-116","-26"
"2738","599616101713672832","-5616","-47","-192"
"2739","599616101718548864","-4307","113","134"
"2740","599616101723425024","-3499","363","173"
"2741","599616101728301056","-3583","541","-102"
"2742","599616101733177216","-3905","666","-232"
"2743","599616101738053248","-3952","721","-34"
"2744","599616101742929408","-3655","673","230"
"2745","599616101747805440","-3268","578","362"
"2746","599616101752681600","-2949","476","407"
"2747","599616101757557632","-2710","425","436"
"2748","599616101762433792","-2532","358","426"
"2749","599616101767309824","-2372","341","390"
"2750","599616101772185984","-2188","337","333"
"2751","599616101777062016","-2009","346","232"
"2752","599616101781938176","-1829","347","117"
"2753","599616101786814208","-1649","343","7"
"2754","599616101791690368","-1494","299","-88"
"2755","599616101796566400","-1313","247","-151"
"2756","599616101801442560","-1093","210","-200"
"2757","599616101806318592","-872","188","-198"
"2758","599616101811194752","-666","178","-159"
"2759","599616101816070784","-455","194","-124"
"2760","599616101820946944","-257","197","-90"
"2761","599616101825823104","-93","189","-54"
"2762","599616101830699136","-6","175","-30"
"2763","599616101835575296","45","184","-50"
"2764","599616101840451328","158","164","-52"
"2765","599616101845327488","260","152","-100"
"2766","599616101850203520","381","135","-151"
"2767","599616101855079680","481","120","-204"
"2768","599616101859955712","569","139","-232"
"2769","599616101864831872","718","139","-230"
"2770","599616101869707904","813","139","-227"
"2771","599616101874584064","884","133","-209"
"2772","599616101879460112","891","115","-198"
"2773","599616101884334464","880","101","-177"
"2774","599616101889208832","843","91","-155"
"2775","599616101894083328","801","87","-153"
"2776","599616101898957696","764","71","-151"
"2777","599616101903832064","714","30","-150"
"2778","599616101908706432","616","-1","-153"
"2779","599616101913580928","521","-21","-138"
"2780","599616101918455296","457","-29","-119"
"2781","599616101923329664","357","-36","-69"
"2782","599616101928204032","258","-43","-27"
"2783","599616101933078528","162","-52","0"
"2784","599616101937952896","61","-61","32"
"2785","599616101942827264","-17","-65","50"
"2786","599616101947701632","-101","-60","65"
"2787","599616101952576128","-186","-47","64"
"2788","599616101957450496","-250","-35","44"
"2789","599616101962324864","-334","-27","19"
"2790","599616101967199360","-401","-21","-8"
"2791","599616101972073728","-468","-10","-22"
"2792","599616101976948096","-506","-3","-37"
"2793","599616101981822464","-561","10","-60"
"2794","599616101986696960","-611","20","-78"
"2795","599616101991571328","-619","35","-116"
"2796","599616101996445696","-615","63","-134"
"2797","599616102001320064","-588","83","-162"
"2798","599616102006194560","-520","91","-189"
"2799","599616102011068928","-459","110","-202"
"2800","599616102015943296","-360","134","-197"
"2801","599616102020817664","-256","145","-180"
"2802","599616102025692160","-175","145","-170"
"2803","599616102030566528","-88","136","-165"
"2804","599616102035440896","-16","121","-169"
"2805","599616102040315392","32","106","-160"
"2806","599616102045189760","102","93","-147"
"2807","599616102050064128","161","89","-143"
"2808","599616102054938592","222","86","-140"
"2809","599616102059812224","246","86","-147"
"2810","599616102064685824","267","88","-156"
"2811","599616102069559296","286","89","-182"
"2812","599616102074432896","280","88","-237"
"2813","599616102079306496","248","37","-285"
"2814","599616102084179968","200","-24","-336"
"2815","599616102089053568","113","-62","-280"
"2816","599616102093927168","41","-77","-113"
"2817","599616102098800640","-8","-83","86"
"2818","599616102103674240","-135","-93","267"
"2819","599616102108547840","-383","-83","359"
"2820","599616102113421312","-820","-51","365"
"2821","599616102118294912","-1555","-19","458"
"2822","599616102123168512","-2937","225","970"
"2823","599616102128041984","-6408","1333","2098"
"2824","599616102132915584","-7993","2381","-1341"
"2825","599616102137789056","-7148","1576","-4044"
"2826","599616102142662656","-2620","655","-153"
"2827","599616102147536256","-1045","-18","526"
"2828","599616102152409728","-1581","-400","1283"
"2829","599616102157283328","-3242","-150","1068"
"2830","599616102162156928","-5810","4","-230"
"2831","599616102167030400","-6023","208","-674"
"2832","599616102171904000","-4294","510","-62"
"2833","599616102176777600","-3204","733","432"
"2834","599616102181651072","-3141","829","348"
"2835","599616102186524672","-3376","796","145"
"2836","599616102191398272","-3434","737","190"
"2837","599616102196271744","-3286","664","348"
"2838","599616102201145344","-3041","578","462"
"2839","599616102206018944","-2798","499","513"
"2840","599616102210892416","-2572","460","568"
"2841","599616102215766016","-2394","446","518"
"2842","599616102220639616","-2177","422","431"
"2843","599616102225513088","-1970","377","282"
"2844","599616102230386600","-1767","320","140"
"2845","599616102235262720","-1561","228","8"
"2846","599616102240138880","-1371","171","-61"
"2847","599616102245014912","-1163","97","-92"
"2848","599616102249891072","-962","66","-81"
"2849","599616102254767104","-781","42","-110"
"2850","599616102259643264","-624","46","-133"
"2851","599616102264519296","-491","73","-97"
"2852","599616102269395456","-356","81","-49"
"2853","599616102274271488","-228","72","-32"
"2854","599616102279147648","-121","62","-11"
"2855","599616102284023680","-36","47","1"
"2856","599616102288899840","62","43","-3"
"2857","599616102293775872","201","28","-14"
"2858","599616102298652032","362","19","-30"
"2859","599616102303528064","492","24","-50"
"2860","599616102308404224","607","57","-115"
"2861","599616102313280256","750","69","-144"
"2862","599616102318156416","809","75","-180"
"2863","599616102323032448","854","82","-220"
"2864","599616102327908608","888","87","-231"
"2865","599616102332784640","911","86","-215"
"2866","599616102337660800","907","88","-157"
"2867","599616102342536832","885","85","-133"
"2868","599616102347412992","830","77","-121"
"2869","599616102352289024","754","50","-93"
"2870","599616102357165184","650","13","-54"
"2871","599616102362041216","525","-16","-53"
"2872","599616102366917376","438","-33","-32"
"2873","599616102371793408","321","-48","-27"
"2874","599616102376669568","220","-64","-30"
"2875","599616102381545600","123","-74","-23"
"2876","599616102386421760","44","-71","-7"
"2877","599616102391297920","0","-67","19"
"2878","599616102396173952","-37","-51","33"
"2879","599616102401050112","-81","-37","37"
"2880","599616102405926130","-118","-25","13"
"2881","599616102410802304","-168","-14","-16"
"2882","599616102415678464","-219","16","-57"
"2883","599616102420554496","-250","55","-127"
"2884","599616102425430656","-290","84","-168"
"2885","599616102430306688","-333","97","-200"
"2886","599616102435182848","-361","115","-200"
"2887","599616102440058880","-356","120","-169"
"2888","599616102444935040","-326","133","-137"
"2889","599616102449811072","-302","138","-98"
"2890","599616102454687232","-270","139","-60"
"2891","599616102459563264","-242","137","-36"
"2892","599616102464439424","-215","132","-21"
"2893","599616102469315456","-149","116","-18"
"2894","599616102474191616","-95","106","-19"
"2895","599616102479067648","-32","96","-11"
"2896","599616102483943808","4","92","-3"
"2897","599616102488819840","33","88","15"
"2898","599616102493696000","69","88","6"
"2899","599616102498572032","76","55","-38"
"2900","599616102503448192","34","6","-172"
"2901","599616102508324224","-13","-32","-289"
"2902","599616102513200384","-62","-67","-383"
"2903","599616102518076416","-83","-104","-338"
"2904","599616102522952576","-98","-116","-213"
"2905","599616102527828608","-136","-104","-55"
"2906","599616102532704768","-246","-91","68"
"2907","599616102537580800","-416","-75","192"
"2908","599616102542456960","-625","-51","289"
"2909","599616102547332992","-948","7","409"
"2910","599616102552209152","-1478","111","605"
"2911","599616102557085312","-2413","201","929"
"2912","599616102561961344","-4266","333","1244"
"2913","599616102566837504","-7255","882","1239"
"2914","599616102571713536","-7974","1747","-1067"
"2915","599616102576589696","-5991","930","-1884"
"2916","599616102581465666","-3496","-237","-339"
"2917","599616102586341888","-2998","-1025","197"
"2918","599616102591218048","-3634","-662","649"
"2919","599616102596094080","-4582","-20","539"
"2920","599616102600970240","-4736","334","195"
"2921","599616102605846272","-4112","494","172"
"2922","599616102610722432","-3631","720","68"
"2923","599616102615598464","-3533","969","-23"
"2924","599616102620474624","-3514","1146","32"
"2925","599616102625350656","-3335","1152","185"
"2926","599616102630226816","-3130","967","234"
"2927","599616102635102848","-3013","717","246"
"2928","599616102639979008","-2920","493","292"
"2929","599616102644855040","-2777","362","364"
"2930","599616102649731200","-2605","278","434"
"2931","599616102654607232","-2453","254","432"
"2932","599616102659483392","-2298","262","384"
"2933","599616102664359424","-2142","272","320"
"2934","599616102669235584","-1975","278","203"
"2935","599616102674111616","-1818","254","61"
"2936","599616102678987776","-1632","211","-11"
"2937","599616102683863808","-1452","157","-87"
"2938","599616102688739968","-1260","94","-115"
"2939","599616102693616000","-1038","46","-44"
"2940","599616102698492160","-797","0","-17"
"2941","599616102703368192","-534","-9","-40"
"2942","599616102708244352","-285","-8","-24"
"2943","599616102713120384","-66","-12","-4"
"2944","599616102717996544","15","-18","52"
"2945","599616102722872576","155","2","43"
"2946","599616102727748736","319","-4","96"
"2947","599616102732624896","497","-25","98"
"2948","599616102737500928","592","-42","41"
"2949","599616102742377088","697","-59","-23"
"2950","599616102747253120","758","-81","-101"
"2951","599616102752129280","824","-112","-151"
"2952","599616102757005202","895","-141","-164"
"2953","599616102761880448","953","-167","-146"
"2954","599616102766755712","957","-200","-129"
"2955","599616102771630976","933","-219","-125"
"2956","599616102776506240","887","-226","-120"
"2957","599616102781381504","832","-199","-131"
"2958","599616102786256640","760","-155","-135"
"2959","599616102791131904","655","-112","-136"
"2960","599616102796007168","542","-59","-134"
"2961","599616102800882432","472","-29","-122"
"2962","599616102805757696","389","-12","-97"
"2963","599616102810632960","316","-5","-67"
"2964","599616102815508224","245","-8","-39"
"2965","599616102820383488","190","-12","-22"
"2966","599616102825258752","119","-19","-2"
"2967","599616102830133888","76","-25","37"
"2968","599616102835009152","19","-25","46"
"2969","599616102839884416","-27","-26","45"
"2970","599616102844759680","-85","-26","49"
"2971","599616102849634944","-130","-29","79"
"2972","599616102854510208","-205","-29","98"
"2973","599616102859385472","-264","-24","85"
"2974","599616102864260736","-355","-18","53"
"2975","599616102869136000","-421","-10","24"
"2976","599616102874011264","-477","15","-13"
"2977","599616102878886400","-492","39","-40"
"2978","599616102883761664","-493","78","-71"
"2979","599616102888636928","-488","91","-112"
"2980","599616102893512192","-456","109","-134"
"2981","599616102898387456","-387","127","-141"
"2982","599616102903262720","-295","149","-147"
"2983","599616102908137984","-223","150","-137"
"2984","599616102913013248","-129","147","-126"
"2985","599616102917888512","-50","143","-117"
"2986","599616102922763648","6","137","-115"
"2987","599616102927638912","52","133","-101"
"2988","599616102932514210","113","124","-72"
"2989","599616102937389440","158","122","-49"
"2990","599616102942264704","198","120","-24"
"2991","599616102947139968","208","139","-18"
"2992","599616102952015232","204","164","-30"
"2993","599616102956890496","176","166","-85"
"2994","599616102961765632","104","109","-162"
"2995","599616102966640896","12","75","-224"
"2996","599616102971516160","-58","37","-209"
"2997","599616102976391424","-146","27","-114"
"2998","599616102981266688","-280","43","16"
"2999","599616102986141952","-506","82","193"
"3000","599616102991017216","-882","126","365"
"3001","599616102995892480","-1468","122","520"
"3002","599616103000767744","-2470","147","802"
"3003","599616103005643008","-5219","849","1446"
"3004","599616103010518144","-7982","2300","383"
"3005","599616103015393408","-7417","1750","-2668"
"3006","599616103020268672","-4116","1153","-1189"
"3007","599616103025143936","-2319","558","166"
"3008","599616103030019200","-2669","-406","460"
"3009","599616103034894464","-3655","-444","159"
"3010","599616103039769728","-4814","-5","-263"
"3011","599616103044644992","-5310","189","-403"
"3012","599616103049520256","-4685","255","-58"
"3013","599616103054395392","-3859","429","274"
"3014","599616103059270656","-3531","591","315"
"3015","599616103064145920","-3601","735","227"
"3016","599616103069021184","-3630","819","171"
"3017","599616103073896448","-3463","831","189"
"3018","599616103078771712","-3136","749","260"
"3019","599616103083646976","-2785","632","379"
"3020","599616103088522240","-2480","500","466"
"3021","599616103093397504","-2227","431","509"
"3022","599616103098272768","-2031","355","475"
"3023","599616103103147904","-1931","299","335"
"3024","599616103108023228","-1793","248","183"
"3025","599616103112899328","-1637","227","15"
"3026","599616103117775488","-1494","198","-33"
"3027","599616103122651520","-1322","123","-26"
"3028","599616103127527680","-1133","66","-39"
"3029","599616103132403712","-950","29","-29"
"3030","599616103137279872","-733","22","43"
"3031","599616103142155904","-495","27","69"
"3032","599616103147032064","-298","27","50"
"3033","599616103151908096","-96","32","2"
"3034","599616103156784256","37","25","20"
"3035","599616103161660288","167","18","28"
"3036","599616103166536448","272","8","41"
"3037","599616103171412480","374","-2","28"
"3038","599616103176288640","464","-16","1"
"3039","599616103181164672","510","-25","-44"
"3040","599616103186040832","611","-38","-97"
"3041","599616103190916864","739","-63","-111"
"3042","599616103195793024","863","-92","-108"
"3043","599616103200669056","970","-112","-112"
"3044","599616103205545216","997","-110","-119"
"3045","599616103210421248","1010","-89","-110"
"3046","599616103215297408","993","-72","-87"
"3047","599616103220173440","953","-53","-77"
"3048","599616103225049600","847","-37","-64"
"3049","599616103229925632","726","-28","-53"
"3050","599616103234801792","574","-22","-32"
"3051","599616103239677952","460","-21","-15"
"3052","599616103244553984","335","-21","-2"
"3053","599616103249430144","226","-23","29"
"3054","599616103254306176","117","-23","54"
"3055","599616103259182336","25","-24","77"
"3056","599616103264058368","-38","-27","92"
"3057","599616103268934528","-114","-27","92"
"3058","599616103273810560","-188","-31","84"
"3059","599616103278686720","-232","-31","61"
"3060","599616103283562774","-250","-30","43"
"3061","599616103288437120","-283","-29","24"
"3062","599616103293311488","-313","-25","6"
"3063","599616103298185984","-346","-20","-3"
"3064","599616103303060352","-375","-14","-14"
"3065","599616103307934720","-380","0","-25"
"3066","599616103312809088","-380","13","-45"
"3067","599616103317683584","-365","36","-70"
"3068","599616103322557952","-319","42","-94"
"3069","599616103327432320","-275","65","-116"
"3070","599616103332306688","-238","76","-130"
"3071","599616103337181184","-201","80","-165"
"3072","599616103342055552","-134","86","-186"
"3073","599616103346929920","-72","85","-202"
"3074","599616103351804288","-14","85","-177"
"3075","599616103356678784","24","85","-138"
"3076","599616103361553152","81","88","-134"
"3077","599616103366427520","120","89","-123"
"3078","599616103371302016","166","92","-91"
"3079","599616103376176384","208","114","-78"
"3080","599616103381050752","232","148","-64"
"3081","599616103385925120","241","181","-69"
"3082","599616103390799616","242","206","-110"
"3083","599616103395673984","208","203","-194"
"3084","599616103400548352","129","188","-240"
"3085","599616103405422720","97","193","-163"
"3086","599616103410297216","52","207","25"
"3087","599616103415171584","3","219","240"
"3088","599616103420045952","-162","254","433"
"3089","599616103424920320","-488","311","575"
"3090","599616103429794816","-1032","388","615"
"3091","599616103434669184","-1935","502","727"
"3092","599616103439543552","-3925","934","1300"
"3093","599616103444418048","-7799","2155","1780"
"3094","599616103449292416","-7993","1652","-4735"
"3095","599616103454166784","-5654","946","-2328"
"3096","599616103459041254","-2220","516","444"
"3097","599616103463916544","-1871","-457","1224"
"3098","599616103468791808","-3106","-670","1091"
"3099","599616103473667072","-5188","-172","14"
"3100","599616103478542336","-6218","268","-615"
"3101","599616103483417600","-4927","498","-34"
"3102","599616103488292736","-3831","493","623"
"3103","599616103493168000","-3613","531","606"
"3104","599616103498043264","-3622","646","310"
"3105","599616103502918528","-3551","712","188"
"3106","599616103507793792","-3329","707","287"
"3107","599616103512669056","-3024","620","458"
"3108","599616103517544320","-2712","509","631"
"3109","599616103522419584","-2452","440","748"
"3110","599616103527294848","-2246","365","746"
"3111","599616103532170112","-2065","324","620"
"3112","599616103537045248","-1914","320","412"
"3113","599616103541920512","-1730","344","171"
"3114","599616103546795776","-1555","361","-21"
"3115","599616103551671040","-1360","368","-138"
"3116","599616103556546304","-1150","350","-257"
"3117","599616103561421568","-925","293","-291"
"3118","599616103566296832","-732","234","-209"
"3119","599616103571172096","-537","209","-144"
"3120","599616103576047360","-395","175","-87"
"3121","599616103580922624","-252","125","-29"
"3122","599616103585797760","-129","86","-5"
"3123","599616103590673024","-10","53","45"
"3124","599616103595548288","109","24","85"
"3125","599616103600423552","250","0","96"
"3126","599616103605298816","360","-14","64"
"3127","599616103610174080","459","-21","-3"
"3128","599616103615049344","542","-29","-33"
"3129","599616103619924608","615","-43","-78"
"3130","599616103624799872","695","-61","-117"
"3131","599616103629675008","761","-81","-115"
"3132","599616103634550282","799","-108","-113"
"3133","599616103639427200","844","-123","-96"
"3134","599616103644304128","863","-126","-111"
"3135","599616103649181056","850","-119","-122"
"3136","599616103654057984","807","-106","-127"
"3137","599616103658935040","766","-89","-124"
"3138","599616103663811968","703","-74","-117"
"3139","599616103668688896","588","-69","-98"
"3140","599616103673565824","481","-63","-63"
"3141","599616103678442752","369","-61","-40"
"3142","599616103683319680","247","-65","-24"
"3143","599616103688196608","139","-69","-4"
"3144","599616103693073664","45","-66","24"
"3145","599616103697950592","-10","-65","55"
"3146","599616103702827520","-71","-56","75"
"3147","599616103707704448","-119","-46","72"
"3148","599616103712581376","-173","-38","58"
"3149","599616103717458304","-224","-28","33"
"3150","599616103722335232","-256","-20","11"
"3151","599616103727212160","-305","-3","1"
"3152","599616103732089216","-378","21","-5"
"3153","599616103736966144","-426","62","-5"
"3154","599616103741843072","-480","88","-4"
"3155","599616103746720000","-494","120","-1"
"3156","599616103751596928","-504","163","9"
"3157","599616103756473856","-502","193","17"
"3158","599616103761350784","-494","208","17"
"3159","599616103766227840","-473","214","14"
"3160","599616103771104768","-410","215","7"
"3161","599616103775981696","-341","218","-7"
"3162","599616103780858624","-253","217","-14"
"3163","599616103785735552","-167","212","-20"
"3164","599616103790612480","-72","209","-22"
"3165","599616103795489408","6","201","-22"
"3166","599616103800366464","86","182","-22"
"3167","599616103805243392","163","168","-23"
"3168","599616103810120320","225","141","-29"
"3169","599616103814997248","241","115","-29"
"3170","599616103819874176","260","95","-31"
"3171","599616103824751104","261","82","-48"
"3172","599616103829628032","247","40","-108"
"3173","599616103834505088","234","-10","-199"
"3174","599616103839382016","176","-28","-258"
"3175","599616103844258944","115","-41","-191"
"3176","599616103849135872","71","-33","-15"
"3177","599616103854012800","-2","-5","185"
"3178","599616103858889728","-159","61","390"
"3179","599616103863766656","-438","157","558"
"3180","599616103868643712","-879","259","747"
"3181","599616103873520640","-1592","421","993"
"3182","599616103878397568","-2715","732","1391"
"3183","599616103883274496","-6256","2195","2241"
"3184","599616103888151424","-7993","3630","-663"
"3185","599616103893028352","-6924","1543","-3365"
"3186","599616103897905280","-3032","537","-347"
"3187","599616103902782336","-1681","39","760"
"3188","599616103907659264","-2747","-548","875"
"3189","599616103912536192","-4728","-308","-86"
"3190","599616103917413120","-5755","266","-355"
"3191","599616103922290048","-4959","337","172"
"3192","599616103927166976","-3890","291","378"
"3193","599616103932043904","-3519","450","239"
"3194","599616103936920960","-3527","669","226"
"3195","599616103941797888","-3551","735","305"
"3196","599616103946674816","-3407","601","339"
"3197","599616103951551744","-3126","426","367"
"3198","599616103956428672","-2947","280","419"
"3199","599616103961305600","-2702","214","522"
"3200","599616103966182528","-2499","205","555"
"3201","599616103971059456","-2352","212","466"
"3202","599616103975936512","-2267","192","294"
"3203","599616103980813440","-2130","136","180"
"3204","599616103985690374","-1899","79","-2"
"3205","599616103990569856","-1643","37","-167"
"3206","599616103995449344","-1371","15","-191"
"3207","599616104000328832","-1052","7","-224"
"3208","599616104005208320","-812","-9","-151"
"3209","599616104010087808","-594","-9","-39"
"3210","599616104014967296","-432","-6","-36"
"3211","599616104019846784","-249","-10","-49"
"3212","599616104024726272","-102","-18","-18"
"3213","599616104029605760","10","-24","-1"
"3214","599616104034485248","127","-32","-1"
"3215","599616104039364736","237","-48","9"
"3216","599616104044244224","338","-77","9"
"3217","599616104049123712","471","-135","11"
"3218","599616104054003200","578","-153","-9"
"3219","599616104058882688","720","-157","-26"
"3220","599616104063762176","872","-152","-55"
"3221","599616104068641664","998","-144","-99"
"3222","599616104073521152","1097","-109","-123"
"3223","599616104078400640","1145","-60","-114"
"3224","599616104083280128","1125","-29","-106"
"3225","599616104088159616","1048","1","-105"
"3226","599616104093039104","950","41","-69"
"3227","599616104097918592","808","79","-31"
"3228","599616104102798080","648","85","4"
"3229","599616104107677568","501","83","54"
"3230","599616104112557056","370","78","92"
"3231","599616104117436544","229","72","103"
"3232","599616104122316032","87","65","121"
"3233","599616104127195520","-21","72","145"
"3234","599616104132075008","-133","79","156"
"3235","599616104136954496","-229","86","138"
"3236","599616104141833984","-291","90","114"
"3237","599616104146713472","-362","94","99"
"3238","599616104151593088","-400","105","75"
"3239","599616104156472576","-435","124","43"
"3240","599616104161352012","-458","156","11"
"3241","599616104166232448","-453","170","-10"
"3242","599616104171112832","-447","186","-28"
"3243","599616104175993088","-424","196","-50"
"3244","599616104180873472","-392","194","-63"
"3245","599616104185753856","-355","181","-81"
"3246","599616104190634112","-277","166","-104"
"3247","599616104195514496","-226","137","-120"
"3248","599616104200394752","-139","104","-130"
"3249","599616104205275136","-65","89","-137"
"3250","599616104210155520","-1","80","-149"
"3251","599616104215035776","48","60","-177"
"3252","599616104219916160","105","33","-182"
"3253","599616104224796544","136","20","-191"
"3254","599616104229676800","185","4","-207"
"3255","599616104234557184","212","-2","-207"
"3256","599616104239437440","230","-6","-180"
"3257","599616104244317824","237","2","-141"
"3258","599616104249198208","236","16","-124"
"3259","599616104254078464","232","32","-88"
"3260","599616104258958848","216","70","-59"
"3261","599616104263839232","188","89","-71"
"3262","599616104268719488","113","87","-107"
"3263","599616104273599872","4","60","-137"
"3264","599616104278480128","-96","57","-151"
"3265","599616104283360512","-198","82","-32"
"3266","599616104288240896","-359","116","101"
"3267","599616104293121152","-656","188","234"
"3268","599616104298001536","-1135","257","333"
"3269","599616104302881920","-1914","365","439"
"3270","599616104307762176","-3417","667","850"
"3271","599616104312642560","-7289","1947","1751"
"3272","599616104317522816","-7993","1603","-2828"
"3273","599616104322403200","-5979","886","-2359"
"3274","599616104327283584","-2776","1015","-461"
"3275","599616104332163840","-2546","257","370"
"3276","599616104337044112","-3061","-822","608"
"3277","599616104341921024","-4088","-926","201"
"3278","599616104346797952","-5385","39","-693"
"3279","599616104351674880","-5387","477","-785"
"3280","599616104356551808","-4222","452","-30"
"3281","599616104361428864","-3490","462","345"
"3282","599616104366305792","-3455","528","346"
"3283","599616104371182720","-3594","568","291"
"3284","599616104376059648","-3554","513","252"
"3285","599616104380936576","-3312","424","158"
"3286","599616104385813504","-2956","269","80"
"3287","599616104390690432","-2570","146","61"
"3288","599616104395567488","-2240","68","63"
"3289","599616104400444416","-1962","4","77"
"3290","599616104405321344","-1770","-30","-3"
"3291","599616104410198272","-1626","-52","-62"
"3292","599616104415075200","-1503","-47","-228"
"3293","599616104419952128","-1391","-31","-268"
"3294","599616104424829056","-1238","-21","-167"
"3295","599616104429706112","-1066","2","-182"
"3296","599616104434583040","-929","43","-140"
"3297","599616104439459968","-738","81","-33"
"3298","599616104444336896","-546","104","-20"
"3299","599616104449213824","-424","141","-13"
"3300","599616104454090752","-256","146","5"
"3301","599616104458967680","-130","146","65"
"3302","599616104463844608","-18","147","105"
"3303","599616104468721664","62","158","114"
"3304","599616104473598592","166","159","103"
"3305","599616104478475520","243","145","101"
"3306","599616104483352448","312","133","61"
"3307","599616104488229376","393","113","23"
"3308","599616104493106304","462","90","18"
"3309","599616104497983232","508","79","9"
"3310","599616104502860288","582","57","-1"
"3311","599616104507737216","639","36","-6"
"3312","599616104512614162","703","26","-14"
"3313","599616104517490304","742","20","-16"
"3314","599616104522366464","758","15","-19"
"3315","599616104527242496","758","16","-20"
"3316","599616104532118656","716","23","-17"
"3317","599616104536994688","610","34","-15"
"3318","599616104541870848","500","31","-15"
"3319","599616104546746880","408","20","-13"
"3320","599616104551623040","294","8","-9"
"3321","599616104556499072","222","-16","0"
"3322","599616104561375232","141","-29","17"
"3323","599616104566251264","91","-41","34"
"3324","599616104571127424","34","-58","44"
"3325","599616104576003456","6","-71","49"
"3326","599616104580879616","-14","-81","52"
"3327","599616104585755648","-55","-76","46"
"3328","599616104590631808","-103","-64","34"
"3329","599616104595507840","-135","-52","14"
"3330","599616104600384000","-199","-39","-1"
"3331","599616104605260032","-238","-28","-17"
"3332","599616104610136192","-257","-18","-30"
"3333","599616104615012224","-296","1","-48"
"3334","599616104619888384","-313","25","-61"
"3335","599616104624764544","-330","50","-81"
"3336","599616104629640576","-318","78","-116"
"3337","599616104634516736","-299","88","-136"
"3338","599616104639392768","-264","95","-152"
"3339","599616104644268928","-238","109","-168"
"3340","599616104649144960","-198","119","-173"
"3341","599616104654021120","-122","133","-170"
"3342","599616104658897152","-55","141","-169"
"3343","599616104663773312","0","148","-160"
"3344","599616104668649344","52","156","-133"
"3345","599616104673525504","109","157","-105"
"3346","599616104678401536","133","162","-56"
"3347","599616104683277696","177","170","-31"
"3348","599616104688153724","193","169","-22"
"3349","599616104693029888","165","137","-33"
"3350","599616104697906048","109","85","-68"
"3351","599616104702782080","45","31","-81"
"3352","599616104707658240","5","-9","-2"
"3353","599616104712534272","-47","5","182"
"3354","599616104717410432","-196","64","377"
"3355","599616104722286464","-468","137","471"
"3356","599616104727162624","-856","216","496"
"3357","599616104732038656","-1420","303","513"
"3358","599616104736914816","-2220","461","607"
"3359","599616104741790848","-3965","1031","876"
"3360","599616104746667008","-7623","2285","1163"
"3361","599616104751543040","-7904","1590","-3063"
"3362","599616104756419200","-5164","539","-1849"
"3363","599616104761295232","-2607","15","-101"
"3364","599616104766171392","-2289","-397","646"
"3365","599616104771047424","-3196","-535","891"
"3366","599616104775923584","-4687","-174","256"
"3367","599616104780799616","-5287","451","-273"
"3368","599616104785675776","-4453","536","-97"
"3369","599616104790551808","-3550","390","282"
"3370","599616104795427968","-3323","374","418"
"3371","599616104800304000","-3409","483","385"
"3372","599616104805180160","-3425","587","272"
"3373","599616104810056192","-3275","596","250"
"3374","599616104814932352","-3014","520","352"
"3375","599616104819808384","-2755","414","388"
"3376","599616104824684544","-2507","270","415"
"3377","599616104829560576","-2260","147","470"
"3378","599616104834436736","-2040","73","461"
"3379","599616104839312896","-1903","32","332"
"3380","599616104844188928","-1713","-11","247"
"3381","599616104849065088","-1506","-66","136"
"3382","599616104853941120","-1311","-154","56"
"3383","599616104858817280","-1143","-219","24"
"3384","599616104863693260","-987","-228","-78"
"3385","599616104868572800","-858","-201","-133"
"3386","599616104873452288","-740","-136","-166"
"3387","599616104878331776","-588","-71","-231"
"3388","599616104883211264","-489","-25","-231"
"3389","599616104888090752","-354","5","-216"
"3390","599616104892970240","-227","20","-144"
"3391","599616104897849728","-117","13","-45"
"3392","599616104902729216","-7","5","-6"
"3393","599616104907608704","101","-13","57"
"3394","599616104912488192","187","-5","94"
"3395","599616104917367680","279","2","117"
"3396","599616104922247168","365","19","118"
"3397","599616104927126656","439","28","107"
"3398","599616104932006144","491","31","101"
"3399","599616104936885632","523","46","100"
"3400","599616104941765120","564","61","90"
"3401","599616104946644608","589","78","62"
"3402","599616104951524096","591","91","24"
"3403","599616104956403584","574","113","-5"
"3404","599616104961283072","558","137","-25"
"3405","599616104966162560","528","154","-48"
"3406","599616104971042048","495","139","-81"
"3407","599616104975921536","481","111","-116"
"3408","599616104980801024","434","86","-129"
"3409","599616104985680512","386","48","-119"
"3410","599616104990560000","347","3","-71"
"3411","599616104995439488","294","-24","-29"
"3412","599616105000318976","251","-34","3"
"3413","599616105005198464","230","-42","43"
"3414","599616105010077952","176","-50","73"
"3415","599616105014957440","112","-54","70"
"3416","599616105019836928","40","-49","70"
"3417","599616105024716416","-11","-46","54"
"3418","599616105029595904","-85","-36","33"
"3419","599616105034475392","-166","-29","4"
"3420","599616105039354872","-234","-20","-19"
"3421","599616105044234368","-288","-2","-37"
"3422","599616105049113856","-340","18","-65"
"3423","599616105053993344","-374","41","-108"
"3424","599616105058872832","-379","69","-129"
"3425","599616105063752320","-365","86","-142"
"3426","599616105068631808","-316","90","-157"
"3427","599616105073511296","-273","91","-176"
"3428","599616105078390784","-238","87","-187"
"3429","599616105083270272","-179","86","-183"
"3430","599616105088149760","-109","84","-167"
"3431","599616105093029248","-31","64","-137"
"3432","599616105097908736","20","55","-106"
"3433","599616105102788224","84","40","-62"
"3434","599616105107667712","122","28","-28"
"3435","599616105112547200","151","25","-18"
"3436","599616105117426688","172","24","-32"
"3437","599616105122306176","147","4","-85"
"3438","599616105127185664","85","-20","-142"
"3439","599616105132065152","21","-29","-139"
"3440","599616105136944640","0","-34","-74"
"3441","599616105141824128","-38","-30","71"
"3442","599616105146703616","-149","-14","278"
"3443","599616105151583104","-347","32","478"
"3444","599616105156462592","-618","102","670"
"3445","599616105161342080","-995","193","804"
"3446","599616105166221568","-1548","245","917"
"3447","599616105171101056","-2587","397","1037"
"3448","599616105175980544","-5424","912","1104"
"3449","599616105180860032","-7993","2269","198"
"3450","599616105185739520","-7515","2070","-3588"
"3451","599616105190619008","-4100","642","-1205"
"3452","599616105195498496","-2173","43","190"
"3453","599616105200377984","-2733","-73","520"
"3454","599616105205257472","-4365","128","317"
"3455","599616105210136960","-5023","388","173"
"3456","599616105215016480","-4421","460","471"
"3457","599616105219895936","-3921","417","464"
"3458","599616105224775424","-3945","424","260"
"3459","599616105229654912","-4048","462","35"
"3460","599616105234534400","-4037","466","-53"
"3461","599616105239413888","-3874","456","21"
"3462","599616105244293376","-3533","381","126"
"3463","599616105249172864","-3146","247","192"
"3464","599616105254052352","-2819","135","244"
"3465","599616105258931840","-2547","77","327"
"3466","599616105263811328","-2368","50","353"
"3467","599616105268690816","-2187","32","279"
"3468","599616105273570304","-2001","28","192"
"3469","599616105278449792","-1848","44","21"
"3470","599616105283329280","-1664","75","-42"
"3471","599616105288208768","-1487","89","-211"
"3472","599616105293088256","-1316","99","-283"
"3473","599616105297967744","-1090","94","-248"
"3474","599616105302847232","-865","94","-231"
"3475","599616105307726720","-633","91","-69"
"3476","599616105312606208","-438","88","12"
"3477","599616105317485696","-265","87","33"
"3478","599616105322365184","-145","109","44"
"3479","599616105327244672","30","103","101"
"3480","599616105332124160","177","121","81"
"3481","599616105337003648","268","120","43"
"3482","599616105341883136","357","148","-3"
"3483","599616105346762624","434","162","-19"
"3484","599616105351642112","506","157","-32"
"3485","599616105356521600","603","153","-34"
"3486","599616105361401088","690","125","-33"
"3487","599616105366280576","766","93","-37"
"3488","599616105371160064","847","77","-60"
"3489","599616105376039552","938","39","-59"
"3490","599616105380919040","990","11","-64"
"3491","599616105385798528","992","4","-81"
"3492","599616105390678088","946","4","-115"
"3493","599616105395558528","829","-4","-122"
"3494","599616105400438912","697","-14","-117"
"3495","599616105405319168","562","-25","-106"
"3496","599616105410199552","477","-52","-71"
"3497","599616105415079936","394","-85","-42"
"3498","599616105419960192","301","-127","-20"
"3499","599616105424840576","227","-143","5"
"3500","599616105429720832","141","-147","37"
"3501","599616105434601216","52","-149","67"
"3502","599616105439481600","-13","-151","77"
"3503","599616105444361856","-95","-147","72"
"3504","599616105449242240","-186","-139","55"
"3505","599616105454122624","-252","-97","29"
"3506","599616105459002880","-337","-59","3"
"3507","599616105463883264","-400","-29","-18"
"3508","599616105468763520","-465","0","-36"
"3509","599616105473643904","-493","52","-50"
"3510","599616105478524288","-513","87","-57"
"3511","599616105483404544","-530","114","-67"
"3512","599616105488284928","-530","160","-70"
"3513","599616105493165312","-505","181","-83"
"3514","599616105498045568","-483","194","-106"
"3515","599616105502925952","-419","195","-115"
"3516","599616105507806208","-331","194","-121"
"3517","599616105512686592","-243","184","-125"
"3518","599616105517566976","-155","176","-123"
"3519","599616105522447232","-73","162","-119"
"3520","599616105527327616","-9","143","-117"
"3521","599616105532208000","23","124","-120"
"3522","599616105537088256","74","99","-115"
"3523","599616105541968640","116","90","-112"
"3524","599616105546848896","145","86","-107"
"3525","599616105551729280","188","81","-103"
"3526","599616105556609664","211","64","-103"
"3527","599616105561489920","224","46","-91"
"3528","599616105566370188","230","34","-68"
"3529","599616105571248000","232","24","-44"
"3530","599616105576125824","224","23","-21"
"3531","599616105581003648","202","30","-13"
"3532","599616105585881344","163","46","-23"
"3533","599616105590759168","99","43","-63"
"3534","599616105595636992","16","38","-161"
"3535","599616105600514816","-71","26","-240"
"3536","599616105605392512","-138","23","-239"
"3537","599616105610270336","-212","19","-138"
"3538","599616105615148160","-313","1","-29"
"3539","599616105620025984","-516","-21","47"
"3540","599616105624903680","-824","-31","146"
"3541","599616105629781504","-1240","-21","219"
"3542","599616105634659328","-1850","9","313"
"3543","599616105639537152","-2975","25","606"
"3544","599616105644414848","-5930","-141","1333"
"3545","599616105649292672","-7993","1737","-1384"
"3546","599616105654170496","-6538","2150","-2835"
"3547","599616105659048320","-3024","1378","-619"
"3548","599616105663926144","-1904","235","231"
"3549","599616105668803840","-2590","-188","125"
"3550","599616105673681664","-3914","-9","26"
"3551","599616105678559488","-4951","315","-261"
"3552","599616105683437312","-4833","447","-270"
"3553","599616105688315008","-4209","464","-78"
"3554","599616105693192832","-3823","630","33"
"3555","599616105698070656","-3813","819","54"
"3556","599616105702948480","-3957","919","36"
"3557","599616105707826176","-3968","927","27"
"3558","599616105712704000","-3817","812","27"
"3559","599616105717581824","-3600","594","56"
"3560","599616105722459648","-3343","409","51"
"3561","599616105727337344","-3043","321","66"
"3562","599616105732215168","-2769","276","120"
"3563","599616105737092992","-2544","241","208"
"3564","599616105741970766","-2403","204","240"
"3565","599616105746845184","-2245","145","230"
"3566","599616105751719552","-2067","87","161"
"3567","599616105756594048","-1886","17","2"
"3568","599616105761468416","-1687","-34","-176"
"3569","599616105766342784","-1475","-95","-348"
"3570","599616105771217152","-1207","-152","-391"
"3571","599616105776091648","-998","-203","-467"
"3572","599616105780966016","-834","-215","-383"
"3573","599616105785840384","-668","-182","-274"
"3574","599616105790714752","-534","-130","-260"
"3575","599616105795589248","-443","-89","-154"
"3576","599616105800463616","-303","-67","-61"
"3577","599616105805337984","-189","-63","14"
"3578","599616105810212480","-83","-68","109"
"3579","599616105815086848","-8","-51","115"
"3580","599616105819961216","82","-41","101"
"3581","599616105824835584","174","-21","6"
"3582","599616105829710080","270","18","-63"
"3583","599616105834584448","386","72","-97"
"3584","599616105839458816","519","86","-106"
"3585","599616105844333184","647","89","-87"
"3586","599616105849207680","756","89","-88"
"3587","599616105854082048","844","89","-95"
"3588","599616105858956416","916","89","-81"
"3589","599616105863830784","973","88","-103"
"3590","599616105868705280","984","89","-124"
"3591","599616105873579648","959","95","-134"
"3592","599616105878454016","891","116","-158"
"3593","599616105883328512","782","126","-178"
"3594","599616105888202880","665","137","-165"
"3595","599616105893077248","541","132","-134"
"3596","599616105897951616","455","114","-93"
"3597","599616105902826112","344","90","-38"
"3598","599616105907700480","238","69","-11"
"3599","599616105912574848","139","31","19"
"3600","599616105917449262","52","10","27"
"3601","599616105922325376","-5","-11","24"
"3602","599616105927201536","-82","-17","8"
"3603","599616105932077568","-154","-22","-1"
"3604","599616105936953728","-229","-23","-7"
"3605","599616105941829760","-291","-24","-16"
"3606","599616105946705920","-380","-24","-24"
"3607","599616105951581952","-450","-21","-31"
"3608","599616105956458112","-493","-15","-42"
"3609","599616105961334144","-527","-5","-47"
"3610","599616105966210304","-554","12","-45"
"3611","599616105971086336","-554","29","-44"
"3612","599616105975962496","-541","45","-47"
"3613","599616105980838528","-507","72","-46"
"3614","599616105985714688","-480","86","-54"
"3615","599616105990590720","-415","88","-55"
"3616","599616105995466880","-339","91","-65"
"3617","599616106000342912","-250","96","-69"
"3618","599616106005219072","-178","94","-57"
"3619","599616106010095104","-95","92","-54"
"3620","599616106014971264","-27","89","-59"
"3621","599616106019847296","11","92","-59"
"3622","599616106024723456","61","88","-60"
"3623","599616106029599488","109","88","-54"
"3624","599616106034475648","142","88","-45"
"3625","599616106039351808","194","87","-34"
"3626","599616106044227840","221","85","-25"
"3627","599616106049104000","232","73","-25"
"3628","599616106053980032","219","41","-50"
"3629","599616106058856192","157","5","-120"
"3630","599616106063732224","66","-19","-205"
"3631","599616106068608384","-11","-42","-239"
"3632","599616106073484416","-75","-67","-241"
"3633","599616106078360576","-127","-87","-142"
"3634","599616106083236608","-234","-78","-10"
"3635","599616106088112768","-443","-37","125"
"3636","599616106092988818","-753","-9","306"
"3637","599616106097867392","-1196","28","499"
"3638","599616106102745984","-1927","33","644"
"3639","599616106107624704","-3322","-254","996"
"3640","599616106112503296","-7187","-820","1231"
"3641","599616106117382016","-7993","3258","-3883"
"3642","599616106122260608","-5332","2460","-2062"
"3643","599616106127139200","-1777","37","310"
"3644","599616106132017920","-1881","-1243","407"
"3645","599616106136896512","-3645","-550","-143"
"3646","599616106141775104","-5519","384","-331"
"3647","599616106146653824","-5535","670","-260"
"3648","599616106151532416","-4387","724","121"
"3649","599616106156411136","-3615","808","322"
"3650","599616106161289728","-3577","973","354"
"3651","599616106166168320","-3849","1080","434"
"3652","599616106171047040","-3975","1042","375"
"3653","599616106175925632","-3789","914","235"
"3654","599616106180804352","-3436","743","169"
"3655","599616106185682944","-3070","547","207"
"3656","599616106190561536","-2753","399","326"
"3657","599616106195440256","-2474","286","433"
"3658","599616106200318848","-2237","206","446"
"3659","599616106205197440","-2024","135","377"
"3660","599616106210076160","-1831","78","281"
"3661","599616106214954752","-1635","43","206"
"3662","599616106219833472","-1477","31","87"
"3663","599616106224712064","-1319","29","-28"
"3664","599616106229590656","-1143","4","-105"
"3665","599616106234469376","-946","-24","-154"
"3666","599616106239347968","-732","-44","-186"
"3667","599616106244226688","-509","-70","-173"
"3668","599616106249105280","-292","-75","-198"
"3669","599616106253983872","-99","-63","-239"
"3670","599616106258862592","48","-59","-200"
"3671","599616106263741184","103","-36","-132"
"3672","599616106268619902","247","-22","-127"
"3673","599616106273497728","366","-16","-113"
"3674","599616106278375552","467","-14","-155"
"3675","599616106283253376","572","-10","-197"
"3676","599616106288131072","735","-20","-219"
"3677","599616106293008896","881","-24","-213"
"3678","599616106297886720","1014","-36","-213"
"3679","599616106302764544","1143","-38","-224"
"3680","599616106307642240","1259","-33","-224"
"3681","599616106312520064","1310","-21","-229"
"3682","599616106317397888","1278","8","-224"
"3683","599616106322275712","1160","41","-247"
"3684","599616106327153408","973","86","-272"
"3685","599616106332031232","819","114","-267"
"3686","599616106336909056","686","126","-217"
"3687","599616106341786880","541","103","-121"
"3688","599616106346664576","424","89","-24"
"3689","599616106351542400","262","76","-3"
"3690","599616106356420224","119","47","24"
"3691","599616106361298048","-6","17","67"
"3692","599616106366175744","-149","0","70"
"3693","599616106371053568","-285","-9","58"
"3694","599616106375931392","-421","-3","58"
"3695","599616106380809216","-503","12","47"
"3696","599616106385686912","-586","22","21"
"3697","599616106390564736","-640","40","3"
"3698","599616106395442560","-703","57","-3"
"3699","599616106400320384","-744","71","-2"
"3700","599616106405198208","-757","71","1"
"3701","599616106410075904","-754","72","3"
"3702","599616106414953728","-726","66","-7"
"3703","599616106419831552","-654","64","-18"
"3704","599616106424709376","-563","55","-20"
"3705","599616106429587072","-478","54","-19"
"3706","599616106434464896","-362","62","-16"
"3707","599616106439342720","-248","72","-18"
"3708","599616106444220464","-156","73","-22"
"3709","599616106449097344","-73","78","-33"
"3710","599616106453974272","-12","85","-50"
"3711","599616106458851200","21","87","-63"
"3712","599616106463728128","84","90","-58"
"3713","599616106468605184","127","96","-50"
"3714","599616106473482112","192","107","-32"
"3715","599616106478359040","234","108","-21"
"3716","599616106483235968","256","110","-18"
"3717","599616106488112896","284","109","-23"
"3718","599616106492989824","296","93","-53"
"3719","599616106497866752","282","83","-108"
"3720","599616106502743808","251","39","-139"
"3721","599616106507620736","238","1","-149"
"3722","599616106512497664","207","-20","-146"
"3723","599616106517374592","155","-18","-128"
"3724","599616106522251520","107","5","-39"
"3725","599616106527128448","36","47","133"
"3726","599616106532005376","-35","73","352"
"3727","599616106536882304","-174","90","495"
"3728","599616106541759360","-331","119","555"
"3729","599616106546636288","-543","152","530"
"3730","599616106551513216","-891","160","486"
"3731","599616106556390144","-1416","213","504"
"3732","599616106561267072","-2337","412","644"
"3733","599616106566144000","-4777","786","781"
"3734","599616106571020928","-7870","1945","-273"
"3735","599616106575897984","-7722","2467","-1824"
"3736","599616106580774912","-4281","732","-173"
"3737","599616106585651840","-2214","-204","894"
"3738","599616106590528768","-2353","-14","1022"
"3739","599616106595405696","-3780","501","823"
"3740","599616106600282624","-4660","705","502"
"3741","599616106605159552","-4357","708","370"
"3742","599616106610036608","-3671","768","489"
"3743","599616106614913536","-3418","941","640"
"3744","599616106619790508","-3640","989","686"
"3745","599616106624667392","-3860","928","595"
"3746","599616106629544320","-3748","809","496"
"3747","599616106634421248","-3534","701","410"
"3748","599616106639298176","-3358","548","369"
"3749","599616106644175232","-3208","428","430"
"3750","599616106649052160","-3059","337","533"
"3751","599616106653929088","-2913","284","585"
"3752","599616106658806016","-2699","270","531"
"3753","599616106663682944","-2443","281","425"
"3754","599616106668559872","-2147","290","269"
"3755","599616106673436800","-1879","281","122"
"3756","599616106678313856","-1619","250","-19"
"3757","599616106683190784","-1417","207","-129"
"3758","599616106688067712","-1199","149","-195"
"3759","599616106692944640","-1002","93","-200"
"3760","599616106697821568","-825","68","-173"
"3761","599616106702698496","-657","45","-137"
"3762","599616106707575424","-491","37","-127"
"3763","599616106712452480","-333","33","-116"
"3764","599616106717329408","-187","36","-80"
"3765","599616106722206336","-59","40","-28"
"3766","599616106727083264","17","60","10"
"3767","599616106731960192","91","73","31"
"3768","599616106736837120","146","72","20"
"3769","599616106741714048","218","72","-17"
"3770","599616106746591104","253","73","-66"
"3771","599616106751468032","343","72","-132"
"3772","599616106756344960","413","71","-189"
"3773","599616106761221888","473","40","-227"
"3774","599616106766098816","446","33","-238"
"3775","599616106770975744","486","21","-264"
"3776","599616106775852672","546","19","-243"
"3777","599616106780729600","617","10","-187"
"3778","599616106785606656","648","12","-139"
"3779","599616106790483584","676","13","-131"
"3780","599616106795360562","634","7","-122"
"3781","599616106800237440","607","0","-113"
"3782","599616106805114368","541","4","-116"
"3783","599616106809991296","494","0","-104"
"3784","599616106814868224","451","-4","-105"
"3785","599616106819745280","375","-5","-111"
"3786","599616106824622208","288","-6","-83"
"3787","599616106829499136","232","-18","-57"
"3788","599616106834376064","157","-22","-20"
"3789","599616106839252992","87","-25","12"
"3790","599616106844129920","15","-29","38"
"3791","599616106849006848","-33","-32","73"
"3792","599616106853883904","-108","-35","85"
"3793","599616106858760832","-198","-35","59"
"3794","599616106863637760","-274","-32","26"
"3795","599616106868514688","-371","-26","-3"
"3796","599616106873391616","-458","-20","-23"
"3797","599616106878268544","-509","-11","-43"
"3798","599616106883145472","-560","7","-58"
"3799","599616106888022528","-598","28","-67"
"3800","599616106892899456","-604","61","-64"
"3801","599616106897776384","-573","82","-67"
"3802","599616106902653312","-519","91","-56"
"3803","599616106907530240","-478","108","-48"
"3804","599616106912407168","-397","138","-42"
"3805","599616106917284096","-294","164","-39"
"3806","599616106922161152","-224","170","-31"
"3807","599616106927038080","-129","180","-24"
"3808","599616106931915008","-50","181","-25"
"3809","599616106936791936","3","182","-21"
"3810","599616106941668864","58","178","-20"
"3811","599616106946545792","117","166","-21"
"3812","599616106951422720","171","154","-20"
"3813","599616106956299648","220","127","-13"
"3814","599616106961176704","239","98","4"
"3815","599616106966053632","242","86","4"
"3816","599616106970930616","241","76","2"
"3817","599616106975806720","239","37","-11"
"3818","599616106980682880","231","-2","-43"
"3819","599616106985558912","195","-37","-75"
"3820","599616106990435072","137","-70","-4"
"3821","599616106995311104","87","-74","171"
"3822","599616107000187264","-24","-38","339"
"3823","599616107005063296","-222","51","460"
"3824","599616107009939456","-510","186","498"
"3825","599616107014815488","-915","308","478"
"3826","599616107019691648","-1533","468","510"
"3827","599616107024567680","-2663","886","950"
"3828","599616107029443840","-6063","1958","1321"
"3829","599616107034319872","-7993","2158","-718"
"3830","599616107039196032","-7002","1106","-2488"
"3831","599616107044072064","-3236","408","23"
"3832","599616107048948224","-1602","37","913"
"3833","599616107053824256","-2119","-204","1344"
"3834","599616107058700416","-3878","-305","989"
"3835","599616107063576448","-5722","39","-26"
"3836","599616107068452608","-5486","245","-206"
"3837","599616107073328640","-4119","383","260"
"3838","599616107078204800","-3551","449","386"
"3839","599616107083080960","-3780","457","37"
"3840","599616107087956992","-3901","468","-248"
"3841","599616107092833152","-3678","495","-174"
"3842","599616107097709184","-3400","493","-6"
"3843","599616107102585344","-3121","486","151"
"3844","599616107107461376","-2864","471","308"
"3845","599616107112337536","-2641","456","394"
"3846","599616107117213568","-2459","410","398"
"3847","599616107122089728","-2239","316","343"
"3848","599616107126965760","-1981","191","246"
"3849","599616107131841920","-1751","71","40"
"3850","599616107136717952","-1558","-31","-272"
"3851","599616107141594112","-1375","-134","-489"
"3852","599616107146470178","-1187","-241","-547"
"3853","599616107151347072","-1023","-276","-548"
"3854","599616107156224000","-874","-276","-457"
"3855","599616107161100928","-716","-243","-292"
"3856","599616107165977856","-566","-161","-153"
"3857","599616107170854912","-449","-89","-32"
"3858","599616107175731840","-317","-35","50"
"3859","599616107180608768","-220","1","101"
"3860","599616107185485696","-116","54","109"
"3861","599616107190362624","-35","92","106"
"3862","599616107195239552","21","136","106"
"3863","599616107200116480","21","184","78"
"3864","599616107204993408","95","217","-17"
"3865","599616107209870464","218","240","-72"
"3866","599616107214747392","347","240","-108"
"3867","599616107219624320","469","228","-143"
"3868","599616107224501248","502","213","-162"
"3869","599616107229378176","554","208","-184"
"3870","599616107234255104","591","198","-180"
"3871","599616107239132032","599","187","-161"
"3872","599616107244009088","606","166","-151"
"3873","599616107248886016","618","128","-136"
"3874","599616107253762944","625","91","-111"
"3875","599616107258639872","627","76","-81"
"3876","599616107263516800","608","35","-64"
"3877","599616107268393728","542","23","-57"
"3878","599616107273270656","484","8","-41"
"3879","599616107278147584","410","-2","-26"
"3880","599616107283024640","312","-9","-11"
"3881","599616107287901568","223","-16","9"
"3882","599616107292778496","122","-20","28"
"3883","599616107297655424","30","-21","24"
"3884","599616107302532352","-31","-21","15"
"3885","599616107307409280","-101","-22","0"
"3886","599616107312286208","-163","-20","-18"
"3887","599616107317163264","-219","-14","-29"
"3888","599616107322040206","-242","-11","-31"
"3889","599616107326916352","-267","-8","-24"
"3890","599616107331792512","-317","4","-15"
"3891","599616107336668544","-376","18","-14"
"3892","599616107341544704","-407","51","-23"
"3893","599616107346420736","-440","84","-22"
"3894","599616107351296896","-449","99","-22"
"3895","599616107356172928","-445","137","-22"
"3896","599616107361049088","-408","167","-24"
"3897","599616107365925120","-372","183","-18"
"3898","599616107370801280","-295","198","-9"
"3899","599616107375677312","-237","202","-2"
"3900","599616107380553472","-159","198","10"
"3901","599616107385429504","-87","200","16"
"3902","599616107390305664","-23","189","5"
"3903","599616107395181696","8","184","-3"
"3904","599616107400057856","50","177","-10"
"3905","599616107404933888","108","169","-19"
"3906","599616107409810048","130","157","-27"
"3907","599616107414686080","178","132","-33"
"3908","599616107419562240","202","99","-39"
"3909","599616107424438272","210","86","-38"
"3910","599616107429314432","216","62","-57"
"3911","599616107434190592","219","3","-118"
"3912","599616107439066624","203","-40","-187"
"3913","599616107443942784","153","-113","-237"
"3914","599616107448818816","116","-165","-184"
"3915","599616107453694976","53","-193","-42"
"3916","599616107458571008","-32","-165","83"
"3917","599616107463447168","-221","-114","208"
"3918","599616107468323200","-506","-32","291"
"3919","599616107473199360","-915","76","360"
"3920","599616107478075392","-1568","247","401"
"3921","599616107482951552","-3048","791","789"
"3922","599616107487827584","-7104","2904","1647"
"3923","599616107492703744","-7993","2460","-3323"
"3924","599616107497579768","-5716","917","-2353"
"3925","599616107502459264","-1910","552","32"
"3926","599616107507338752","-1470","177","801"
"3927","599616107512218240","-2884","-720","679"
"3928","599616107517097728","-4900","-833","-145"
"3929","599616107521977216","-6198","-121","-809"
"3930","599616107526856704","-5508","228","88"
"3931","599616107531736192","-4125","410","787"
"3932","599616107536615680","-3681","632","544"
"3933","599616107541495168","-4080","740","-42"
"3934","599616107546374656","-4270","741","-318"
"3935","599616107551254144","-3946","706","-233"
"3936","599616107556133632","-3489","593","-14"
"3937","599616107561013120","-3156","471","173"
"3938","599616107565892608","-2956","422","307"
"3939","599616107570772096","-2728","389","456"
"3940","599616107575651584","-2485","352","506"
"3941","599616107580531072","-2228","306","451"
"3942","599616107585410560","-2021","239","196"
"3943","599616107590290048","-1831","206","-37"
"3944","599616107595169536","-1603","188","-240"
"3945","599616107600049024","-1362","166","-375"
"3946","599616107604928512","-1114","140","-291"
"3947","599616107609808000","-913","71","-186"
"3948","599616107614687488","-780","23","-226"
"3949","599616107619566976","-702","56","-151"
"3950","599616107624446464","-562","99","-47"
"3951","599616107629325952","-463","152","-13"
"3952","599616107634205440","-350","166","33"
"3953","599616107639084928","-255","159","88"
"3954","599616107643964416","-115","108","99"
"3955","599616107648843904","6","78","89"
"3956","599616107653723392","133","21","31"
"3957","599616107658602880","247","-18","-19"
"3958","599616107663482368","370","-36","-64"
"3959","599616107668361856","461","-60","-126"
"3960","599616107673241380","577","-100","-139"
"3961","599616107678119168","651","-129","-136"
"3962","599616107682996992","741","-143","-135"
"3963","599616107687874816","764","-146","-133"
"3964","599616107692752512","780","-141","-137"
"3965","599616107697630336","778","-106","-130"
"3966","599616107702508160","765","-64","-121"
"3967","599616107707385984","753","-33","-94"
"3968","599616107712263680","697","-3","-74"
"3969","599616107717141504","609","41","-52"
"3970","599616107722019328","511","83","-31"
"3971","599616107726897152","416","94","-19"
"3972","599616107731774848","280","104","-10"
"3973","599616107736652672","165","102","-3"
"3974","599616107741530496","52","95","6"
"3975","599616107746408320","-19","88","30"
"3976","599616107751286016","-98","78","53"
"3977","599616107756163840","-172","57","60"
"3978","599616107761041664","-232","51","67"
"3979","599616107765919488","-261","50","56"
"3980","599616107770797184","-298","51","50"
"3981","599616107775675008","-341","60","29"
"3982","599616107780552832","-377","65","14"
"3983","599616107785430656","-385","73","-4"
"3984","599616107790308352","-403","81","-17"
"3985","599616107795186176","-437","87","-26"
"3986","599616107800064000","-450","96","-54"
"3987","599616107804941824","-472","131","-110"
"3988","599616107809819520","-464","157","-132"
"3989","599616107814697344","-417","166","-134"
"3990","599616107819575168","-361","176","-120"
"3991","599616107824452992","-276","179","-90"
"3992","599616107829330816","-227","175","-76"
"3993","599616107834208512","-166","166","-84"
"3994","599616107839086336","-109","158","-74"
"3995","599616107843964160","-46","135","-73"
"3996","599616107848841932","-5","102","-91"
"3997","599616107853718912","24","94","-109"
"3998","599616107858595840","68","82","-113"
"3999","599616107863472768","114","62","-108"
"4000","599616107868349696","164","40","-103"
"4001","599616107873226752","217","24","-83"
"4002","599616107878103680","240","9","-69"
"4003","599616107882980608","252","2","-57"
"4004","599616107887857536","267","-1","-42"
"4005","599616107892734464","270","-3","-31"
"4006","599616107897611392","257","-7","-40"
"4007","599616107902488320","240","-24","-96"
"4008","599616107907365376","205","-43","-189"
"4009","599616107912242304","120","-90","-276"
"4010","599616107917119232","55","-134","-284"
"4011","599616107921996160","15","-156","-146"
"4012","599616107926873088","-22","-197","49"
"4013","599616107931750016","-144","-195","236"
"4014","599616107936626944","-343","-163","362"
"4015","599616107941503872","-657","-110","351"
"4016","599616107946380928","-1152","-28","303"
"4017","599616107951257856","-1978","80","507"
"4018","599616107956134784","-4046","433","1416"
"4019","599616107961011712","-7900","1844","1587"
"4020","599616107965888640","-7803","2310","-4442"
"4021","599616107970765568","-3869","1521","-1584"
"4022","599616107975642496","-1329","504","251"
"4023","599616107980519552","-2151","-239","377"
"4024","599616107985396480","-3512","-369","279"
"4025","599616107990273408","-5036","325","-302"
"4026","599616107995150336","-5669","719","-714"
"4027","599616108000027264","-4518","792","-211"
"4028","599616108004904192","-3504","899","250"
"4029","599616108009781120","-3492","934","226"
"4030","599616108014658176","-3904","878","-44"
"4031","599616108019535104","-3994","762","-248"
"4032","599616108024411976","-3842","551","-236"
"4033","599616108029288960","-3634","328","-208"
"4034","599616108034165888","-3429","159","-130"
"4035","599616108039042816","-3143","87","-27"
"4036","599616108043919744","-2885","76","14"
"4037","599616108048796800","-2629","64","-8"
"4038","599616108053673728","-2388","63","-76"
"4039","599616108058550656","-2137","67","-182"
"4040","599616108063427584","-1911","68","-318"
"4041","599616108068304512","-1628","59","-442"
"4042","599616108073181440","-1348","50","-514"
"4043","599616108078058368","-1062","8","-434"
"4044","599616108082935424","-801","-24","-178"
"4045","599616108087812352","-598","-31","-62"
"4046","599616108092689280","-508","-36","-45"
"4047","599616108097566208","-446","-30","-6"
"4048","599616108102443136","-348","-26","-5"
"4049","599616108107320064","-259","-23","-28"
"4050","599616108112196992","-219","-19","-35"
"4051","599616108117074048","-141","-16","-24"
"4052","599616108121950976","-94","-14","-23"
"4053","599616108126827904","-33","-21","-25"
"4054","599616108131704832","3","-25","-29"
"4055","599616108136581760","44","-33","-32"
"4056","599616108141458688","90","-35","-63"
"4057","599616108146335616","177","-41","-91"
"4058","599616108151212672","270","-53","-94"
"4059","599616108156089600","366","-61","-100"
"4060","599616108160966528","418","-62","-125"
"4061","599616108165843456","478","-65","-141"
"4062","599616108170720384","491","-52","-147"
"4063","599616108175597312","498","-38","-152"
"4064","599616108180474240","528","-29","-143"
"4065","599616108185351168","534","-19","-132"
"4066","599616108190228224","510","1","-111"
"4067","599616108195105152","489","32","-74"
"4068","599616108199982030","430","82","-42"
"4069","599616108204860672","343","99","-28"
"4070","599616108209739264","251","142","-27"
"4071","599616108214617984","186","167","-27"
"4072","599616108219496576","121","164","-32"
"4073","599616108224375296","84","153","-42"
"4074","599616108229253888","48","118","-46"
"4075","599616108234132480","34","94","-37"
"4076","599616108239011200","23","84","-32"
"4077","599616108243889792","13","73","-32"
"4078","599616108248768512","8","54","-30"
"4079","599616108253647104","1","38","-28"
"4080","599616108258525696","-12","33","-26"
"4081","599616108263404416","-50","38","-25"
"4082","599616108268283008","-106","46","-29"
"4083","599616108273161600","-172","71","-35"
"4084","599616108278040320","-242","87","-50"
"4085","599616108282918912","-321","105","-65"
"4086","599616108287797632","-386","135","-77"
"4087","599616108292676224","-438","168","-115"
"4088","599616108297554816","-467","189","-136"
"4089","599616108302433536","-444","195","-138"
"4090","599616108307312128","-377","193","-114"
"4091","599616108312190848","-282","192","-56"
"4092","599616108317069440","-213","181","-28"
"4093","599616108321948032","-122","166","-21"
"4094","599616108326826752","-31","136","-6"
"4095","599616108331705344","22","106","20"
"4096","599616108336584064","96","94","41"
"4097","599616108341462656","160","86","42"
"4098","599616108346341248","222","72","31"
"4099","599616108351219968","244","38","7"
"4100","599616108356098560","256","9","-24"
"4101","599616108360977152","246","-26","-63"
"4102","599616108365855872","228","-49","-121"
"4103","599616108370734464","196","-86","-132"
"4104","599616108375613140","171","-109","-61"
"4105","599616108380492672","122","-93","89"
"4106","599616108385372160","47","-51","289"
"4107","599616108390251648","-85","-31","491"
"4108","599616108395131136","-322","-19","679"
"4109","599616108400010624","-658","36","839"
"4110","599616108404890112","-1218","74","949"
"4111","599616108409769600","-2264","-2","1271"
"4112","599616108414649088","-5380","-344","1859"
"4113","599616108419528576","-7993","1190","-883"
"4114","599616108424408064","-7523","2055","-2979"
"4115","599616108429287552","-4480","78","-694"
"4116","599616108434167040","-2887","-164","-98"
"4117","599616108439046528","-3108","403","403"
"4118","599616108443926016","-4053","658","758"
"4119","599616108448805504","-4586","925","896"
"4120","599616108453684992","-4290","962","860"
"4121","599616108458564480","-3928","919","447"
"4122","599616108463443968","-3909","868","158"
"4123","599616108468323456","-3948","782","108"
"4124","599616108473202944","-3874","698","155"
"4125","599616108478082432","-3660","585","216"
"4126","599616108482961920","-3348","518","208"
"4127","599616108487841408","-3022","471","215"
"4128","599616108492720896","-2765","460","321"
"4129","599616108497600384","-2539","435","452"
"4130","599616108502479872","-2320","386","487"
"4131","599616108507359360","-2076","358","470"
"4132","599616108512238848","-1851","353","354"
"4133","599616108517118336","-1616","350","183"
"4134","599616108521997824","-1380","323","28"
"4135","599616108526877312","-1120","239","-43"
"4136","599616108531756800","-881","167","-83"
"4137","599616108536636288","-668","77","-119"
"4138","599616108541515776","-502","8","-132"
"4139","599616108546395264","-364","-19","-147"
"4140","599616108551274758","-235","-17","-191"
"4141","599616108556152576","-120","-3","-183"
"4142","599616108561030400","-19","23","-142"
"4143","599616108565908224","41","39","-102"
"4144","599616108570785920","119","43","-67"
"4145","599616108575663744","192","32","-66"
"4146","599616108580541568","233","9","-115"
"4147","599616108585419392","261","-14","-165"
"4148","599616108590297088","330","-19","-236"
"4149","599616108595174912","480","-46","-215"
"4150","599616108600052736","541","-51","-202"
"4151","599616108604930560","652","-63","-192"
"4152","599616108609808256","737","-51","-163"
"4153","599616108614686080","777","-42","-137"
"4154","599616108619563904","787","-32","-131"
"4155","599616108624441728","782","-21","-133"
"4156","599616108629319424","765","-1","-129"
"4157","599616108634197248","743","14","-129"
"4158","599616108639075072","673","26","-126"
"4159","599616108643952896","588","28","-125"
"4160","599616108648830592","498","23","-112"
"4161","599616108653708416","421","23","-96"
"4162","599616108658586240","309","23","-68"
"4163","599616108663464064","208","23","-39"
"4164","599616108668341760","92","23","-22"
"4165","599616108673219584","4","22","-15"
"4166","599616108678097408","-85","29","-5"
"4167","599616108682975232","-178","30","-2"
"4168","599616108687852928","-249","40","3"
"4169","599616108692730752","-334","56","11"
"4170","599616108697608576","-400","67","9"
"4171","599616108702486400","-470","77","7"
"4172","599616108707364224","-503","85","0"
"4173","599616108712241920","-551","88","-4"
"4174","599616108717119744","-582","91","-4"
"4175","599616108721997568","-595","100","-3"
"4176","599616108726875310","-575","111","-3"
"4177","599616108731748864","-542","121","-3"
"4178","599616108736622464","-490","135","-3"
"4179","599616108741495936","-416","131","8"
"4180","599616108746369536","-307","127","14"
"4181","599616108751243136","-225","114","15"
"4182","599616108756116608","-132","106","7"
"4183","599616108760990208","-65","95","-5"
"4184","599616108765863808","-17","91","-14"
"4185","599616108770737280","3","88","-18"
"4186","599616108775610880","30","81","-10"
"4187","599616108780484480","55","55","-20"
"4188","599616108785357952","82","29","-31"
"4189","599616108790231552","115","2","-46"
"4190","599616108795105024","134","-16","-45"
"4191","599616108799978624","139","-20","-54"
"4192","599616108804852224","117","-21","-140"
"4193","599616108809725696","106","-29","-186"
"4194","599616108814599296","96","-42","-151"
"4195","599616108819472896","64","-46","-82"
"4196","599616108824346368","-2","-30","6"
"4197","599616108829219968","-168","17","140"
"4198","599616108834093568","-442","110","293"
"4199","599616108838967040","-793","201","493"
"4200","599616108843840640","-1253","309","673"
"4201","599616108848714240","-1901","502","839"
"4202","599616108853587712","-3129","894","1283"
"4203","599616108858461312","-6365","1830","955"
"4204","599616108863334912","-7988","2151","-738"
"4205","599616108868208384","-6009","1107","-1485"
"4206","599616108873081984","-3329","93","-181"
"4207","599616108877955584","-2507","-427","271"
"4208","599616108882829056","-2964","-349","560"
"4209","599616108887702656","-4293","68","703"
"4210","599616108892576256","-5157","459","745"
"4211","599616108897449728","-4823","522","777"
"4212","599616108902323314","-4134","551","662"
"4213","599616108907202816","-3815","677","414"
"4214","599616108912082304","-3787","739","262"
"4215","599616108916961792","-3772","708","303"
"4216","599616108921841280","-3555","618","390"
"4217","599616108926720768","-3192","581","406"
"4218","599616108931600256","-2849","524","388"
"4219","599616108936479744","-2570","465","435"
"4220","599616108941359232","-2361","414","489"
"4221","599616108946238720","-2135","354","521"
"4222","599616108951118208","-1916","296","500"
"4223","599616108955997696","-1712","239","410"
"4224","599616108960877184","-1537","208","235"
"4225","599616108965756672","-1386","161","50"
"4226","599616108970636160","-1218","91","-65"
"4227","599616108975515648","-1030","25","-173"
"4228","599616108980395136","-874","-25","-267"
"4229","599616108985274624","-732","-57","-293"
"4230","599616108990154112","-570","-81","-255"
"4231","599616108995033600","-462","-72","-197"
"4232","599616108999913088","-352","-59","-126"
"4233","599616109004792576","-245","-37","-42"
"4234","599616109009672064","-150","-26","-5"
"4235","599616109014551552","-57","-17","36"
"4236","599616109019431040","10","-8","70"
"4237","599616109024310528","91","-1","57"
"4238","599616109029190016","132","0","20"
"4239","599616109034069504","241","6","-51"
"4240","599616109038948992","387","20","-60"
"4241","599616109043828480","515","31","-61"
"4242","599616109048707968","670","53","-68"
"4243","599616109053587456","761","71","-48"
"4244","599616109058466944","794","84","-35"
"4245","599616109063346432","808","87","-32"
"4246","599616109068225920","827","87","-32"
"4247","599616109073105408","844","81","-34"
"4248","599616109077984920","822","61","-42"
"4249","599616109082862720","768","32","-49"
"4250","599616109087740544","676","8","-63"
"4251","599616109092618368","555","-10","-75"
"4252","599616109097496064","455","-22","-63"
"4253","599616109102373888","336","-26","-34"
"4254","599616109107251712","214","-28","-8"
"4255","599616109112129536","92","-30","22"
"4256","599616109117007232","-1","-32","46"
"4257","599616109121885056","-85","-31","64"
"4258","599616109126762880","-165","-28","64"
"4259","599616109131640704","-236","-25","50"
"4260","599616109136518400","-280","-17","31"
"4261","599616109141396224","-344","-6","10"
"4262","599616109146274048","-388","13","-7"
"4263","599616109151151872","-435","39","-17"
"4264","599616109156029568","-472","73","-29"
"4265","599616109160907392","-490","89","-39"
"4266","599616109165785216","-493","106","-50"
"4267","599616109170663040","-491","136","-60"
"4268","599616109175540736","-474","168","-54"
"4269","599616109180418560","-426","180","-51"
"4270","599616109185296384","-370","197","-60"
"4271","599616109190174208","-284","206","-61"
"4272","599616109195051904","-230","207","-60"
"4273","599616109199929728","-152","200","-58"
"4274","599616109204807552","-94","194","-48"
"4275","599616109209685376","-34","172","-42"
"4276","599616109214563072","-1","150","-40"
"4277","599616109219440896","20","126","-40"
"4278","599616109224318720","44","101","-43"
"4279","599616109229196544","70","88","-46"
"4280","599616109234074368","97","76","-49"
"4281","599616109238952064","113","48","-65"
"4282","599616109243829888","115","31","-111"
"4283","599616109248707712","111","24","-196"
"4284","599616109253585472","83","-6","-270"
"4285","599616109258463232","54","-33","-320"
"4286","599616109263341056","27","-72","-275"
"4287","599616109268218880","4","-102","-155"
"4288","599616109273096576","-50","-111","9"
"4289","599616109277974400","-184","-90","158"
"4290","599616109282852224","-414","-49","279"
"4291","599616109287730048","-748","3","403"
"4292","599616109292607744","-1235","105","467"
"4293","599616109297485568","-1973","291","596"
"4294","599616109302363392","-3504","878","991"
"4295","599616109307241216","-7315","2208","958"
"4296","599616109312118912","-7986","1585","-2611"
"4297","599616109316996736","-5421","712","-1906"
"4298","599616109321874560","-2242","600","-211"
"4299","599616109326752384","-1522","828","340"
"4300","599616109331630080","-2168","322","769"
"4301","599616109336507904","-3532","-187","477"
"4302","599616109341385728","-5137","-33","-327"
"4303","599616109346263552","-5306","241","-531"
"4304","599616109351141248","-4419","407","-133"
"4305","599616109356019072","-3801","456","155"
"4306","599616109360896896","-3748","458","107"
"4307","599616109365774720","-3867","447","88"
"4308","599616109370652544","-3776","409","142"
"4309","599616109375530240","-3543","361","219"
"4310","599616109380408064","-3255","333","284"
"4311","599616109385285888","-2965","285","361"
"4312","599616109390163712","-2685","286","388"
"4313","599616109395041408","-2416","280","391"
"4314","599616109399919232","-2142","256","398"
"4315","599616109404797056","-1917","225","329"
"4316","599616109409674880","-1720","208","248"
"4317","599616109414552576","-1560","196","125"
"4318","599616109419430400","-1456","191","-22"
"4319","599616109424308224","-1329","194","-142"
"4320","599616109429186044","-1183","188","-186"
"4321","599616109434064640","-1009","170","-228"
"4322","599616109438943232","-843","136","-239"
"4323","599616109443821952","-687","106","-154"
"4324","599616109448700544","-513","90","-77"
"4325","599616109453579264","-391","83","-38"
"4326","599616109458457856","-251","72","-18"
"4327","599616109463336448","-141","60","-5"
"4328","599616109468215168","-15","45","5"
"4329","599616109473093760","51","69","-1"
"4330","599616109477972352","175","65","-11"
"4331","599616109482851072","264","63","-14"
"4332","599616109487729664","377","76","-39"
"4333","599616109492608384","482","60","-42"
"4334","599616109497486976","558","61","-46"
"4335","599616109502365568","615","38","-48"
"4336","599616109507244288","669","33","-56"
"4337","599616109512122880","731","18","-58"
"4338","599616109517001600","761","2","-58"
"4339","599616109521880192","776","-17","-64"
"4340","599616109526758784","774","-24","-75"
"4341","599616109531637504","760","-33","-90"
"4342","599616109536516096","725","-45","-106"
"4343","599616109541394816","639","-51","-115"
"4344","599616109546273408","554","-50","-103"
"4345","599616109551152000","481","-48","-81"
"4346","599616109556030720","400","-35","-57"
"4347","599616109560909312","292","-26","-28"
"4348","599616109565787904","217","-20","-13"
"4349","599616109570666624","124","-13","2"
"4350","599616109575545216","41","7","18"
"4351","599616109580423936","-3","19","31"
"4352","599616109585302528","-45","45","35"
"4353","599616109590181120","-100","66","29"
"4354","599616109595059840","-132","81","22"
"4355","599616109599938432","-196","87","8"
"4356","599616109604817144","-235","96","-6"
"4357","599616109609696640","-269","109","-15"
"4358","599616109614576128","-313","129","-27"
"4359","599616109619455616","-366","143","-42"
"4360","599616109624335104","-387","149","-53"
"4361","599616109629214592","-398","161","-56"
"4362","599616109634094080","-397","170","-65"
"4363","599616109638973568","-384","173","-75"
"4364","599616109643853056","-346","177","-76"
"4365","599616109648732544","-278","179","-79"
"4366","599616109653612032","-234","173","-78"
"4367","599616109658491520","-169","168","-69"
"4368","599616109663371008","-105","167","-68"
"4369","599616109668250496","-43","158","-59"
"4370","599616109673129984","-4","147","-41"
"4371","599616109678009472","14","132","-36"
"4372","599616109682888960","41","109","-50"
"4373","599616109687768448","56","70","-102"
"4374","599616109692647936","51","3","-207"
"4375","599616109697527424","18","-36","-270"
"4376","599616109702406912","1","-94","-290"
"4377","599616109707286400","-20","-136","-241"
"4378","599616109712165888","-80","-145","-117"
"4379","599616109717045376","-190","-132","36"
"4380","599616109721924864","-331","-102","220"
"4381","599616109726804352","-528","-60","398"
"4382","599616109731683840","-796","-46","507"
"4383","599616109736563328","-1152","-40","609"
"4384","599616109741442816","-1826","2","747"
"4385","599616109746322304","-3561","208","1318"
"4386","599616109751201792","-7041","184","1068"
"4387","599616109756081280","-7992","1553","-2772"
"4388","599616109760960768","-5572","829","-1415"
"4389","599616109765840256","-2907","-469","304"
"4390","599616109770719744","-2859","-645","541"
"4391","599616109775599232","-3593","-274","547"
"4392","599616109780478762","-4306","138","235"
"4393","599616109785358208","-4334","560","71"
"4394","599616109790237696","-3875","745","140"
"4395","599616109795117184","-3571","750","99"
"4396","599616109799996672","-3670","658","98"
"4397","599616109804876160","-3778","549","120"
"4398","599616109809755648","-3698","513","205"
"4399","599616109814635136","-3419","524","328"
"4400","599616109819514624","-3067","529","433"
"4401","599616109824394112","-2708","518","477"
"4402","599616109829273600","-2389","493","489"
"4403","599616109834153088","-2100","460","484"
"4404","599616109839032576","-1866","404","451"
"4405","599616109843912064","-1682","334","338"
"4406","599616109848791552","-1525","247","219"
"4407","599616109853671040","-1416","203","83"
"4408","599616109858550528","-1289","176","-86"
"4409","599616109863430016","-1164","155","-217"
"4410","599616109868309504","-980","105","-316"
"4411","599616109873188992","-791","79","-386"
"4412","599616109878068480","-591","23","-300"
"4413","599616109882947968","-437","-14","-228"
"4414","599616109887827456","-271","-32","-181"
"4415","599616109892706944","-136","-42","-137"
"4416","599616109897586432","-19","-64","-135"
"4417","599616109902465920","58","-77","-139"
"4418","599616109907345408","121","-80","-121"
"4419","599616109912224896","201","-69","-85"
"4420","599616109917104384","242","-63","-63"
"4421","599616109921983872","283","-61","-67"
"4422","599616109926863360","392","-49","-121"
"4423","599616109931742848","487","-51","-91"
"4424","599616109936622336","592","-43","-89"
"4425","599616109941501824","702","-37","-77"
"4426","599616109946381312","791","-30","-67"
"4427","599616109951260800","874","-25","-52"
"4428","599616109956140370","884","-14","-46"
"4429","599616109961018240","875","7","-42"
"4430","599616109965896064","806","38","-45"
"4431","599616109970773888","740","74","-53"
"4432","599616109975651584","637","78","-43"
"4433","599616109980529408","526","72","-31"
"4434","599616109985407232","454","54","-23"
"4435","599616109990285056","352","36","-12"
"4436","599616109995162752","243","20","7"
"4437","599616110000040576","151","9","20"
"4438","599616110004918400","65","8","28"
"4439","599616110009796224","2","7","34"
"4440","599616110014673920","-40","14","40"
"4441","599616110019551744","-98","37","39"
"4442","599616110024429568","-130","59","22"
"4443","599616110029307392","-191","77","6"
"4444","599616110034185088","-239","85","-8"
"4445","599616110039062912","-272","86","-22"
"4446","599616110043940736","-330","87","-34"
"4447","599616110048818560","-379","88","-53"
"4448","599616110053696256","-394","84","-74"
"4449","599616110058574080","-412","83","-91"
"4450","599616110063451904","-411","76","-109"
"4451","599616110068329728","-390","63","-127"
"4452","599616110073207424","-367","41","-131"
"4453","599616110078085248","-292","32","-130"
"4454","599616110082963072","-239","33","-124"
"4455","599616110087840896","-197","49","-102"
"4456","599616110092718592","-129","73","-74"
"4457","599616110097596416","-102","85","-44"
"4458","599616110102474240","-44","89","-22"
"4459","599616110107352064","-4","91","-18"
"4460","599616110112229888","13","96","-25"
"4461","599616110117107584","19","91","-41"
"4462","599616110121985408","13","87","-64"
"4463","599616110126863232","-4","84","-91"
"4464","599616110131740922","-59","82","-64"
"4465","599616110136616192","-162","81","4"
"4466","599616110141491456","-265","82","140"
"4467","599616110146366720","-400","80","322"
"4468","599616110151241984","-525","79","508"
"4469","599616110156117248","-692","86","693"
"4470","599616110160992384","-988","120","811"
"4471","599616110165867648","-1560","229","873"
"4472","599616110170742912","-2705","438","1212"
"4473","599616110175618176","-5877","553","1161"
"4474","599616110180493440","-7993","1599","-1436"
"4475","599616110185368704","-6906","747","-1729"
"4476","599616110190243968","-3965","-1146","-159"
"4477","599616110195119232","-2777","-1014","149"
"4478","599616110199994496","-3023","-177","662"
"4479","599616110204869760","-3725","296","830"
"4480","599616110209744896","-4263","698","739"
"4481","599616110214620160","-4219","885","668"
"4482","599616110219495424","-3923","827","550"
"4483","599616110224370688","-3682","712","461"
"4484","599616110229245952","-3524","632","397"
"4485","599616110234121216","-3401","591","468"
"4486","599616110238996480","-3263","572","425"
"4487","599616110243871744","-3085","503","254"
"4488","599616110248747008","-2832","444","217"
"4489","599616110253622272","-2552","367","322"
"4490","599616110258497408","-2309","347","490"
"4491","599616110263372672","-2102","321","584"
"4492","599616110268247936","-1931","287","558"
"4493","599616110273123200","-1766","278","436"
"4494","599616110277998464","-1590","269","225"
"4495","599616110282873728","-1430","233","-10"
"4496","599616110287748992","-1221","192","-202"
"4497","599616110292624256","-1004","110","-299"
"4498","599616110297499520","-782","45","-320"
"4499","599616110302374656","-561","-11","-275"
"4500","599616110307249946","-415","-35","-237"
"4501","599616110312127744","-275","-58","-175"
"4502","599616110317005568","-186","-63","-141"
"4503","599616110321883392","-99","-65","-119"
"4504","599616110326761088","-18","-58","-62"
"4505","599616110331638912","38","-42","-34"
"4506","599616110336516736","116","-34","-35"
"4507","599616110341394560","203","-29","-57"
"4508","599616110346272256","260","-26","-98"
"4509","599616110351150080","347","-25","-137"
"4510","599616110356027904","441","-23","-175"
"4511","599616110360905728","518","-24","-183"
"4512","599616110365783424","619","-21","-176"
"4513","599616110370661248","708","-18","-160"
"4514","599616110375539072","758","-6","-145"
"4515","599616110380416896","770","5","-142"
"4516","599616110385294592","764","39","-167"
"4517","599616110390172416","802","36","-177"
"4518","599616110395050240","793","33","-163"
"4519","599616110399928064","744","27","-168"
"4520","599616110404805760","637","24","-180"
"4521","599616110409683584","534","19","-162"
"4522","599616110414561408","478","10","-125"
"4523","599616110419439232","403","2","-73"
"4524","599616110424317056","310","-4","-32"
"4525","599616110429194752","218","-13","-9"
"4526","599616110434072576","105","-12","12"
"4527","599616110438950400","6","-13","35"
"4528","599616110443828224","-86","-13","37"
"4529","599616110448705920","-201","-9","43"
"4530","599616110453583744","-292","-2","24"
"4531","599616110458461568","-396","2","10"
"4532","599616110463339392","-476","18","-8"
"4533","599616110468217088","-517","25","-21"
"4534","599616110473094912","-574","34","-33"
"4535","599616110477972736","-610","49","-45"
"4536","599616110482850512","-607","64","-59"
"4537","599616110487729152","-570","70","-65"
"4538","599616110492607744","-514","69","-59"
"4539","599616110497486464","-471","75","-46"
"4540","599616110502365056","-391","62","-28"
"4541","599616110507243776","-297","65","-16"
"4542","599616110512122368","-230","68","-8"
"4543","599616110517000960","-157","72","4"
"4544","599616110521879680","-96","78","20"
"4545","599616110526758272","-30","80","34"
"4546","599616110531636864","2","85","46"
"4547","599616110536515584","30","91","49"
"4548","599616110541394176","62","92","50"
"4549","599616110546272896","78","92","38"
"4550","599616110551151488","78","87","30"
"4551","599616110556030080","40","74","10"
"4552","599616110560908800","-2","39","-12"
"4553","599616110565787392","-65","24","-13"
"4554","599616110570666112","-142","30","47"
"4555","599616110575544704","-232","57","180"
"4556","599616110580423296","-366","71","317"
"4557","599616110585302016","-603","83","453"
"4558","599616110590180608","-1002","121","623"
"4559","599616110595059328","-1694","200","902"
"4560","599616110599937920","-3418","-73","1784"
"4561","599616110604816512","-7659","555","590"
"4562","599616110609695232","-7871","3172","-3587"
"4563","599616110614573824","-4451","1449","-499"
"4564","599616110619452416","-2043","-217","1047"
"4565","599616110624331136","-2128","-663","869"
"4566","599616110629209728","-3238","-396","629"
"4567","599616110634088448","-4795","189","177"
"4568","599616110638967040","-5409","647","-500"
"4569","599616110643845632","-4331","847","-429"
"4570","599616110648724352","-3354","822","85"
"4571","599616110653602944","-3221","726","435"
"4572","599616110658481612","-3499","729","574"
"4573","599616110663360256","-3540","806","579"
"4574","599616110668238848","-3299","848","473"
"4575","599616110673117568","-3005","769","366"
"4576","599616110677996160","-2750","629","374"
"4577","599616110682874880","-2511","503","470"
"4578","599616110687753472","-2294","441","518"
"4579","599616110692632064","-2090","367","444"
"4580","599616110697510784","-1909","292","251"
"4581","599616110702389376","-1680","223","54"
"4582","599616110707267968","-1466","180","-63"
"4583","599616110712146688","-1267","93","-137"
"4584","599616110717025280","-1069","8","-175"
"4585","599616110721904000","-875","-37","-175"
"4586","599616110726782592","-681","-64","-192"
"4587","599616110731661184","-515","-73","-164"
"4588","599616110736539904","-392","-66","-129"
"4589","599616110741418496","-267","-48","-86"
"4590","599616110746297216","-197","-34","-39"
"4591","599616110751175808","-114","-16","-39"
"4592","599616110756054400","-30","4","-33"
"4593","599616110760933120","37","22","-46"
"4594","599616110765811712","169","28","-61"
"4595","599616110770690304","267","51","-64"
"4596","599616110775569024","426","42","-73"
"4597","599616110780447616","534","21","-54"
"4598","599616110785326336","606","9","-46"
"4599","599616110790204928","667","-6","-56"
"4600","599616110795083520","728","-24","-56"
"4601","599616110799962240","754","-32","-57"
"4602","599616110804840832","758","-39","-65"
"4603","599616110809719552","759","-40","-83"
"4604","599616110814598144","757","-40","-102"
"4605","599616110819476736","731","-37","-123"
"4606","599616110824355456","673","-33","-129"
"4607","599616110829234048","602","-28","-132"
"4608","599616110834112702","515","-21","-125"
"4609","599616110838991232","465","-11","-93"
"4610","599616110843869824","384","7","-46"
"4611","599616110848748544","284","19","-13"
"4612","599616110853627136","213","27","18"
"4613","599616110858505856","113","38","35"
"4614","599616110863384448","28","55","45"
"4615","599616110868263040","-26","57","40"
"4616","599616110873141760","-106","68","31"
"4617","599616110878020352","-185","73","15"
"4618","599616110882898944","-243","84","-5"
"4619","599616110887777664","-302","84","-15"
"4620","599616110892656256","-374","87","-24"
"4621","599616110897534976","-418","88","-32"
"4622","599616110902413568","-461","90","-35"
"4623","599616110907292160","-486","91","-39"
"4624","599616110912170880","-491","98","-43"
"4625","599616110917049472","-489","100","-46"
"4626","599616110921928192","-469","111","-53"
"4627","599616110926806784","-422","116","-65"
"4628","599616110931685376","-372","116","-61"
"4629","599616110936564096","-292","119","-58"
"4630","599616110941442688","-234","114","-65"
"4631","599616110946321280","-165","109","-66"
"4632","599616110951200000","-100","99","-69"
"4633","599616110956078592","-38","95","-73"
"4634","599616110960957312","-1","90","-67"
"4635","599616110965835904","20","87","-69"
"4636","599616110970714496","49","84","-64"
"4637","599616110975593216","65","86","-87"
"4638","599616110980471808","74","86","-158"
"4639","599616110985350528","48","72","-261"
"4640","599616110990229120","7","18","-354"
"4641","599616110995107712","-22","-21","-401"
"4642","599616110999986432","-36","-43","-342"
"4643","599616111004865024","-54","-77","-176"
"4644","599616111009743792","-132","-93","47"
"4645","599616111014622336","-295","-87","252"
"4646","599616111019500928","-561","-64","431"
"4647","599616111024379648","-912","-55","552"
"4648","599616111029258240","-1350","-43","691"
"4649","599616111034136960","-2072","-41","947"
"4650","599616111039015552","-4079","-768","1874"
"4651","599616111043894144","-7762","394","5"
"4652","599616111048772864","-7358","2497","-2430"
"4653","599616111053651456","-4083","1269","-312"
"4654","599616111058530048","-2734","-678","551"
"4655","599616111063408768","-3052","-1037","506"
"4656","599616111068287360","-4149","-201","249"
"4657","599616111073166080","-4599","380","-17"
"4658","599616111078044672","-4337","645","38"
"4659","599616111082923264","-3831","727","190"
"4660","599616111087801984","-3488","685","301"
"4661","599616111092680576","-3490","669","472"
"4662","599616111097559296","-3668","721","586"
"4663","599616111102437888","-3770","754","677"
"4664","599616111107316480","-3666","751","672"
"4665","599616111112195200","-3390","669","597"
"4666","599616111117073792","-3050","523","509"
"4667","599616111121952384","-2729","456","473"
"4668","599616111126831104","-2457","440","465"
"4669","599616111131709696","-2209","427","474"
"4670","599616111136588416","-1998","383","461"
"4671","599616111141467008","-1812","325","407"
"4672","599616111146345600","-1635","260","307"
"4673","599616111151224320","-1467","219","211"
"4674","599616111156102912","-1285","200","66"
"4675","599616111160981632","-1098","132","-39"
"4676","599616111165860224","-920","54","-117"
"4677","599616111170738816","-739","-17","-234"
"4678","599616111175617536","-586","-55","-300"
"4679","599616111180496128","-469","-96","-279"
"4680","599616111185374882","-344","-121","-255"
"4681","599616111190250112","-244","-112","-240"
"4682","599616111195125376","-165","-89","-195"
"4683","599616111200000640","-75","-65","-142"
"4684","599616111204875904","-2","-43","-101"
"4685","599616111209751168","62","-37","-42"
"4686","599616111214626304","110","-30","-94"
"4687","599616111219501568","192","-31","-169"
"4688","599616111224376832","273","-39","-200"
"4689","599616111229252096","360","-43","-207"
"4690","599616111234127360","493","-54","-208"
"4691","599616111239002624","586","-54","-214"
"4692","599616111243877888","717","-63","-177"
"4693","599616111248753152","777","-67","-135"
"4694","599616111253628416","850","-63","-121"
"4695","599616111258503680","885","-59","-70"
"4696","599616111263378816","885","-46","-78"
"4697","599616111268254080","858","-32","-120"
"4698","599616111273129344","786","-22","-128"
"4699","599616111278004608","740","-7","-128"
"4700","599616111282879872","644","-2","-115"
"4701","599616111287755136","541","-8","-99"
"4702","599616111292630400","460","-10","-67"
"4703","599616111297505664","349","-7","-48"
"4704","599616111302380928","243","-6","-35"
"4705","599616111307256064","140","8","-24"
"4706","599616111312131328","45","19","-11"
"4707","599616111317006592","-14","42","5"
"4708","599616111321881856","-83","67","19"
"4709","599616111326757120","-153","85","28"
"4710","599616111331632384","-229","94","32"
"4711","599616111336507648","-296","106","34"
"4712","599616111341382912","-381","124","34"
"4713","599616111346258176","-458","144","32"
"4714","599616111351133312","-496","153","27"
"4715","599616111356008576","-528","152","17"
"4716","599616111360883896","-549","154","10"
"4717","599616111365761664","-543","153","0"
"4718","599616111370639488","-514","148","0"
"4719","599616111375517312","-487","155","-6"
"4720","599616111380395008","-429","149","-13"
"4721","599616111385272832","-348","142","-15"
"4722","599616111390150656","-252","140","-16"
"4723","599616111395028480","-184","126","-11"
"4724","599616111399906176","-104","115","-1"
"4725","599616111404784000","-35","102","17"
"4726","599616111409661824","2","99","45"
"4727","599616111414539648","31","92","71"
"4728","599616111419417344","63","87","47"
"4729","599616111424295168","71","70","-2"
"4730","599616111429172992","51","31","-55"
"4731","599616111434050816","12","-5","-135"
"4732","599616111438928512","-12","-22","-169"
"4733","599616111443806336","-48","-30","-114"
"4734","599616111448684160","-115","-27","22"
"4735","599616111453561984","-219","-17","193"
"4736","599616111458439680","-398","15","350"
"4737","599616111463317504","-666","76","486"
"4738","599616111468195328","-1104","156","672"
"4739","599616111473073152","-1886","300","938"
"4740","599616111477950976","-3826","496","1874"
"4741","599616111482828672","-7707","1275","402"
"4742","599616111487706496","-7744","2848","-3255"
"4743","599616111492584320","-4040","-189","-304"
"4744","599616111497462144","-2326","-2023","348"
"4745","599616111502339840","-2628","-1176","263"
"4746","599616111507217664","-3752","263","582"
"4747","599616111512095488","-4637","920","734"
"4748","599616111516973312","-4498","1215","721"
"4749","599616111521851008","-3713","1186","762"
"4750","599616111526728832","-3238","1000","746"
"4751","599616111531606656","-3241","825","566"
"4752","599616111536484462","-3377","707","544"
"4753","599616111541363072","-3345","655","611"
"4754","599616111546241664","-3188","612","549"
"4755","599616111551120384","-2989","506","448"
"4756","599616111555998976","-2715","401","446"
"4757","599616111560877696","-2395","289","503"
"4758","599616111565756288","-2088","218","553"
"4759","599616111570634880","-1844","171","501"
"4760","599616111575513600","-1662","108","429"
"4761","599616111580392192","-1513","77","281"
"4762","599616111585270784","-1380","51","102"
"4763","599616111590149504","-1228","20","-70"
"4764","599616111595028096","-1075","-12","-211"
"4765","599616111599906816","-927","-28","-261"
"4766","599616111604785408","-728","-42","-257"
"4767","599616111609664000","-552","-55","-238"
"4768","599616111614542720","-436","-60","-182"
"4769","599616111619421312","-311","-63","-132"
"4770","599616111624300032","-223","-69","-90"
"4771","599616111629178624","-122","-74","-28"
"4772","599616111634057216","-31","-82","13"
"4773","599616111638935936","29","-84","34"
"4774","599616111643814528","114","-78","5"
"4775","599616111648693248","219","-63","-26"
"4776","599616111653571840","319","-47","-48"
"4777","599616111658450432","436","-40","-64"
"4778","599616111663329152","496","-37","-47"
"4779","599616111668207744","577","-28","-75"
"4780","599616111673086336","721","-25","-70"
"4781","599616111677965056","819","-21","-45"
"4782","599616111682843648","893","3","-44"
"4783","599616111687722368","968","23","-51"
"4784","599616111692600960","978","41","-61"
"4785","599616111697479552","916","80","-126"
"4786","599616111702358272","837","86","-162"
"4787","599616111707236864","749","87","-192"
"4788","599616111712115562","646","84","-139"
"4789","599616111716994176","555","68","-69"
"4790","599616111721872768","472","72","-37"
"4791","599616111726751488","367","74","-1"
"4792","599616111731630080","252","68","55"
"4793","599616111736508800","131","78","68"
"4794","599616111741387392","20","84","69"
"4795","599616111746265984","-63","89","68"
"4796","599616111751144704","-167","91","57"
"4797","599616111756023296","-249","103","50"
"4798","599616111760901888","-331","119","37"
"4799","599616111765780608","-407","135","24"
"4800","599616111770659200","-477","150","8"
"4801","599616111775537920","-512","160","-6"
"4802","599616111780416512","-560","162","-15"
"4803","599616111785295104","-599","165","-24"
"4804","599616111790173824","-603","160","-32"
"4805","599616111795052416","-575","151","-35"
"4806","599616111799931136","-526","150","-40"
"4807","599616111804809728","-483","153","-40"
"4808","599616111809688320","-413","151","-35"
"4809","599616111814567040","-332","152","-28"
"4810","599616111819445632","-249","156","-24"
"4811","599616111824324224","-191","153","-27"
"4812","599616111829202944","-113","158","-30"
"4813","599616111834081536","-50","154","-39"
"4814","599616111838960256","-15","147","-68"
"4815","599616111843838848","6","121","-109"
"4816","599616111848717440","16","84","-151"
"4817","599616111853596160","15","35","-224"
"4818","599616111858474752","8","-10","-272"
"4819","599616111863353472","-4","-33","-287"
"4820","599616111868232064","-44","-58","-223"
"4821","599616111873110656","-125","-75","-76"
"4822","599616111877989376","-236","-82","56"
"4823","599616111882867968","-396","-76","181"
"4824","599616111887746652","-609","-41","261"
"4825","599616111892624512","-923","-21","345"
"4826","599616111897502336","-1403","38","393"
"4827","599616111902380160","-2342","140","788"
"4828","599616111907257856","-5595","-360","1439"
"4829","599616111912135680","-7993","1645","-1778"
"4830","599616111917013504","-6845","2502","-2987"
"4831","599616111921891328","-2831","25","614"
"4832","599616111926769024","-2358","-1906","747"
"4833","599616111931646848","-3406","-931","84"
"4834","599616111936524672","-4438","341","-347"
"4835","599616111941402496","-4491","855","-214"
"4836","599616111946280192","-4002","1101","110"
"4837","599616111951158016","-3653","1161","357"
"4838","599616111956035840","-3608","1096","381"
"4839","599616111960913664","-3707","1044","265"
"4840","599616111965791360","-3725","985","218"
"4841","599616111970669184","-3579","925","331"
"4842","599616111975547008","-3328","808","476"
"4843","599616111980424832","-3061","671","550"
"4844","599616111985302528","-2800","529","600"
"4845","599616111990180352","-2537","448","623"
"4846","599616111995058176","-2292","375","601"
"4847","599616111999936000","-2032","289","507"
"4848","599616112004813696","-1803","203","420"
"4849","599616112009691520","-1614","112","217"
"4850","599616112014569344","-1422","30","65"
"4851","599616112019447168","-1179","-27","-147"
"4852","599616112024324992","-1006","-73","-369"
"4853","599616112029202688","-874","-132","-455"
"4854","599616112034080512","-693","-159","-460"
"4855","599616112038958336","-543","-198","-388"
"4856","599616112043836160","-429","-209","-245"
"4857","599616112048713856","-271","-207","-193"
"4858","599616112053591680","-146","-199","-137"
"4859","599616112058469504","-25","-183","-80"
"4860","599616112063347214","64","-157","-13"
"4861","599616112068226688","167","-148","20"
"4862","599616112073106176","231","-136","9"
"4863","599616112077985664","276","-122","-13"
"4864","599616112082865152","420","-94","-42"
"4865","599616112087744640","542","-77","-30"
"4866","599616112092624128","688","-57","-41"
"4867","599616112097503616","862","-47","-47"
"4868","599616112102383104","1002","-41","-45"
"4869","599616112107262592","1109","-21","-54"
"4870","599616112112142080","1197","17","-53"
"4871","599616112117021568","1184","81","-78"
"4872","599616112121901056","1083","146","-125"
"4873","599616112126780544","961","199","-139"
"4874","599616112131660032","821","215","-136"
"4875","599616112136539520","706","216","-111"
"4876","599616112141419008","588","210","-51"
"4877","599616112146298496","486","184","-9"
"4878","599616112151177984","390","152","57"
"4879","599616112156057472","269","115","107"
"4880","599616112160936960","159","97","129"
"4881","599616112165816448","34","95","126"
"4882","599616112170695936","-61","95","119"
"4883","599616112175575424","-170","98","119"
"4884","599616112180454912","-275","122","76"
"4885","599616112185334400","-387","145","15"
"4886","599616112190213888","-461","154","-3"
"4887","599616112195093376","-493","154","14"
"4888","599616112199972864","-533","148","10"
"4889","599616112204852352","-577","135","-2"
"4890","599616112209731840","-609","119","-9"
"4891","599616112214611328","-615","99","-21"
"4892","599616112219490816","-612","89","-41"
"4893","599616112224370304","-569","86","-66"
"4894","599616112229249792","-509","79","-85"
"4895","599616112234129280","-459","71","-98"
"4896","599616112239008842","-366","46","-107"
"4897","599616112243887488","-258","29","-115"
"4898","599616112248766080","-181","17","-122"
"4899","599616112253644800","-100","8","-130"
"4900","599616112258523392","-35","1","-138"
"4901","599616112263402112","0","-3","-148"
"4902","599616112268280704","26","-5","-157"
"4903","599616112273159296","56","-15","-149"
"4904","599616112278038016","71","-21","-181"
"4905","599616112282916608","62","-34","-246"
"4906","599616112287795200","22","-48","-300"
"4907","599616112292673920","-17","-89","-327"
"4908","599616112297552512","-69","-132","-288"
"4909","599616112302431232","-104","-147","-197"
"4910","599616112307309824","-152","-137","-43"
"4911","599616112312188416","-299","-81","144"
"4912","599616112317067136","-526","-31","324"
"4913","599616112321945728","-838","22","475"
"4914","599616112326824448","-1208","88","583"
"4915","599616112331703040","-1732","156","684"
"4916","599616112336581632","-2790","-15","1190"
"4917","599616112341460352","-6139","-391","743"
"4918","599616112346338944","-7993","1605","-1849"
"4919","599616112351217536","-5916","1560","-1261"
"4920","599616112356096256","-3349","-1093","194"
"4921","599616112360974848","-2831","-1601","36"
"4922","599616112365853568","-3602","-422","-29"
"4923","599616112370732160","-4096","328","-54"
"4924","599616112375610752","-4074","738","190"
"4925","599616112380489472","-3929","952","551"
"4926","599616112385368064","-3702","905","750"
"4927","599616112390246784","-3564","808","690"
"4928","599616112395125376","-3606","734","484"
"4929","599616112400003968","-3713","708","338"
"4930","599616112404882688","-3644","615","338"
"4931","599616112409761280","-3358","479","424"
"4932","599616112414639922","-2974","344","472"
"4933","599616112419516800","-2633","216","488"
"4934","599616112424393728","-2344","147","525"
"4935","599616112429270656","-2085","109","542"
"4936","599616112434147584","-1887","92","499"
"4937","599616112439024640","-1705","87","384"
"4938","599616112443901568","-1520","71","253"
"4939","599616112448778496","-1327","53","88"
"4940","599616112453655424","-1181","25","-104"
"4941","599616112458532352","-1052","-3","-266"
"4942","599616112463409280","-893","-25","-339"
"4943","599616112468286208","-683","-41","-399"
"4944","599616112473163136","-488","-60","-364"
"4945","599616112478040192","-344","-66","-253"
"4946","599616112482917120","-237","-71","-167"
"4947","599616112487794048","-152","-66","-120"
"4948","599616112492670976","-73","-59","-59"
"4949","599616112497547904","-3","-50","-23"
"4950","599616112502424832","61","-42","-6"
"4951","599616112507301760","139","-36","6"
"4952","599616112512178816","223","-30","-4"
"4953","599616112517055744","294","-28","-16"
"4954","599616112521932672","416","-23","-24"
"4955","599616112526809600","504","-17","-42"
"4956","599616112531686528","603","-4","-69"
"4957","599616112536563456","707","19","-70"
"4958","599616112541440384","764","44","-72"
"4959","599616112546317440","803","63","-67"
"4960","599616112551194368","839","81","-75"
"4961","599616112556071296","834","90","-86"
"4962","599616112560948224","805","93","-100"
"4963","599616112565825152","760","101","-116"
"4964","599616112570702080","693","93","-115"
"4965","599616112575579008","607","88","-103"
"4966","599616112580455936","516","83","-79"
"4967","599616112585332992","452","72","-54"
"4968","599616112590209956","352","55","-26"
"4969","599616112595086848","250","42","-9"
"4970","599616112599963776","148","31","18"
"4971","599616112604840704","54","42","39"
"4972","599616112609717632","-14","60","48"
"4973","599616112614594688","-98","80","52"
"4974","599616112619471616","-187","88","46"
"4975","599616112624348544","-256","95","33"
"4976","599616112629225472","-339","110","15"
"4977","599616112634102400","-406","122","-1"
"4978","599616112638979328","-467","127","-14"
"4979","599616112643856256","-493","121","-27"
"4980","599616112648733312","-505","119","-46"
"4981","599616112653610240","-506","108","-75"
"4982","599616112658487168","-494","100","-77"
"4983","599616112663364096","-479","91","-107"
"4984","599616112668241024","-430","87","-126"
"4985","599616112673117952","-353","84","-125"
"4986","599616112677994880","-244","83","-68"
"4987","599616112682871936","-155","81","-14"
"4988","599616112687748864","-111","77","-13"
"4989","599616112692625792","-66","72","-7"
"4990","599616112697502720","-20","52","-8"
"4991","599616112702379648","1","29","-23"
"4992","599616112707256576","10","3","-73"
"4993","599616112712133504","8","-24","-131"
"4994","599616112717010560","-5","-49","-133"
"4995","599616112721887488","-45","-62","-91"
"4996","599616112726764416","-132","-54","-21"
"4997","599616112731641344","-236","-46","65"
"4998","599616112736518272","-347","-49","152"
"4999","599616112741395200","-467","-51","206"
"5000","599616112746272128","-646","-50","221"
"5001","599616112751149056","-955","-45","262"
"5002","599616112756026112","-1485","-55","442"
"5003","599616112760903040","-2497","-219","1059"
"5004","599616112765780010","-6185","-682","1128"
"5005","599616112770660352","-7988","1760","-2514"
"5006","599616112775540736","-4765","1744","-1072"
"5007","599616112780420992","-2045","-93","1003"
"5008","599616112785301376","-2281","-1128","750"
"5009","599616112790181760","-3820","-735","123"
"5010","599616112795062016","-4738","181","-315"
"5011","599616112799942400","-4513","931","30"
"5012","599616112804822656","-3833","1114","503"
"5013","599616112809703040","-3253","1002","796"
"5014","599616112814583424","-3167","891","825"
"5015","599616112819463680","-3399","815","629"
"5016","599616112824344064","-3540","770","466"
"5017","599616112829224448","-3472","743","393"
"5018","599616112834104704","-3229","710","365"
"5019","599616112838985088","-2993","614","344"
"5020","599616112843865344","-2758","507","362"
"5021","599616112848745728","-2488","438","394"
"5022","599616112853626112","-2183","381","399"
"5023","599616112858506368","-1900","359","354"
"5024","599616112863386752","-1688","352","218"
"5025","599616112868267136","-1521","311","125"
"5026","599616112873147392","-1337","254","-24"
"5027","599616112878027776","-1176","204","-209"
"5028","599616112882908160","-1026","122","-257"
"5029","599616112887788416","-879","43","-227"
"5030","599616112892668800","-754","-11","-175"
"5031","599616112897549056","-651","-33","-72"
"5032","599616112902429440","-571","-53","-2"
"5033","599616112907309824","-500","-63","16"
"5034","599616112912190080","-463","-51","9"
"5035","599616112917070464","-390","-40","3"
"5036","599616112921950848","-309","-30","0"
"5037","599616112926831104","-238","-25","-3"
"5038","599616112931711488","-164","-28","-6"
"5039","599616112936591872","-83","-32","-3"
"5040","599616112941472140","3","-33","-2"
"5041","599616112946353280","86","-37","-9"
"5042","599616112951234432","180","-38","-22"
"5043","599616112956115712","255","-43","-33"
"5044","599616112960996864","329","-42","-37"
"5045","599616112965878016","385","-43","-46"
"5046","599616112970759168","416","-39","-61"
"5047","599616112975640448","442","-33","-93"
"5048","599616112980521600","460","-23","-118"
"5049","599616112985402752","521","-14","-102"
"5050","599616112990283904","583","4","-70"
"5051","599616112995165184","622","22","-71"
"5052","599616113000046336","656","34","-67"
"5053","599616113004927488","684","49","-65"
"5054","599616113009808640","688","63","-62"
"5055","599616113014689920","652","82","-53"
"5056","599616113019571072","609","87","-39"
"5057","599616113024452224","541","91","-25"
"5058","599616113029333376","487","91","-11"
"5059","599616113034214656","412","103","7"
"5060","599616113039095808","328","101","30"
"5061","599616113043976960","234","101","40"
"5062","599616113048858112","130","109","32"
"5063","599616113053739392","22","102","31"
"5064","599616113058620544","-69","98","18"
"5065","599616113063501696","-179","95","5"
"5066","599616113068382848","-267","93","-14"
"5067","599616113073264128","-368","91","-25"
"5068","599616113078145280","-445","87","-44"
"5069","599616113083026432","-494","84","-68"
"5070","599616113087907584","-521","81","-96"
"5071","599616113092788864","-539","72","-115"
"5072","599616113097670016","-528","66","-128"
"5073","599616113102551168","-496","62","-129"
"5074","599616113107432320","-461","45","-126"
"5075","599616113112313600","-382","39","-119"
"5076","599616113117194794","-281","26","-89"
"5077","599616113122075136","-214","15","-61"
"5078","599616113126955520","-133","9","-55"
"5079","599616113131835776","-81","-2","-45"
"5080","599616113136716160","-28","-13","-29"
"5081","599616113141596544","-3","-21","-34"
"5082","599616113146476800","-3","-27","-97"
"5083","599616113151357184","-18","-45","-179"
"5084","599616113156237440","-35","-69","-190"
"5085","599616113161117824","-63","-89","-132"
"5086","599616113165998208","-117","-99","-70"
"5087","599616113170878464","-220","-101","2"
"5088","599616113175758848","-364","-87","97"
"5089","599616113180639232","-567","-100","206"
"5090","599616113185519488","-865","-138","321"
"5091","599616113190399872","-1291","-178","449"
"5092","599616113195280128","-2026","-474","839"
"5093","599616113200160512","-4992","-1917","1614"
"5094","599616113205040896","-7993","1394","-1723"
"5095","599616113209921152","-6887","3618","-2910"
"5096","599616113214801536","-3105","1401","528"
"5097","599616113219681920","-1912","-503","863"
"5098","599616113224562176","-2826","-810","540"
"5099","599616113229442560","-4123","-233","-184"
"5100","599616113234322816","-4708","435","-586"
"5101","599616113239203200","-4532","859","-430"
"5102","599616113244083584","-3781","972","30"
"5103","599616113248963840","-3282","886","453"
"5104","599616113253844224","-3396","743","583"
"5105","599616113258724608","-3672","706","462"
"5106","599616113263604864","-3759","716","303"
"5107","599616113268485248","-3566","677","261"
"5108","599616113273365632","-3218","532","309"
"5109","599616113278245888","-2885","379","383"
"5110","599616113283126272","-2599","253","450"
"5111","599616113288006528","-2398","232","480"
"5112","599616113292886910","-2189","244","491"
"5113","599616113297764736","-1980","244","463"
"5114","599616113302642560","-1783","235","334"
"5115","599616113307520384","-1590","223","191"
"5116","599616113312398080","-1407","201","71"
"5117","599616113317275904","-1213","149","-72"
"5118","599616113322153728","-1050","74","-219"
"5119","599616113327031552","-872","-3","-262"
"5120","599616113331909248","-664","-41","-268"
"5121","599616113336787072","-502","-72","-297"
"5122","599616113341664896","-396","-84","-288"
"5123","599616113346542720","-272","-73","-261"
"5124","599616113351420416","-165","-57","-254"
"5125","599616113356298240","-54","-46","-224"
"5126","599616113361176064","20","-33","-162"
"5127","599616113366053888","115","-39","-71"
"5128","599616113370931584","166","-28","-52"
"5129","599616113375809408","315","-38","-47"
"5130","599616113380687232","424","-44","-46"
"5131","599616113385565056","525","-36","-89"
"5132","599616113390442880","665","-33","-84"
"5133","599616113395320576","768","-31","-81"
"5134","599616113400198400","840","-25","-96"
"5135","599616113405076224","924","-22","-96"
"5136","599616113409954048","983","-20","-80"
"5137","599616113414831744","994","-8","-81"
"5138","599616113419709568","995","7","-94"
"5139","599616113424587392","963","28","-119"
"5140","599616113429465216","849","57","-130"
"5141","599616113434342912","738","75","-134"
"5142","599616113439220736","628","78","-125"
"5143","599616113444098560","533","77","-87"
"5144","599616113448976384","473","71","-46"
"5145","599616113453854080","385","67","-19"
"5146","599616113458731904","275","61","-1"
"5147","599616113463609728","180","62","21"
"5148","599616113468487488","69","68","34"
"5149","599616113473366912","-15","69","52"
"5150","599616113478246400","-100","76","46"
"5151","599616113483125888","-199","77","37"
"5152","599616113488005376","-265","79","20"
"5153","599616113492884864","-361","81","-1"
"5154","599616113497764352","-437","76","-17"
"5155","599616113502643840","-493","77","-34"
"5156","599616113507523328","-535","74","-47"
"5157","599616113512402816","-576","74","-61"
"5158","599616113517282304","-592","78","-63"
"5159","599616113522161792","-567","80","-63"
"5160","599616113527041280","-523","83","-59"
"5161","599616113531920768","-484","87","-65"
"5162","599616113536800256","-412","89","-56"
"5163","599616113541679744","-321","92","-44"
"5164","599616113546559232","-235","92","-30"
"5165","599616113551438720","-153","89","-23"
"5166","599616113556318208","-81","88","-14"
"5167","599616113561197696","-18","87","-5"
"5168","599616113566077184","6","86","2"
"5169","599616113570956672","28","83","2"
"5170","599616113575836160","47","79","-32"
"5171","599616113580715648","38","54","-136"
"5172","599616113585595136","4","25","-249"
"5173","599616113590474624","-33","-7","-292"
"5174","599616113595354112","-88","-21","-249"
"5175","599616113600233600","-147","-26","-124"
"5176","599616113605113088","-260","-20","26"
"5177","599616113609992576","-444","25","304"
"5178","599616113614872064","-703","53","604"
"5179","599616113619751552","-1041","48","893"
"5180","599616113624631040","-1491","61","1042"
"5181","599616113629510528","-2503","-99","1669"
"5182","599616113634390016","-5997","-1162","1712"
"5183","599616113639269504","-7993","3246","-2721"
"5184","599616113644149116","-6280","2378","-1800"
"5185","599616113649026944","-3441","-1267","186"
"5186","599616113653904768","-2723","-1857","197"
"5187","599616113658782592","-3642","-324","188"
"5188","599616113663660288","-4525","705","-112"
"5189","599616113668538112","-4597","1037","8"
"5190","599616113673415936","-3926","1166","335"
"5191","599616113678293760","-3274","1045","683"
"5192","599616113683171456","-3176","889","775"
"5193","599616113688049280","-3517","763","570"
"5194","599616113692927104","-3793","710","393"
"5195","599616113697804928","-3673","585","345"
"5196","599616113702682624","-3254","394","342"
"5197","599616113707560448","-2805","169","355"
"5198","599616113712438272","-2443","56","368"
"5199","599616113717316096","-2159","78","414"
"5200","599616113722193792","-1947","100","424"
"5201","599616113727071616","-1778","125","352"
"5202","599616113731949440","-1651","148","188"
"5203","599616113736827264","-1542","160","72"
"5204","599616113741704960","-1380","154","1"
"5205","599616113746582784","-1195","114","-78"
"5206","599616113751460608","-1056","70","-147"
"5207","599616113756338432","-880","3","-148"
"5208","599616113761216128","-648","-31","-185"
"5209","599616113766093952","-457","-51","-231"
"5210","599616113770971776","-291","-64","-199"
"5211","599616113775849600","-167","-64","-164"
"5212","599616113780727296","-57","-53","-145"
"5213","599616113785605120","13","-37","-125"
"5214","599616113790482944","97","-28","-97"
"5215","599616113795360768","198","-22","-92"
"5216","599616113800238592","268","-19","-88"
"5217","599616113805116288","340","-14","-90"
"5218","599616113809994112","395","10","-125"
"5219","599616113814871936","507","22","-134"
"5220","599616113819749668","597","39","-98"
"5221","599616113824621440","692","77","-126"
"5222","599616113829493248","800","85","-121"
"5223","599616113834365184","883","88","-108"
"5224","599616113839236992","956","89","-103"
"5225","599616113844108928","982","90","-97"
"5226","599616113848980736","974","93","-104"
"5227","599616113853852544","917","98","-128"
"5228","599616113858724480","823","94","-136"
"5229","599616113863596288","733","94","-152"
"5230","599616113868468224","625","89","-141"
"5231","599616113873340032","532","78","-124"
"5232","599616113878211840","473","62","-83"
"5233","599616113883083776","387","68","-38"
"5234","599616113887955584","277","61","-12"
"5235","599616113892827520","181","67","12"
"5236","599616113897699328","67","63","39"
"5237","599616113902571136","-25","72","66"
"5238","599616113907443072","-138","75","62"
"5239","599616113912314880","-247","81","49"
"5240","599616113917186816","-360","78","25"
"5241","599616113922058624","-456","80","4"
"5242","599616113926930432","-511","79","-15"
"5243","599616113931802368","-573","80","-27"
"5244","599616113936674176","-616","78","-39"
"5245","599616113941546112","-619","77","-53"
"5246","599616113946417920","-610","80","-72"
"5247","599616113951289728","-564","78","-80"
"5248","599616113956161664","-497","80","-88"
"5249","599616113961033472","-432","84","-88"
"5250","599616113965905408","-339","83","-92"
"5251","599616113970777216","-244","86","-101"
"5252","599616113975649152","-154","84","-89"
"5253","599616113980520960","-71","83","-81"
"5254","599616113985392768","-5","82","-69"
"5255","599616113990264704","31","85","-47"
"5256","599616113995136616","83","84","-27"
"5257","599616114000014464","115","82","-6"
"5258","599616114004892288","140","83","17"
"5259","599616114009770112","163","84","24"
"5260","599616114014647808","165","79","-1"
"5261","599616114019525632","127","50","-68"
"5262","599616114024403456","59","20","-162"
"5263","599616114029281280","1","-5","-248"
"5264","599616114034158976","-26","-25","-264"
"5265","599616114039036800","-76","-26","-227"
"5266","599616114043914624","-164","-27","-88"
"5267","599616114048792448","-331","-22","62"
"5268","599616114053670144","-600","-15","247"
"5269","599616114058547968","-1007","-21","436"
"5270","599616114063425792","-1600","-60","684"
"5271","599616114068303616","-2752","-896","1556"
"5272","599616114073181312","-6991","-1499","1586"
"5273","599616114078059136","-7993","3782","-3651"
"5274","599616114082936960","-5865","2430","-1903"
"5275","599616114087814784","-3051","-1280","157"
"5276","599616114092692480","-2709","-1313","273"
"5277","599616114097570304","-3985","237","-38"
"5278","599616114102448128","-4800","839","-546"
"5279","599616114107325952","-4511","949","-494"
"5280","599616114112203776","-3560","1021","162"
"5281","599616114117081472","-2990","982","607"
"5282","599616114121959296","-3229","876","687"
"5283","599616114126837120","-3753","786","564"
"5284","599616114131714944","-3954","790","424"
"5285","599616114136592640","-3701","827","294"
"5286","599616114141470464","-3284","735","229"
"5287","599616114146348288","-2911","546","216"
"5288","599616114151226112","-2605","437","215"
"5289","599616114156103808","-2324","399","284"
"5290","599616114160981632","-2054","409","393"
"5291","599616114165859456","-1845","421","432"
"5292","599616114170737186","-1683","427","358"
"5293","599616114175614080","-1539","414","216"
"5294","599616114180491008","-1439","375","84"
"5295","599616114185367936","-1278","314","63"
"5296","599616114190244864","-1114","210","23"
"5297","599616114195121920","-978","107","-24"
"5298","599616114199998848","-828","5","-28"
"5299","599616114204875776","-662","-40","-62"
"5300","599616114209752704","-509","-76","-125"
"5301","599616114214629632","-414","-112","-115"
"5302","599616114219506560","-241","-109","-124"
"5303","599616114224383488","-116","-94","-127"
"5304","599616114229260544","27","-75","-123"
"5305","599616114234137472","169","-56","-107"
"5306","599616114239014400","287","-41","-81"
"5307","599616114243891328","403","-32","-74"
"5308","599616114248768256","481","-27","-100"
"5309","599616114253645184","558","-24","-130"
"5310","599616114258522112","651","-24","-159"
"5311","599616114263399040","785","-29","-200"
"5312","599616114268276096","961","-35","-210"
"5313","599616114273153024","1137","-35","-153"
"5314","599616114278029952","1261","-29","-141"
"5315","599616114282906880","1306","-12","-149"
"5316","599616114287783808","1249","22","-174"
"5317","599616114292660736","1119","76","-198"
"5318","599616114297537664","953","89","-178"
"5319","599616114302414720","779","96","-162"
"5320","599616114307291648","635","93","-135"
"5321","599616114312168576","516","86","-94"
"5322","599616114317045504","437","82","-38"
"5323","599616114321922432","319","70","-8"
"5324","599616114326799360","205","45","13"
"5325","599616114331676288","75","30","30"
"5326","599616114336553344","-22","22","32"
"5327","599616114341430272","-137","14","21"
"5328","599616114346307230","-246","11","3"
"5329","599616114351185024","-352","8","-7"
"5330","599616114356062848","-456","14","-15"
"5331","599616114360940672","-519","15","-24"
"5332","599616114365818368","-599","22","-37"
"5333","599616114370696192","-662","28","-43"
"5334","599616114375574016","-709","41","-46"
"5335","599616114380451840","-713","53","-35"
"5336","599616114385329536","-682","59","-27"
"5337","599616114390207360","-618","55","-25"
"5338","599616114395085184","-541","49","-22"
"5339","599616114399963008","-480","52","-20"
"5340","599616114404840704","-401","50","-19"
"5341","599616114409718528","-312","43","-17"
"5342","599616114414596352","-242","39","-11"
"5343","599616114419474176","-195","33","-1"
"5344","599616114424351872","-126","29","18"
"5345","599616114429229696","-91","33","20"
"5346","599616114434107520","-38","42","1"
"5347","599616114438985344","-10","53","-34"
"5348","599616114443863168","0","70","-104"
"5349","599616114448740864","6","63","-160"
"5350","599616114453618688","10","58","-200"
"5351","599616114458496512","16","74","-178"
"5352","599616114463374336","10","88","-131"
"5353","599616114468252032","-27","108","-56"
"5354","599616114473129856","-163","136","1"
"5355","599616114478007680","-348","149","107"
"5356","599616114482885504","-563","145","252"
"5357","599616114487763200","-840","124","416"
"5358","599616114492641024","-1248","105","533"
"5359","599616114497518848","-2134","-346","939"
"5360","599616114502396672","-5368","-1127","1824"
"5361","599616114507274368","-7993","2955","-699"
"5362","599616114512152192","-7407","3531","-2073"
"5363","599616114517030016","-4586","208","-906"
"5364","599616114521907812","-3128","-1088","-34"
"5365","599616114526782208","-3653","277","276"
"5366","599616114531656576","-4205","722","-68"
"5367","599616114536531072","-4371","741","-1"
"5368","599616114541405440","-3781","862","358"
"5369","599616114546279808","-3209","907","657"
"5370","599616114551154176","-3135","899","638"
"5371","599616114556028672","-3402","973","428"
"5372","599616114560903040","-3584","1049","242"
"5373","599616114565777408","-3500","969","216"
"5374","599616114570651776","-3227","746","214"
"5375","599616114575526272","-2928","468","212"
"5376","599616114580400640","-2660","304","240"
"5377","599616114585275008","-2460","284","340"
"5378","599616114590149504","-2317","354","408"
"5379","599616114595023872","-2196","432","383"
"5380","599616114599898240","-2009","463","280"
"5381","599616114604772608","-1779","468","140"
"5382","599616114609647104","-1532","460","0"
"5383","599616114614521472","-1306","403","-126"
"5384","599616114619395840","-1099","284","-200"
"5385","599616114624270208","-924","161","-162"
"5386","599616114629144704","-735","52","-108"
"5387","599616114634019072","-578","-19","-82"
"5388","599616114638893440","-477","-57","-47"
"5389","599616114643767808","-367","-85","-24"
"5390","599616114648642304","-253","-88","-36"
"5391","599616114653516672","-151","-81","-41"
"5392","599616114658391040","-63","-71","-30"
"5393","599616114663265536","1","-54","-30"
"5394","599616114668139904","37","-41","-36"
"5395","599616114673014272","111","-36","-54"
"5396","599616114677888640","204","-30","-71"
"5397","599616114682763136","270","-32","-85"
"5398","599616114687637504","385","-29","-114"
"5399","599616114692511872","473","-32","-120"
"5400","599616114697386308","505","-35","-132"
"5401","599616114702264192","585","-42","-146"
"5402","599616114707142016","646","-40","-149"
"5403","599616114712019840","703","-40","-151"
"5404","599616114716897536","737","-38","-146"
"5405","599616114721775360","755","-31","-141"
"5406","599616114726653184","758","-22","-147"
"5407","599616114731531008","759","-5","-157"
"5408","599616114736408704","756","18","-167"
"5409","599616114741286528","727","45","-160"
"5410","599616114746164352","671","76","-147"
"5411","599616114751042176","610","83","-130"
"5412","599616114755919872","533","87","-110"
"5413","599616114760797696","480","85","-78"
"5414","599616114765675520","402","87","-55"
"5415","599616114770553344","308","86","-43"
"5416","599616114775431040","230","84","-33"
"5417","599616114780308864","140","86","-31"
"5418","599616114785186688","44","87","-33"
"5419","599616114790064512","-30","87","-36"
"5420","599616114794942336","-130","88","-57"
"5421","599616114799820032","-229","89","-70"
"5422","599616114804697856","-309","87","-83"
"5423","599616114809575680","-386","87","-91"
"5424","599616114814453504","-441","86","-109"
"5425","599616114819331200","-472","86","-114"
"5426","599616114824209024","-483","86","-112"
"5427","599616114829086848","-479","84","-114"
"5428","599616114833964672","-452","85","-115"
"5429","599616114838842368","-404","83","-113"
"5430","599616114843720192","-364","75","-116"
"5431","599616114848598016","-283","74","-119"
"5432","599616114853475840","-233","71","-114"
"5433","599616114858353536","-172","61","-95"
"5434","599616114863231360","-112","65","-59"
"5435","599616114868109184","-46","53","-31"
"5436","599616114872986884","-11","27","-21"
"5437","599616114877863808","1","3","-52"
"5438","599616114882740736","4","-25","-121"
"5439","599616114887617664","-11","-61","-188"
"5440","599616114892494592","-53","-94","-218"
"5441","599616114897371648","-106","-98","-170"
"5442","599616114902248576","-153","-71","-91"
"5443","599616114907125504","-257","-44","1"
"5444","599616114912002432","-422","-37","137"
"5445","599616114916879360","-620","-41","302"
"5446","599616114921756288","-897","-58","468"
"5447","599616114926633216","-1268","-101","647"
"5448","599616114931510272","-1889","-386","1006"
"5449","599616114936387200","-4062","-1457","1313"
"5450","599616114941264128","-7730","309","-273"
"5451","599616114946141056","-7519","2460","-2202"
"5452","599616114951017984","-4526","1819","-1208"
"5453","599616114955894912","-2640","427","-390"
"5454","599616114960771840","-2540","-448","4"
"5455","599616114965648768","-3400","-589","23"
"5456","599616114970525824","-4210","-149","-390"
"5457","599616114975402752","-4518","374","-411"
"5458","599616114980279680","-4263","476","9"
"5459","599616114985156608","-3789","470","277"
"5460","599616114990033536","-3482","592","254"
"5461","599616114994910464","-3495","699","71"
"5462","599616114999787392","-3589","695","-10"
"5463","599616115004664448","-3559","632","16"
"5464","599616115009541376","-3362","515","93"
"5465","599616115014418304","-3055","403","155"
"5466","599616115019295232","-2765","320","199"
"5467","599616115024172160","-2512","287","223"
"5468","599616115029049088","-2290","283","215"
"5469","599616115033926016","-2052","291","150"
"5470","599616115038803072","-1806","288","81"
"5471","599616115043680000","-1570","285","-35"
"5472","599616115048556928","-1346","266","-78"
"5473","599616115053436416","-1087","224","-61"
"5474","599616115058315904","-897","173","-81"
"5475","599616115063195392","-773","104","-168"
"5476","599616115068074880","-653","70","-219"
"5477","599616115072954368","-507","31","-256"
"5478","599616115077833856","-365","19","-252"
"5479","599616115082713344","-226","23","-206"
"5480","599616115087592832","-113","47","-216"
"5481","599616115092472320","-66","76","-218"
"5482","599616115097351808","-23","113","-203"
"5483","599616115102231296","33","168","-161"
"5484","599616115107110784","119","172","-112"
"5485","599616115111990272","214","191","-111"
"5486","599616115116869760","287","180","-90"
"5487","599616115121749248","375","182","-107"
"5488","599616115126628736","474","168","-101"
"5489","599616115131508224","514","166","-110"
"5490","599616115136387712","582","163","-124"
"5491","599616115141267200","619","161","-134"
"5492","599616115146146688","670","156","-130"
"5493","599616115151026176","694","146","-123"
"5494","599616115155905664","703","113","-127"
"5495","599616115160785152","704","87","-124"
"5496","599616115165664640","677","50","-127"
"5497","599616115170544128","623","0","-133"
"5498","599616115175423616","588","-24","-129"
"5499","599616115180303104","530","-41","-113"
"5500","599616115185182592","492","-45","-74"
"5501","599616115190062080","443","-41","-42"
"5502","599616115194941568","366","-35","-20"
"5503","599616115199821056","263","-27","-9"
"5504","599616115204700544","173","-21","-1"
"5505","599616115209580032","68","-15","8"
"5506","599616115214459648","-13","-6","18"
"5507","599616115219339136","-117","4","19"
"5508","599616115224218566","-227","11","12"
"5509","599616115229097216","-320","12","-5"
"5510","599616115233975808","-411","23","-24"
"5511","599616115238854528","-480","32","-48"
"5512","599616115243733120","-510","31","-77"
"5513","599616115248611840","-542","33","-113"
"5514","599616115253490432","-554","43","-134"
"5515","599616115258369024","-538","47","-154"
"5516","599616115263247744","-499","72","-169"
"5517","599616115268126336","-446","83","-168"
"5518","599616115273004928","-350","86","-156"
"5519","599616115277883648","-251","86","-132"
"5520","599616115282762240","-166","86","-106"
"5521","599616115287640960","-86","84","-59"
"5522","599616115292519552","-13","78","-31"
"5523","599616115297398144","20","79","-16"
"5524","599616115302276864","63","79","-2"
"5525","599616115307155456","110","74","8"
"5526","599616115312034176","123","51","0"
"5527","599616115316912768","127","16","-17"
"5528","599616115321791360","118","-14","-30"
"5529","599616115326670080","82","-24","-28"
"5530","599616115331548672","11","-26","2"
"5531","599616115336427264","-78","-26","43"
"5532","599616115341305984","-239","-17","72"
"5533","599616115346184576","-441","5","87"
"5534","599616115351063296","-711","9","170"
"5535","599616115355941888","-1126","-14","347"
"5536","599616115360820480","-1841","-2","691"
"5537","599616115365699200","-3720","-183","1316"
"5538","599616115370577792","-7702","309","643"
"5539","599616115375456512","-7799","1656","-4025"
"5540","599616115380335104","-4199","1488","-937"
"5541","599616115385213696","-1725","-71","552"
"5542","599616115390092416","-2066","-927","475"
"5543","599616115394971008","-3213","-836","453"
"5544","599616115399849646","-4596","103","-159"
"5545","599616115404726528","-5215","679","-679"
"5546","599616115409603456","-4261","807","-452"
"5547","599616115414480384","-3142","797","65"
"5548","599616115419357312","-2871","723","399"
"5549","599616115424234368","-3309","623","404"
"5550","599616115429111296","-3775","597","263"
"5551","599616115433988224","-3720","690","157"
"5552","599616115438865152","-3287","724","156"
"5553","599616115443742080","-2881","645","195"
"5554","599616115448619008","-2604","543","223"
"5555","599616115453495936","-2395","466","242"
"5556","599616115458372864","-2123","451","251"
"5557","599616115463249920","-1861","412","231"
"5558","599616115468126848","-1638","357","150"
"5559","599616115473003776","-1493","298","45"
"5560","599616115477880704","-1343","253","-42"
"5561","599616115482757632","-1189","218","-129"
"5562","599616115487634560","-1030","172","-162"
"5563","599616115492511488","-889","90","-137"
"5564","599616115497388544","-740","21","-85"
"5565","599616115502265472","-597","-21","-53"
"5566","599616115507142400","-497","-36","-65"
"5567","599616115512019328","-417","-42","-118"
"5568","599616115516896256","-309","-42","-155"
"5569","599616115521773184","-266","-19","-224"
"5570","599616115526650112","-134","-15","-189"
"5571","599616115531527168","-38","5","-131"
"5572","599616115536404096","81","12","-90"
"5573","599616115541281024","163","28","-95"
"5574","599616115546157952","278","60","-130"
"5575","599616115551034880","414","71","-122"
"5576","599616115555911808","487","80","-137"
"5577","599616115560788736","584","64","-134"
"5578","599616115565665664","698","44","-137"
"5579","599616115570542720","781","27","-156"
"5580","599616115575419680","899","12","-157"
"5581","599616115580297472","996","-12","-138"
"5582","599616115585175296","1072","-23","-134"
"5583","599616115590053120","1086","-32","-141"
"5584","599616115594930816","1016","-34","-167"
"5585","599616115599808640","929","-26","-204"
"5586","599616115604686464","801","-17","-211"
"5587","599616115609564288","706","0","-172"
"5588","599616115614441984","594","11","-120"
"5589","599616115619319808","493","16","-58"
"5590","599616115624197632","377","13","-20"
"5591","599616115629075456","247","6","8"
"5592","599616115633953152","116","-3","40"
"5593","599616115638830976","-2","-1","60"
"5594","599616115643708800","-121","1","65"
"5595","599616115648586624","-242","8","40"
"5596","599616115653464320","-363","17","18"
"5597","599616115658342144","-470","22","-8"
"5598","599616115663219968","-538","29","-32"
"5599","599616115668097792","-617","37","-49"
"5600","599616115672975616","-688","44","-66"
"5601","599616115677853312","-726","53","-76"
"5602","599616115682731136","-722","61","-91"
"5603","599616115687608960","-679","72","-96"
"5604","599616115692486784","-604","76","-87"
"5605","599616115697364480","-516","82","-70"
"5606","599616115702242304","-431","86","-45"
"5607","599616115707120128","-318","87","-29"
"5608","599616115711997952","-228","91","-17"
"5609","599616115716875648","-138","95","-10"
"5610","599616115721753472","-74","104","-3"
"5611","599616115726631296","-14","118","10"
"5612","599616115731509120","10","151","28"
"5613","599616115736386816","34","166","56"
"5614","599616115741264640","47","183","72"
"5615","599616115746142464","45","188","45"
"5616","599616115751020262","21","163","-15"
"5617","599616115755896448","-1","100","-86"
"5618","599616115760772608","-56","74","-138"
"5619","599616115765648640","-165","20","-123"
"5620","599616115770524800","-296","-16","-42"
"5621","599616115775400832","-489","-41","28"
"5622","599616115780276992","-765","-128","126"
"5623","599616115785153024","-1224","-238","273"
"5624","599616115790029184","-2127","-329","581"
"5625","599616115794905216","-4747","-1439","2001"
"5626","599616115799781376","-7993","651","-1219"
"5627","599616115804657408","-7442","2365","-4446"
"5628","599616115809533568","-3353","1419","-427"
"5629","599616115814409600","-1695","-1291","685"
"5630","599616115819285760","-2861","-1662","113"
"5631","599616115824161792","-4505","2","-761"
"5632","599616115829037952","-5305","673","-1528"
"5633","599616115833913984","-4563","847","-786"
"5634","599616115838790144","-3337","1036","218"
"5635","599616115843666176","-2783","1222","585"
"5636","599616115848542336","-3109","1250","528"
"5637","599616115853418368","-3450","1242","378"
"5638","599616115858294528","-3306","1212","375"
"5639","599616115863170560","-2994","1137","479"
"5640","599616115868046720","-2751","1022","507"
"5641","599616115872922880","-2560","868","520"
"5642","599616115877798912","-2387","635","589"
"5643","599616115882675072","-2181","451","608"
"5644","599616115887551104","-1946","361","529"
"5645","599616115892427264","-1699","324","385"
"5646","599616115897303296","-1507","273","178"
"5647","599616115902179456","-1375","242","8"
"5648","599616115907055488","-1270","217","-66"
"5649","599616115911931648","-1151","185","-57"
"5650","599616115916807680","-983","113","-35"
"5651","599616115921683840","-813","49","-50"
"5652","599616115926559814","-646","-3","-111"
"5653","599616115931436800","-491","-25","-149"
"5654","599616115936313728","-354","-43","-202"
"5655","599616115941190656","-251","-59","-236"
"5656","599616115946067584","-162","-57","-275"
"5657","599616115950944640","-22","-75","-259"
"5658","599616115955821568","116","-79","-244"
"5659","599616115960698496","262","-87","-206"
"5660","599616115965575424","360","-83","-209"
"5661","599616115970452352","497","-97","-213"
"5662","599616115975329280","576","-94","-218"
"5663","599616115980206208","708","-96","-229"
"5664","599616115985083136","789","-100","-222"
"5665","599616115989960192","897","-118","-226"
"5666","599616115994837120","977","-123","-251"
"5667","599616115999714048","1046","-114","-248"
"5668","599616116004590976","1115","-115","-240"
"5669","599616116009467904","1139","-108","-189"
"5670","599616116014344832","1111","-89","-155"
"5671","599616116019221760","1011","-64","-133"
"5672","599616116024098816","883","-40","-130"
"5673","599616116028975744","763","-30","-91"
"5674","599616116033852672","654","-21","-74"
"5675","599616116038729600","536","-1","-69"
"5676","599616116043606528","447","29","-39"
"5677","599616116048483456","321","53","-21"
"5678","599616116053360384","203","75","-7"
"5679","599616116058237312","69","87","18"
"5680","599616116063114368","-35","91","41"
"5681","599616116067991296","-157","99","65"
"5682","599616116072868224","-262","120","80"
"5683","599616116077745152","-378","134","58"
"5684","599616116082622080","-469","144","30"
"5685","599616116087499008","-516","133","-1"
"5686","599616116092375936","-576","112","-17"
"5687","599616116097252992","-620","100","-22"
"5688","599616116102129842","-646","85","-26"
"5689","599616116107005056","-649","77","-19"
"5690","599616116111880320","-618","61","-22"
"5691","599616116116755584","-564","41","-20"
"5692","599616116121630848","-503","32","-18"
"5693","599616116126506112","-460","32","-9"
"5694","599616116131381248","-384","34","3"
"5695","599616116136256512","-303","44","21"
"5696","599616116141131776","-239","59","27"
"5697","599616116146007040","-181","73","30"
"5698","599616116150882304","-115","80","30"
"5699","599616116155757568","-56","83","3"
"5700","599616116160632832","-30","82","-45"
"5701","599616116165508096","-42","68","-107"
"5702","599616116170383360","-62","42","-104"
"5703","599616116175258624","-112","25","-43"
"5704","599616116180133760","-209","10","42"
"5705","599616116185009024","-314","22","192"
"5706","599616116189884288","-495","49","307"
"5707","599616116194759552","-783","43","467"
"5708","599616116199634816","-1189","31","665"
"5709","599616116204510080","-1808","99","855"
"5710","599616116209385344","-3113","258","1069"
"5711","599616116214260608","-6908","593","1285"
"5712","599616116219135872","-7993","2935","-2862"
"5713","599616116224011136","-5514","2045","-1728"
"5714","599616116228886272","-2376","-290","316"
"5715","599616116233761536","-2196","-1249","597"
"5716","599616116238636800","-3329","-500","409"
"5717","599616116243512064","-4700","671","-40"
"5718","599616116248387328","-5075","1042","-378"
"5719","599616116253262592","-4135","1088","-50"
"5720","599616116258137856","-3181","1106","382"
"5721","599616116263013120","-2956","1088","480"
"5722","599616116267888384","-3125","1028","454"
"5723","599616116272763648","-3353","924","410"
"5724","599616116277638876","-3438","776","338"
"5725","599616116282511616","-3231","588","281"
"5726","599616116287384320","-2873","401","342"
"5727","599616116292257024","-2513","238","449"
"5728","599616116297129728","-2265","176","473"
"5729","599616116302002432","-2064","118","377"
"5730","599616116306875136","-1900","94","187"
"5731","599616116311747840","-1707","92","34"
"5732","599616116316620544","-1493","90","-21"
"5733","599616116321493248","-1249","90","-68"
"5734","599616116326365952","-1022","84","-123"
"5735","599616116331238656","-830","66","-153"
"5736","599616116336111360","-660","46","-137"
"5737","599616116340984064","-514","32","-80"
"5738","599616116345856768","-429","26","-46"
"5739","599616116350729472","-377","29","-34"
"5740","599616116355602176","-252","16","-16"
"5741","599616116360474880","-189","11","-9"
"5742","599616116365347584","-74","5","8"
"5743","599616116370220288","24","-12","49"
"5744","599616116375093120","92","-16","40"
"5745","599616116379965824","217","-16","0"
"5746","599616116384838528","317","-11","-29"
"5747","599616116389711232","436","-10","-69"
"5748","599616116394583936","503","-3","-97"
"5749","599616116399456640","585","8","-127"
"5750","599616116404329344","684","23","-137"
"5751","599616116409202048","759","29","-132"
"5752","599616116414074752","828","42","-127"
"5753","599616116418947456","890","58","-114"
"5754","599616116423820160","932","79","-105"
"5755","599616116428692864","937","85","-110"
"5756","599616116433565568","897","82","-122"
"5757","599616116438438272","825","71","-134"
"5758","599616116443310976","743","47","-133"
"5759","599616116448183680","641","18","-129"
"5760","599616116453056346","536","-2","-120"
"5761","599616116457930752","468","-14","-74"
"5762","599616116462805120","351","-21","-72"
"5763","599616116467679616","230","-18","-82"
"5764","599616116472553984","130","-19","-56"
"5765","599616116477428352","38","-21","-28"
"5766","599616116482302720","-36","-21","3"
"5767","599616116487177216","-142","-18","8"
"5768","599616116492051584","-246","-4","3"
"5769","599616116496925952","-348","3","3"
"5770","599616116501800320","-447","16","-21"
"5771","599616116506674816","-514","29","-66"
"5772","599616116511549184","-584","55","-95"
"5773","599616116516423552","-617","76","-124"
"5774","599616116521297920","-620","85","-132"
"5775","599616116526172416","-608","88","-124"
"5776","599616116531046784","-546","92","-91"
"5777","599616116535921152","-486","99","-67"
"5778","599616116540795648","-412","99","-50"
"5779","599616116545670016","-317","111","-36"
"5780","599616116550544384","-236","104","-22"
"5781","599616116555418752","-154","98","-14"
"5782","599616116560293248","-90","93","-5"
"5783","599616116565167616","-36","86","6"
"5784","599616116570041984","-7","77","30"
"5785","599616116574916352","10","64","66"
"5786","599616116579790848","26","47","93"
"5787","599616116584665216","38","16","76"
"5788","599616116589539584","18","-18","7"
"5789","599616116594414080","-10","-50","-76"
"5790","599616116599288448","-46","-72","-135"
"5791","599616116604162816","-92","-79","-119"
"5792","599616116609037184","-132","-67","-66"
"5793","599616116613911680","-234","-51","-31"
"5794","599616116618786048","-407","-48","-39"
"5795","599616116623660416","-646","-61","-43"
"5796","599616116628534830","-988","-65","-14"
"5797","599616116633404928","-1499","-88","142"
"5798","599616116638275072","-2421","-338","750"
"5799","599616116643145216","-6513","-709","1684"
"5800","599616116648015360","-7993","3092","-4301"
"5801","599616116652885632","-5579","3246","-2062"
"5802","599616116657755776","-1620","821","1235"
"5803","599616116662625920","-1580","-757","974"
"5804","599616116667496064","-3042","-843","469"
"5805","599616116672366208","-4290","-395","-104"
"5806","599616116677236352","-4935","164","-663"
"5807","599616116682106624","-4740","533","-775"
"5808","599616116686976768","-3813","853","-383"
"5809","599616116691846912","-3150","1027","87"
"5810","599616116696717056","-3102","1041","316"
"5811","599616116701587200","-3332","971","345"
"5812","599616116706457344","-3437","951","239"
"5813","599616116711327616","-3256","881","192"
"5814","599616116716197760","-2918","683","226"
"5815","599616116721067904","-2583","427","341"
"5816","599616116725938048","-2354","230","409"
"5817","599616116730808192","-2162","165","378"
"5818","599616116735678336","-1971","144","287"
"5819","599616116740548608","-1781","114","161"
"5820","599616116745418752","-1577","99","16"
"5821","599616116750288896","-1421","121","-132"
"5822","599616116755159040","-1254","125","-235"
"5823","599616116760029184","-1062","92","-186"
"5824","599616116764899328","-859","49","-111"
"5825","599616116769769600","-666","-1","-86"
"5826","599616116774639744","-523","-22","-121"
"5827","599616116779509888","-421","-28","-160"
"5828","599616116784380032","-305","-37","-184"
"5829","599616116789250176","-245","-35","-212"
"5830","599616116794120320","-177","-32","-220"
"5831","599616116798990592","-105","-32","-160"
"5832","599616116803860762","-18","-36","-120"
"5833","599616116808734336","55","-48","-76"
"5834","599616116813607936","137","-53","-67"
"5835","599616116818481408","231","-51","-106"
"5836","599616116823355008","350","-48","-121"
"5837","599616116828228608","471","-48","-126"
"5838","599616116833102080","543","-37","-128"
"5839","599616116837975680","636","-36","-120"
"5840","599616116842849280","722","-37","-123"
"5841","599616116847722752","767","-38","-123"
"5842","599616116852596352","835","-39","-121"
"5843","599616116857469824","895","-38","-125"
"5844","599616116862343424","935","-32","-138"
"5845","599616116867217024","938","-27","-145"
"5846","599616116872090496","900","-17","-156"
"5847","599616116876964096","833","-5","-162"
"5848","599616116881837696","754","14","-147"
"5849","599616116886711168","660","22","-120"
"5850","599616116891584768","562","28","-70"
"5851","599616116896458368","475","22","-27"
"5852","599616116901331840","372","22","7"
"5853","599616116906205440","259","16","51"
"5854","599616116911079040","146","16","93"
"5855","599616116915952512","28","23","106"
"5856","599616116920826112","-78","28","103"
"5857","599616116925699712","-214","44","79"
"5858","599616116930573184","-334","65","42"
"5859","599616116935446784","-448","74","0"
"5860","599616116940320384","-546","86","-30"
"5861","599616116945193856","-618","90","-50"
"5862","599616116950067456","-651","93","-36"
"5863","599616116954940928","-673","93","-13"
"5864","599616116959814528","-676","97","-27"
"5865","599616116964688128","-636","106","-41"
"5866","599616116969561600","-583","107","-27"
"5867","599616116974435200","-508","110","-21"
"5868","599616116979308748","-438","111","-15"
"5869","599616116984186624","-339","122","-12"
"5870","599616116989064448","-249","131","-4"
"5871","599616116993942272","-167","148","1"
"5872","599616116998819968","-102","155","1"
"5873","599616117003697792","-40","139","5"
"5874","599616117008575616","-10","104","7"
"5875","599616117013453440","-5","72","8"
"5876","599616117018331136","-20","10","13"
"5877","599616117023208960","-89","-19","88"
"5878","599616117028086784","-171","-19","215"
"5879","599616117032964608","-277","20","379"
"5880","599616117037842304","-487","99","550"
"5881","599616117042720128","-848","202","801"
"5882","599616117047597952","-1384","344","992"
"5883","599616117052475776","-2438","485","1267"
"5884","599616117057353472","-6054","-203","1969"
"5885","599616117062231296","-7993","3035","-3516"
"5886","599616117067109120","-6388","2879","-2560"
"5887","599616117071986944","-2269","131","1042"
"5888","599616117076864640","-1822","-874","605"
"5889","599616117081742464","-2948","-735","534"
"5890","599616117086620288","-4228","126","281"
"5891","599616117091498112","-5054","944","-500"
"5892","599616117096375808","-4528","1125","-542"
"5893","599616117101253632","-3522","1199","-33"
"5894","599616117106131456","-3060","1120","506"
"5895","599616117111009280","-3185","948","727"
"5896","599616117115886976","-3466","744","551"
"5897","599616117120764800","-3499","556","275"
"5898","599616117125642624","-3237","406","155"
"5899","599616117130520448","-2874","207","252"
"5900","599616117135398272","-2513","51","435"
"5901","599616117140275968","-2223","-9","511"
"5902","599616117145153792","-1989","5","487"
"5903","599616117150031616","-1786","31","390"
"5904","599616117154909298","-1568","22","246"
"5905","599616117159787904","-1381","0","105"
"5906","599616117164666496","-1190","-31","-13"
"5907","599616117169545216","-1019","-86","-76"
"5908","599616117174423808","-861","-144","-123"
"5909","599616117179302528","-699","-206","-139"
"5910","599616117184181120","-542","-255","-209"
"5911","599616117189059712","-454","-259","-259"
"5912","599616117193938432","-347","-237","-273"
"5913","599616117198817024","-201","-195","-259"
"5914","599616117203695616","-93","-151","-263"
"5915","599616117208574336","-4","-124","-261"
"5916","599616117213452928","109","-88","-251"
"5917","599616117218331648","225","-83","-214"
"5918","599616117223210240","340","-72","-175"
"5919","599616117228088832","468","-49","-145"
"5920","599616117232967552","543","-37","-126"
"5921","599616117237846144","648","-25","-107"
"5922","599616117242724864","747","-19","-88"
"5923","599616117247603456","831","-17","-78"
"5924","599616117252482048","892","-10","-65"
"5925","599616117257360768","935","-3","-60"
"5926","599616117262239360","948","14","-51"
"5927","599616117267118080","917","35","-41"
"5928","599616117271996672","863","50","-45"
"5929","599616117276875264","777","71","-66"
"5930","599616117281753984","709","84","-78"
"5931","599616117286632576","609","87","-73"
"5932","599616117291511168","516","87","-39"
"5933","599616117296389888","457","88","-14"
"5934","599616117301268480","367","89","11"
"5935","599616117306147200","260","89","27"
"5936","599616117311025792","151","89","40"
"5937","599616117315904384","25","90","32"
"5938","599616117320783104","-88","96","26"
"5939","599616117325661696","-224","113","14"
"5940","599616117330540398","-352","135","5"
"5941","599616117335417344","-465","162","-3"
"5942","599616117340294272","-508","171","-17"
"5943","599616117345171200","-569","194","-28"
"5944","599616117350048128","-583","201","-63"
"5945","599616117354925184","-561","203","-101"
"5946","599616117359802112","-508","199","-119"
"5947","599616117364679040","-466","195","-121"
"5948","599616117369555968","-379","178","-111"
"5949","599616117374432896","-265","170","-77"
"5950","599616117379309824","-171","158","-50"
"5951","599616117384186752","-66","135","-34"
"5952","599616117389063680","3","121","-36"
"5953","599616117393940736","49","115","-46"
"5954","599616117398817664","112","109","-63"
"5955","599616117403694592","142","101","-62"
"5956","599616117408571520","166","96","-99"
"5957","599616117413448448","191","93","-107"
"5958","599616117418325376","212","87","-63"
"5959","599616117423202304","229","82","16"
"5960","599616117428079360","202","85","70"
"5961","599616117432956288","121","78","-10"
"5962","599616117437833216","30","27","-102"
"5963","599616117442710144","-43","-14","-124"
"5964","599616117447587072","-137","-35","-113"
"5965","599616117452464000","-228","-86","-41"
"5966","599616117457340928","-366","-139","138"
"5967","599616117462217984","-616","-146","398"
"5968","599616117467094912","-1078","-131","679"
"5969","599616117471971840","-1741","-60","976"
"5970","599616117476848768","-2805","-95","1702"
"5971","599616117481725696","-6055","-558","1419"
"5972","599616117486602624","-7993","1602","-2279"
"5973","599616117491479552","-6071","2017","-2297"
"5974","599616117496356480","-2009","903","411"
"5975","599616117501233536","-1988","-579","347"
"5976","599616117506110432","-3178","-864","237"
"5977","599616117510984832","-4058","-237","360"
"5978","599616117515859200","-4376","503","266"
"5979","599616117520733696","-4403","745","243"
"5980","599616117525608064","-3941","869","257"
"5981","599616117530482432","-3370","911","448"
"5982","599616117535356800","-3218","694","597"
"5983","599616117540231296","-3382","418","575"
"5984","599616117545105664","-3508","260","442"
"5985","599616117549980032","-3388","254","294"
"5986","599616117554854400","-3090","260","232"
"5987","599616117559728896","-2753","219","336"
"5988","599616117564603264","-2417","197","487"
"5989","599616117569477632","-2113","193","564"
"5990","599616117574352128","-1854","209","550"
"5991","599616117579226496","-1605","215","473"
"5992","599616117584100864","-1438","213","327"
"5993","599616117588975232","-1305","198","163"
"5994","599616117593849728","-1184","134","42"
"5995","599616117598724096","-1035","55","-111"
"5996","599616117603598464","-907","-20","-247"
"5997","599616117608472832","-737","-80","-214"
"5998","599616117613347328","-556","-140","-146"
"5999","599616117618221696","-451","-163","-137"
"6000","599616117623096064","-340","-183","-124"
"6001","599616117627970560","-252","-169","-134"
"6002","599616117632844928","-217","-154","-138"
"6003","599616117637719296","-202","-144","-112"
"6004","599616117642593664","-169","-109","-99"
"6005","599616117647468160","-83","-81","-70"
"6006","599616117652342528","28","-58","-45"
"6007","599616117657216896","110","-41","-31"
"6008","599616117662091264","224","-31","-25"
"6009","599616117666965760","301","-27","-12"
"6010","599616117671840128","386","-24","-12"
"6011","599616117676714496","463","-25","-16"
"6012","599616117681588938","506","-24","-22"
"6013","599616117686465152","569","-19","-34"
"6014","599616117691341312","608","-23","-44"
"6015","599616117696217344","617","-24","-53"
"6016","599616117701093504","617","-21","-58"
"6017","599616117705969536","611","-18","-71"
"6018","599616117710845696","573","-15","-81"
"6019","599616117715721728","531","-10","-79"
"6020","599616117720597888","493","-8","-71"
"6021","599616117725473920","473","10","-52"
"6022","599616117730350080","423","25","-32"
"6023","599616117735226112","374","41","-16"
"6024","599616117740102272","303","64","-2"
"6025","599616117744978304","249","74","21"
"6026","599616117749854464","207","81","33"
"6027","599616117754730496","129","85","35"
"6028","599616117759606656","62","85","27"
"6029","599616117764482688","4","85","17"
"6030","599616117769358848","-59","83","5"
"6031","599616117774234880","-130","75","-6"
"6032","599616117779111040","-220","68","-21"
"6033","599616117783987072","-272","67","-33"
"6034","599616117788863232","-357","55","-57"
"6035","599616117793739264","-398","55","-89"
"6036","599616117798615424","-438","75","-116"
"6037","599616117803491584","-443","83","-132"
"6038","599616117808367616","-434","94","-148"
"6039","599616117813243776","-406","105","-182"
"6040","599616117818119808","-374","107","-223"
"6041","599616117822995968","-302","115","-235"
"6042","599616117827872000","-239","97","-240"
"6043","599616117832748160","-172","88","-233"
"6044","599616117837624192","-93","74","-195"
"6045","599616117842500352","-15","49","-131"
"6046","599616117847376384","25","32","-98"
"6047","599616117852252544","41","-3","-117"
"6048","599616117857128494","7","-26","-186"
"6049","599616117862004608","-49","-39","-244"
"6050","599616117866880768","-111","-36","-180"
"6051","599616117871756800","-141","-31","-31"
"6052","599616117876632960","-241","-24","103"
"6053","599616117881508992","-432","-21","220"
"6054","599616117886385152","-706","-17","355"
"6055","599616117891261184","-1080","-18","522"
"6056","599616117896137344","-1728","4","744"
"6057","599616117901013376","-3416","-91","1442"
"6058","599616117905889536","-7530","19","919"
"6059","599616117910765568","-7806","1872","-3430"
"6060","599616117915641728","-4022","1646","-327"
"6061","599616117920517760","-1535","-319","1094"
"6062","599616117925393920","-2455","-1105","334"
"6063","599616117930269952","-3394","-804","237"
"6064","599616117935146112","-4049","-66","214"
"6065","599616117940022144","-4285","479","12"
"6066","599616117944898304","-4081","798","-66"
"6067","599616117949774336","-3591","948","124"
"6068","599616117954650496","-3378","936","392"
"6069","599616117959526528","-3467","822","476"
"6070","599616117964402688","-3527","664","423"
"6071","599616117969278720","-3484","564","318"
"6072","599616117974154880","-3294","501","261"
"6073","599616117979030912","-3084","435","270"
"6074","599616117983907072","-2904","311","290"
"6075","599616117988783104","-2664","209","357"
"6076","599616117993659264","-2400","169","416"
"6077","599616117998535296","-2127","137","431"
"6078","599616118003411456","-1893","100","379"
"6079","599616118008287616","-1687","86","200"
"6080","599616118013163648","-1506","72","43"
"6081","599616118018039808","-1311","38","-89"
"6082","599616118022915840","-1180","-3","-184"
"6083","599616118027792000","-1045","-37","-129"
"6084","599616118032668030","-901","-71","-87"
"6085","599616118037544192","-739","-83","-142"
"6086","599616118042420352","-621","-80","-192"
"6087","599616118047296384","-535","-72","-146"
"6088","599616118052172544","-487","-57","-141"
"6089","599616118057048576","-411","-42","-140"
"6090","599616118061924736","-300","-31","-137"
"6091","599616118066800768","-223","-30","-130"
"6092","599616118071676928","-157","-30","-124"
"6093","599616118076552960","-53","-32","-121"
"6094","599616118081429120","66","-30","-110"
"6095","599616118086305152","205","-36","-98"
"6096","599616118091181312","301","-42","-98"
"6097","599616118096057344","418","-39","-104"
"6098","599616118100933504","490","-45","-99"
"6099","599616118105809536","534","-44","-88"
"6100","599616118110685696","604","-47","-81"
"6101","599616118115561728","639","-45","-74"
"6102","599616118120437888","702","-42","-81"
"6103","599616118125313920","748","-39","-99"
"6104","599616118130190080","768","-39","-118"
"6105","599616118135066112","774","-33","-127"
"6106","599616118139942272","760","-24","-138"
"6107","599616118144818304","715","-10","-156"
"6108","599616118149694464","625","15","-148"
"6109","599616118154570496","543","31","-127"
"6110","599616118159446656","488","38","-77"
"6111","599616118164322688","444","49","-37"
"6112","599616118169198848","386","62","-7"
"6113","599616118174074880","306","67","19"
"6114","599616118178951040","234","67","38"
"6115","599616118183827200","135","68","47"
"6116","599616118188703232","24","64","47"
"6117","599616118193579392","-76","68","31"
"6118","599616118198455424","-202","63","18"
"6119","599616118203331584","-302","61","1"
"6120","599616118208207566","-417","60","-15"
"6121","599616118213087104","-497","69","-21"
"6122","599616118217966592","-559","80","-31"
"6123","599616118222846080","-616","87","-37"
"6124","599616118227725568","-625","93","-41"
"6125","599616118232605056","-623","103","-41"
"6126","599616118237484544","-609","122","-43"
"6127","599616118242364032","-542","124","-31"
"6128","599616118247243520","-480","134","-24"
"6129","599616118252123008","-383","125","-21"
"6130","599616118257002496","-265","124","-20"
"6131","599616118261881984","-172","114","-21"
"6132","599616118266761472","-71","105","-25"
"6133","599616118271640960","-5","97","-21"
"6134","599616118276520448","36","94","-18"
"6135","599616118281399936","91","89","-22"
"6136","599616118286279424","118","88","-56"
"6137","599616118291158912","118","84","-125"
"6138","599616118296038400","103","47","-176"
"6139","599616118300917888","56","7","-166"
"6140","599616118305797376","8","-18","-65"
"6141","599616118310676864","-49","-22","72"
"6142","599616118315556352","-179","-11","251"
"6143","599616118320435840","-377","-7","426"
"6144","599616118325315328","-629","1","610"
"6145","599616118330194816","-965","30","839"
"6146","599616118335074304","-1410","92","1023"
"6147","599616118339953792","-2210","167","1344"
"6148","599616118344833280","-4729","162","1624"
"6149","599616118349712768","-7945","2035","-811"
"6150","599616118354592256","-7158","2635","-2578"
"6151","599616118359471744","-3680","-864","218"
"6152","599616118364351232","-2527","-1874","520"
"6153","599616118369230720","-2709","-920","619"
"6154","599616118374110208","-3630","229","607"
"6155","599616118378989696","-4469","819","415"
"6156","599616118383869178","-4486","982","260"
"6157","599616118388748672","-3807","962","483"
"6158","599616118393628160","-3474","833","864"
"6159","599616118398507648","-3652","627","987"
"6160","599616118403387136","-3831","499","952"
"6161","599616118408266624","-3709","506","844"
"6162","599616118413146112","-3387","511","646"
"6163","599616118418025600","-3024","438","455"
"6164","599616118422905088","-2709","319","385"
"6165","599616118427784576","-2440","252","411"
"6166","599616118432664064","-2187","236","422"
"6167","599616118437543552","-1984","214","397"
"6168","599616118442423040","-1818","193","360"
"6169","599616118447302528","-1634","157","329"
"6170","599616118452182016","-1467","116","304"
"6171","599616118457061504","-1277","88","231"
"6172","599616118461940992","-1094","42","128"
"6173","599616118466820480","-918","-11","12"
"6174","599616118471699968","-719","-38","-62"
"6175","599616118476579456","-540","-63","-171"
"6176","599616118481458944","-405","-78","-250"
"6177","599616118486338432","-279","-70","-294"
"6178","599616118491217920","-205","-50","-304"
"6179","599616118496097408","-107","-37","-268"
"6180","599616118500976896","-16","-33","-221"
"6181","599616118505856384","48","-34","-154"
"6182","599616118510735872","140","-40","-126"
"6183","599616118515615360","229","-46","-129"
"6184","599616118520494848","317","-53","-148"
"6185","599616118525374336","388","-68","-162"
"6186","599616118530253824","434","-48","-213"
"6187","599616118535133312","560","-54","-221"
"6188","599616118540012800","634","-53","-196"
"6189","599616118544892288","732","-36","-218"
"6190","599616118549771776","774","-30","-209"
"6191","599616118554651264","820","-19","-218"
"6192","599616118559530786","875","4","-203"
"6193","599616118564410240","899","29","-157"
"6194","599616118569289728","879","62","-152"
"6195","599616118574169216","800","87","-161"
"6196","599616118579048704","750","111","-169"
"6197","599616118583928192","683","141","-163"
"6198","599616118588807680","612","144","-137"
"6199","599616118593687168","538","141","-104"
"6200","599616118598566656","477","133","-60"
"6201","599616118603446144","377","139","-37"
"6202","599616118608325632","253","132","-23"
"6203","599616118613205120","117","141","-14"
"6204","599616118618084608","-8","142","-3"
"6205","599616118622964096","-142","146","11"
"6206","599616118627843584","-265","146","25"
"6207","599616118632723072","-392","156","29"
"6208","599616118637602560","-480","149","23"
"6209","599616118642482048","-529","132","20"
"6210","599616118647361536","-591","115","17"
"6211","599616118652241024","-617","97","6"
"6212","599616118657120512","-612","88","1"
"6213","599616118662000000","-572","70","5"
"6214","599616118666879488","-507","39","0"
"6215","599616118671758976","-455","28","-1"
"6216","599616118676638464","-358","24","-3"
"6217","599616118681517952","-250","27","-12"
"6218","599616118686397440","-164","36","-18"
"6219","599616118691276928","-73","45","-21"
"6220","599616118696156416","-2","56","-21"
"6221","599616118701035904","36","69","-15"
"6222","599616118705915392","94","64","5"
"6223","599616118710794880","122","71","27"
"6224","599616118715674368","150","82","37"
"6225","599616118720553856","169","85","30"
"6226","599616118725433344","150","86","3"
"6227","599616118730312832","116","74","-20"
"6228","599616118735192394","50","54","-32"
"6229","599616118740069376","-5","18","-38"
"6230","599616118744946304","-78","0","-2"
"6231","599616118749823232","-181","-5","128"
"6232","599616118754700160","-328","12","295"
"6233","599616118759577216","-548","71","458"
"6234","599616118764454144","-859","135","596"
"6235","599616118769331072","-1306","254","765"
"6236","599616118774208000","-2025","447","991"
"6237","599616118779084928","-3929","877","1502"
"6238","599616118783961856","-7494","1826","312"
"6239","599616118788838784","-7984","2291","-2082"
"6240","599616118793715712","-4835","137","-277"
"6241","599616118798592768","-2459","-1145","754"
"6242","599616118803469696","-2543","-1352","852"
"6243","599616118808346624","-3425","-464","1149"
"6244","599616118813223552","-4381","545","963"
"6245","599616118818100480","-4823","1088","509"
"6246","599616118822977408","-4313","1259","366"
"6247","599616118827854336","-3482","1129","628"
"6248","599616118832731392","-3252","889","857"
"6249","599616118837608320","-3450","673","794"
"6250","599616118842485248","-3506","504","591"
"6251","599616118847362176","-3294","412","469"
"6252","599616118852239104","-2983","304","463"
"6253","599616118857116032","-2710","233","494"
"6254","599616118861992960","-2477","214","583"
"6255","599616118866869888","-2240","214","629"
"6256","599616118871746944","-2026","215","600"
"6257","599616118876623872","-1831","214","507"
"6258","599616118881500800","-1616","206","374"
"6259","599616118886377728","-1410","180","203"
"6260","599616118891254656","-1188","143","36"
"6261","599616118896131584","-974","95","-85"
"6262","599616118901008512","-786","81","-176"
"6263","599616118905885568","-626","75","-179"
"6264","599616118910762418","-499","76","-123"
"6265","599616118915639296","-407","77","-55"
"6266","599616118920516224","-340","84","-25"
"6267","599616118925393152","-261","87","-2"
"6268","599616118930270080","-196","81","36"
"6269","599616118935147136","-109","66","58"
"6270","599616118940024064","-26","34","65"
"6271","599616118944900992","50","14","59"
"6272","599616118949777920","147","-12","31"
"6273","599616118954654848","236","-21","3"
"6274","599616118959531776","304","-29","-19"
"6275","599616118964408704","329","-24","-45"
"6276","599616118969285760","432","-20","-81"
"6277","599616118974162688","504","-13","-97"
"6278","599616118979039616","543","-2","-92"
"6279","599616118983916544","605","15","-127"
"6280","599616118988793472","646","26","-130"
"6281","599616118993670400","694","47","-131"
"6282","599616118998547328","721","61","-133"
"6283","599616119003424384","749","72","-131"
"6284","599616119008301312","752","73","-125"
"6285","599616119013178240","731","75","-113"
"6286","599616119018055168","675","78","-109"
"6287","599616119022932096","611","79","-79"
"6288","599616119027809024","535","81","-55"
"6289","599616119032685952","483","84","-32"
"6290","599616119037563008","409","84","-16"
"6291","599616119042439936","315","78","-4"
"6292","599616119047316864","223","71","1"
"6293","599616119052193792","116","62","-2"
"6294","599616119057070720","16","55","-6"
"6295","599616119061947648","-71","46","-12"
"6296","599616119066824576","-184","45","-21"
"6297","599616119071701504","-270","38","-29"
"6298","599616119076578560","-377","38","-47"
"6299","599616119081455488","-463","40","-74"
"6300","599616119086332472","-500","43","-107"
"6301","599616119091209344","-542","56","-129"
"6302","599616119096086272","-562","49","-132"
"6303","599616119100963200","-552","47","-130"
"6304","599616119105840128","-511","44","-116"
"6305","599616119110717184","-475","36","-95"
"6306","599616119115594112","-405","26","-79"
"6307","599616119120471040","-323","17","-63"
"6308","599616119125347968","-245","3","-51"
"6309","599616119130224896","-191","-9","-45"
"6310","599616119135101824","-121","-16","-35"
"6311","599616119139978752","-68","-21","-29"
"6312","599616119144855808","-25","-26","-27"
"6313","599616119149732736","2","-27","-30"
"6314","599616119154609664","21","-34","-53"
"6315","599616119159486592","27","-53","-116"
"6316","599616119164363520","6","-80","-195"
"6317","599616119169240448","-28","-110","-243"
"6318","599616119174117376","-102","-122","-223"
"6319","599616119178994432","-193","-130","-148"
"6320","599616119183871360","-308","-116","-47"
"6321","599616119188748288","-488","-62","77"
"6322","599616119193625216","-736","-39","260"
"6323","599616119198502144","-1097","-44","453"
"6324","599616119203379072","-1707","-44","666"
"6325","599616119208256000","-3119","-104","1413"
"6326","599616119213133056","-7145","-231","1565"
"6327","599616119218009984","-7993","3053","-3816"
"6328","599616119222886912","-4995","3052","-1454"
"6329","599616119227763840","-1850","117","873"
"6330","599616119232640768","-1906","-909","838"
"6331","599616119237517696","-2992","-707","733"
"6332","599616119242394624","-4494","-65","52"
"6333","599616119247271552","-5163","523","-459"
"6334","599616119252148608","-4546","833","-258"
"6335","599616119257025536","-3591","923","146"
"6336","599616119261902526","-3076","859","386"
"6337","599616119266778624","-3123","785","411"
"6338","599616119271654784","-3393","725","340"
"6339","599616119276530816","-3480","639","248"
"6340","599616119281406976","-3207","543","268"
"6341","599616119286283008","-2813","415","386"
"6342","599616119291159168","-2484","266","474"
"6343","599616119296035200","-2285","190","484"
"6344","599616119300911360","-2112","155","474"
"6345","599616119305787392","-1915","153","419"
"6346","599616119310663552","-1651","148","359"
"6347","599616119315539584","-1424","121","248"
"6348","599616119320415744","-1238","99","72"
"6349","599616119325291776","-1069","86","-73"
"6350","599616119330167936","-896","48","-132"
"6351","599616119335043968","-727","13","-169"
"6352","599616119339920128","-586","-7","-201"
"6353","599616119344796160","-493","-17","-204"
"6354","599616119349672320","-411","-27","-178"
"6355","599616119354548352","-319","-36","-152"
"6356","599616119359424512","-235","-44","-140"
"6357","599616119364300544","-133","-47","-132"
"6358","599616119369176704","-17","-50","-128"
"6359","599616119374052864","61","-41","-131"
"6360","599616119378928896","170","-41","-126"
"6361","599616119383805056","291","-24","-132"
"6362","599616119388681088","442","-21","-102"
"6363","599616119393557248","541","-6","-84"
"6364","599616119398433280","680","15","-75"
"6365","599616119403309440","761","28","-52"
"6366","599616119408185472","814","56","-62"
"6367","599616119413061632","894","79","-62"
"6368","599616119417937664","942","90","-68"
"6369","599616119422813824","978","101","-86"
"6370","599616119427689856","986","112","-102"
"6371","599616119432566016","950","125","-119"
"6372","599616119437442088","849","129","-135"
"6373","599616119442319872","738","117","-160"
"6374","599616119447197696","622","104","-164"
"6375","599616119452075520","536","96","-139"
"6376","599616119456953216","484","86","-99"
"6377","599616119461831040","417","86","-37"
"6378","599616119466708864","327","86","-8"
"6379","599616119471586688","232","81","16"
"6380","599616119476464384","129","82","35"
"6381","599616119481342208","28","74","50"
"6382","599616119486220032","-58","68","60"
"6383","599616119491097856","-167","65","55"
"6384","599616119495975552","-262","61","42"
"6385","599616119500853376","-369","60","25"
"6386","599616119505731200","-453","54","7"
"6387","599616119510609024","-503","44","-12"
"6388","599616119515486720","-557","35","-22"
"6389","599616119520364544","-600","27","-25"
"6390","599616119525242368","-612","15","-33"
"6391","599616119530120192","-601","1","-41"
"6392","599616119534997888","-555","-10","-42"
"6393","599616119539875712","-502","-13","-35"
"6394","599616119544753536","-449","-13","-30"
"6395","599616119549631360","-359","-10","-20"
"6396","599616119554509056","-262","-7","-13"
"6397","599616119559386880","-209","-2","-11"
"6398","599616119564264704","-132","3","-20"
"6399","599616119569142528","-105","-2","-48"
"6400","599616119574020352","-87","-10","-99"
"6401","599616119578898048","-75","-19","-132"
"6402","599616119583775872","-82","-20","-127"
"6403","599616119588653696","-122","-13","-71"
"6404","599616119593531520","-215","7","-13"
"6405","599616119598409216","-338","57","85"
"6406","599616119603287040","-500","98","239"
"6407","599616119608164864","-706","148","445"
"6408","599616119613042644","-986","182","687"
"6409","599616119617919616","-1469","222","887"
"6410","599616119622796544","-2454","341","1407"
"6411","599616119627673472","-5053","375","1435"
"6412","599616119632550400","-7983","1609","-567"
"6413","599616119637427456","-6929","2368","-2085"
"6414","599616119642304384","-3636","-165","358"
"6415","599616119647181312","-2627","-1626","545"
"6416","599616119652058240","-2803","-1255","753"
"6417","599616119656935168","-3726","-115","394"
"6418","599616119661812096","-4453","753","-96"
"6419","599616119666689024","-4243","1030","25"
"6420","599616119671566080","-3441","939","348"
"6421","599616119676443008","-2881","736","640"
"6422","599616119681319936","-2785","577","722"
"6423","599616119686196864","-3000","500","614"
"6424","599616119691073792","-3200","467","472"
"6425","599616119695950720","-3127","457","350"
"6426","599616119700827648","-2842","379","279"
"6427","599616119705704576","-2485","258","291"
"6428","599616119710581632","-2167","189","362"
"6429","599616119715458560","-1933","154","446"
"6430","599616119720335488","-1743","133","471"
"6431","599616119725212416","-1594","102","437"
"6432","599616119730089344","-1493","87","376"
"6433","599616119734966272","-1358","68","299"
"6434","599616119739843200","-1237","36","191"
"6435","599616119744720256","-1096","3","98"
"6436","599616119749597184","-940","-27","80"
"6437","599616119754474112","-767","-50","41"
"6438","599616119759351040","-611","-76","-27"
"6439","599616119764227968","-501","-82","-96"
"6440","599616119769104896","-410","-70","-156"
"6441","599616119773981824","-302","-47","-231"
"6442","599616119778858880","-195","-34","-241"
"6443","599616119783735808","-70","-24","-245"
"6444","599616119788612688","36","-20","-234"
"6445","599616119793489664","176","-18","-183"
"6446","599616119798366592","270","-17","-139"
"6447","599616119803243520","366","-19","-97"
"6448","599616119808120448","392","-5","-106"
"6449","599616119812997504","515","-5","-102"
"6450","599616119817874432","604","6","-66"
"6451","599616119822751360","693","29","-99"
"6452","599616119827628288","784","35","-79"
"6453","599616119832505216","872","50","-72"
"6454","599616119837382144","949","70","-85"
"6455","599616119842259072","991","73","-78"
"6456","599616119847136128","990","76","-86"
"6457","599616119852013056","931","84","-117"
"6458","599616119856889984","812","90","-129"
"6459","599616119861766912","713","105","-131"
"6460","599616119866643840","612","130","-122"
"6461","599616119871520768","539","146","-89"
"6462","599616119876397696","492","162","-48"
"6463","599616119881274752","425","166","-26"
"6464","599616119886151680","330","165","-18"
"6465","599616119891028608","217","160","-15"
"6466","599616119895905536","88","144","-11"
"6467","599616119900782464","-23","126","-7"
"6468","599616119905659392","-149","105","-4"
"6469","599616119910536320","-262","91","-9"
"6470","599616119915413376","-372","85","-15"
"6471","599616119920290304","-458","70","-23"
"6472","599616119925167232","-503","41","-41"
"6473","599616119930044160","-549","20","-79"
"6474","599616119934921088","-583","8","-114"
"6475","599616119939798016","-594","-2","-133"
"6476","599616119944674944","-569","-12","-143"
"6477","599616119949551872","-523","-15","-152"
"6478","599616119954428928","-478","-16","-159"
"6479","599616119959305856","-394","-19","-149"
"6480","599616119964182742","-285","-21","-135"
"6481","599616119969061376","-209","-22","-118"
"6482","599616119973939968","-121","-23","-97"
"6483","599616119978818688","-59","-28","-118"
"6484","599616119983697280","-29","-36","-164"
"6485","599616119988576000","-24","-55","-233"
"6486","599616119993454592","-46","-68","-260"
"6487","599616119998333184","-95","-80","-255"
"6488","599616120003211904","-173","-86","-221"
"6489","599616120008090496","-262","-78","-117"
"6490","599616120012969216","-397","-52","26"
"6491","599616120017847808","-536","-23","193"
"6492","599616120022726400","-767","5","339"
"6493","599616120027605120","-1112","36","436"
"6494","599616120032483712","-1734","72","521"
"6495","599616120037362304","-3164","62","1047"
"6496","599616120042241024","-6823","-6","971"
"6497","599616120047119616","-7991","2340","-2872"
"6498","599616120051998336","-5301","2088","-1168"
"6499","599616120056876928","-2292","-21","894"
"6500","599616120061755520","-2284","-1415","448"
"6501","599616120066634240","-3177","-782","23"
"6502","599616120071512832","-4369","68","-361"
"6503","599616120076391552","-4759","553","-380"
"6504","599616120081270144","-4036","771","64"
"6505","599616120086148736","-3210","739","451"
"6506","599616120091027456","-2929","577","555"
"6507","599616120095906048","-3026","453","492"
"6508","599616120100784768","-3189","372","335"
"6509","599616120105663360","-3136","294","238"
"6510","599616120110541952","-2885","236","239"
"6511","599616120115420672","-2545","209","314"
"6512","599616120120299264","-2283","173","296"
"6513","599616120125177856","-2063","101","254"
"6514","599616120130056576","-1874","37","222"
"6515","599616120134935168","-1674","-19","181"
"6516","599616120139813852","-1510","-43","114"
"6517","599616120144692480","-1347","-72","107"
"6518","599616120149571072","-1200","-123","-2"
"6519","599616120154449792","-1089","-147","-132"
"6520","599616120159328384","-983","-157","-159"
"6521","599616120164207104","-845","-162","-165"
"6522","599616120169085696","-721","-156","-191"
"6523","599616120173964288","-583","-148","-127"
"6524","599616120178843008","-465","-140","-63"
"6525","599616120183721600","-360","-128","-73"
"6526","599616120188600192","-253","-94","-103"
"6527","599616120193478912","-152","-66","-131"
"6528","599616120198357504","-44","-41","-134"
"6529","599616120203236224","18","-10","-187"
"6530","599616120208114816","151","28","-226"
"6531","599616120212993408","315","72","-189"
"6532","599616120217872128","448","94","-97"
"6533","599616120222750720","526","152","-63"
"6534","599616120227629440","646","200","-38"
"6535","599616120232508032","748","228","-9"
"6536","599616120237386624","811","269","-11"
"6537","599616120242265344","903","312","-2"
"6538","599616120247143936","958","336","-11"
"6539","599616120252022528","966","345","-35"
"6540","599616120256901248","918","340","-78"
"6541","599616120261779840","835","300","-87"
"6542","599616120266658560","721","255","-74"
"6543","599616120271537152","584","214","-48"
"6544","599616120276415744","482","181","-27"
"6545","599616120281294464","388","129","-15"
"6546","599616120286173056","283","89","4"
"6547","599616120291051776","212","71","20"
"6548","599616120295930368","120","38","33"
"6549","599616120300808960","36","17","55"
"6550","599616120305687680","-13","-4","57"
"6551","599616120310566272","-78","-9","65"
"6552","599616120315444942","-135","-13","72"
"6553","599616120320324480","-206","-12","75"
"6554","599616120325203968","-243","-7","59"
"6555","599616120330083456","-294","-8","42"
"6556","599616120334962944","-357","-9","14"
"6557","599616120339842432","-394","-8","-10"
"6558","599616120344721920","-445","-6","-29"
"6559","599616120349601408","-475","-8","-58"
"6560","599616120354480896","-487","-14","-80"
"6561","599616120359360384","-487","-17","-107"
"6562","599616120364239872","-469","-20","-115"
"6563","599616120369119360","-429","-21","-102"
"6564","599616120373998848","-378","-25","-77"
"6565","599616120378878336","-311","-22","-64"
"6566","599616120383757824","-256","-22","-98"
"6567","599616120388637312","-238","-32","-179"
"6568","599616120393516800","-231","-50","-281"
"6569","599616120398396288","-238","-77","-339"
"6570","599616120403275776","-249","-92","-301"
"6571","599616120408155264","-307","-109","-200"
"6572","599616120413034752","-399","-117","-36"
"6573","599616120417914240","-503","-101","170"
"6574","599616120422793728","-675","-60","413"
"6575","599616120427673216","-930","-38","604"
"6576","599616120432552704","-1367","-31","730"
"6577","599616120437432192","-2230","-104","1067"
"6578","599616120442311680","-4717","-739","1570"
"6579","599616120447191168","-7965","1204","-771"
"6580","599616120452070656","-6950","2579","-2483"
"6581","599616120456950144","-3710","487","-90"
"6582","599616120461829632","-2429","-891","414"
"6583","599616120466709120","-2389","-608","389"
"6584","599616120471588608","-3209","125","23"
"6585","599616120476468096","-3954","473","-213"
"6586","599616120481347584","-3916","746","-33"
"6587","599616120486227072","-3490","832","282"
"6588","599616120491106560","-3188","733","450"
"6589","599616120495985152","-3155","642","426"
"6590","599616120500863744","-3244","602","297"
"6591","599616120505742464","-3277","595","236"
"6592","599616120510621056","-3155","549","274"
"6593","599616120515499776","-2908","455","355"
"6594","599616120520378368","-2617","327","413"
"6595","599616120525256960","-2352","218","446"
"6596","599616120530135680","-2132","188","443"
"6597","599616120535014272","-1952","176","414"
"6598","599616120539892864","-1791","141","320"
"6599","599616120544771584","-1630","94","218"
"6600","599616120549650176","-1498","60","95"
"6601","599616120554528896","-1375","26","-62"
"6602","599616120559407488","-1204","-12","-203"
"6603","599616120564286080","-1028","-37","-256"
"6604","599616120569164800","-890","-72","-188"
"6605","599616120574043392","-746","-102","-57"
"6606","599616120578922112","-563","-98","-73"
"6607","599616120583800704","-419","-78","-178"
"6608","599616120588679296","-270","-65","-177"
"6609","599616120593558016","-164","-58","-135"
"6610","599616120598436608","-82","-49","-118"
"6611","599616120603315200","-9","-63","-82"
"6612","599616120608193920","42","-71","-48"
"6613","599616120613072512","117","-85","-28"
"6614","599616120617951232","186","-80","-29"
"6615","599616120622829824","245","-79","-28"
"6616","599616120627708416","284","-67","-28"
"6617","599616120632587136","340","-32","-59"
"6618","599616120637465728","499","-23","-57"
"6619","599616120642344448","624","-4","-24"
"6620","599616120647223040","728","38","-23"
"6621","599616120652101632","808","68","-21"
"6622","599616120656980352","874","89","-20"
"6623","599616120661858944","879","100","-14"
"6624","599616120666737640","823","139","-49"
"6625","599616120671616256","758","173","-103"
"6626","599616120676494848","701","189","-125"
"6627","599616120681373568","622","195","-75"
"6628","599616120686252160","555","187","-20"
"6629","599616120691130880","487","171","31"
"6630","599616120696009472","419","130","107"
"6631","599616120700888064","331","89","157"
"6632","599616120705766784","235","65","144"
"6633","599616120710645376","140","37","102"
"6634","599616120715523968","49","27","86"
"6635","599616120720402688","-7","15","78"
"6636","599616120725281280","-81","9","71"
"6637","599616120730160000","-162","-1","64"
"6638","599616120735038592","-242","-10","52"
"6639","599616120739917184","-319","-14","29"
"6640","599616120744795904","-391","-17","6"
"6641","599616120749674496","-446","-17","-19"
"6642","599616120754553216","-485","-16","-34"
"6643","599616120759431808","-491","-12","-65"
"6644","599616120764310400","-486","-11","-87"
"6645","599616120769189120","-459","-11","-98"
"6646","599616120774067712","-400","-13","-104"
"6647","599616120778946304","-347","-13","-115"
"6648","599616120783825024","-265","-16","-129"
"6649","599616120788703616","-217","-17","-133"
"6650","599616120793582336","-132","-20","-134"
"6651","599616120798460928","-73","-21","-121"
"6652","599616120803339520","-13","-22","-101"
"6653","599616120808218240","10","-23","-125"
"6654","599616120813096832","10","-34","-179"
"6655","599616120817975552","-16","-66","-253"
"6656","599616120822854144","-87","-99","-289"
"6657","599616120827732736","-148","-127","-280"
"6658","599616120832611456","-241","-140","-183"
"6659","599616120837490048","-384","-142","-9"
"6660","599616120842368730","-558","-116","220"
"6661","599616120847246592","-806","-84","459"
"6662","599616120852124416","-1089","-50","604"
"6663","599616120857002240","-1669","-45","752"
"6664","599616120861879936","-3648","-779","1395"
"6665","599616120866757760","-7742","319","-1086"
"6666","599616120871635584","-7710","3465","-3851"
"6667","599616120876513408","-3987","584","10"
"6668","599616120881391104","-2519","-1824","249"
"6669","599616120886268928","-2591","-1014","50"
"6670","599616120891146752","-3542","121","-44"
"6671","599616120896024576","-4333","353","-273"
"6672","599616120900902272","-4122","599","-79"
"6673","599616120905780096","-3581","748","334"
"6674","599616120910657920","-3347","705","479"
"6675","599616120915535744","-3390","593","330"
"6676","599616120920413440","-3494","547","114"
"6677","599616120925291264","-3387","550","74"
"6678","599616120930169088","-3129","522","91"
"6679","599616120935046912","-2856","398","131"
"6680","599616120939924608","-2594","180","197"
"6681","599616120944802432","-2360","25","233"
"6682","599616120949680256","-2107","-26","297"
"6683","599616120954558080","-1890","-31","335"
"6684","599616120959435776","-1741","-27","250"
"6685","599616120964313600","-1652","-16","41"
"6686","599616120969191424","-1613","18","-185"
"6687","599616120974069248","-1487","41","-271"
"6688","599616120978947072","-1258","75","-374"
"6689","599616120983824768","-1012","89","-399"
"6690","599616120988702592","-747","102","-323"
"6691","599616120993580416","-501","114","-319"
"6692","599616120998458240","-324","108","-245"
"6693","599616121003335936","-187","91","-130"
"6694","599616121008213760","-71","88","-77"
"6695","599616121013091584","29","84","-28"
"6696","599616121017969292","138","83","-13"
"6697","599616121022847872","235","79","-5"
"6698","599616121027726464","302","84","-9"
"6699","599616121032605184","385","71","-16"
"6700","599616121037483776","421","51","-18"
"6701","599616121042362496","455","59","-32"
"6702","599616121047241088","579","62","-42"
"6703","599616121052119680","729","69","-21"
"6704","599616121056998400","839","81","-22"
"6705","599616121061876992","931","89","-29"
"6706","599616121066755584","978","89","-37"
"6707","599616121071634304","965","91","-61"
"6708","599616121076512896","903","89","-81"
"6709","599616121081391616","805","86","-91"
"6710","599616121086270208","696","83","-90"
"6711","599616121091148800","574","54","-55"
"6712","599616121096027520","475","25","-18"
"6713","599616121100906112","373","17","19"
"6714","599616121105784832","258","1","74"
"6715","599616121110663424","152","-6","101"
"6716","599616121115542016","40","-9","106"
"6717","599616121120420736","-42","-11","101"
"6718","599616121125299328","-144","-10","94"
"6719","599616121130178048","-238","-8","42"
"6720","599616121135056640","-352","-6","-12"
"6721","599616121139935232","-433","3","-22"
"6722","599616121144813952","-480","5","-24"
"6723","599616121149692544","-503","-1","-16"
"6724","599616121154571136","-543","6","-24"
"6725","599616121159449856","-567","6","-20"
"6726","599616121164328448","-581","6","-31"
"6727","599616121169207168","-580","8","-63"
"6728","599616121174085760","-542","13","-91"
"6729","599616121178964352","-491","16","-99"
"6730","599616121183843072","-422","17","-94"
"6731","599616121188721664","-328","12","-78"
"6732","599616121193600392","-234","12","-48"
"6733","599616121198478976","-133","15","-26"
"6734","599616121203357568","-56","23","-11"
"6735","599616121208236288","2","44","-2"
"6736","599616121213114880","36","77","-8"
"6737","599616121217993600","62","95","-34"
"6738","599616121222872192","63","103","-111"
"6739","599616121227750784","35","102","-201"
"6740","599616121232629504","9","89","-267"
"6741","599616121237508096","4","73","-267"
"6742","599616121242386688","-3","45","-187"
"6743","599616121247265408","-69","36","-73"
"6744","599616121252144000","-214","56","13"
"6745","599616121257022720","-428","75","72"
"6746","599616121261901312","-696","78","82"
"6747","599616121266779904","-1035","78","84"
"6748","599616121271658624","-1481","86","161"
"6749","599616121276537216","-2191","118","484"
"6750","599616121281415936","-4447","-255","973"
"6751","599616121286294528","-7793","490","-460"
"6752","599616121291173120","-6503","929","-2291"
"6753","599616121296051840","-3472","475","-419"
"6754","599616121300930432","-2108","-67","378"
"6755","599616121305809024","-2370","-479","557"
"6756","599616121310687744","-3358","-472","205"
"6757","599616121315566336","-4360","-267","-431"
"6758","599616121320445056","-4608","-13","-844"
"6759","599616121325323648","-4004","190","-426"
"6760","599616121330202240","-3263","310","204"
"6761","599616121335080960","-2962","433","503"
"6762","599616121339959552","-3058","539","456"
"6763","599616121344838272","-3226","613","272"
"6764","599616121349716864","-3195","600","226"
"6765","599616121354595456","-3003","520","301"
"6766","599616121359474176","-2779","441","367"
"6767","599616121364352768","-2582","381","366"
"6768","599616121369231482","-2435","343","327"
"6769","599616121374110080","-2256","287","263"
"6770","599616121378988672","-2069","250","225"
"6771","599616121383867392","-1868","222","215"
"6772","599616121388745984","-1650","204","208"
"6773","599616121393624704","-1481","169","187"
"6774","599616121398503296","-1343","134","85"
"6775","599616121403381888","-1231","114","2"
"6776","599616121408260608","-1125","115","-50"
"6777","599616121413139200","-1026","132","-109"
"6778","599616121418017792","-952","146","-136"
"6779","599616121422896512","-835","152","-151"
"6780","599616121427775104","-729","154","-170"
"6781","599616121432653824","-590","134","-148"
"6782","599616121437532416","-475","100","-113"
"6783","599616121442411008","-341","82","-97"
"6784","599616121447289728","-250","48","-85"
"6785","599616121452168320","-114","31","-84"
"6786","599616121457047040","22","12","-46"
"6787","599616121461925632","157","26","-45"
"6788","599616121466804224","296","31","-41"
"6789","599616121471682944","416","58","-33"
"6790","599616121476561536","503","74","-41"
"6791","599616121481440128","596","85","-38"
"6792","599616121486318848","670","85","-37"
"6793","599616121491197440","739","88","-42"
"6794","599616121496076160","772","86","-46"
"6795","599616121500954752","824","78","-63"
"6796","599616121505833344","876","56","-83"
"6797","599616121510712064","884","32","-99"
"6798","599616121515590656","872","10","-118"
"6799","599616121520469376","797","-11","-126"
"6800","599616121525347968","725","-22","-127"
"6801","599616121530226560","608","-30","-123"
"6802","599616121535105280","512","-36","-105"
"6803","599616121539983872","439","-37","-72"
"6804","599616121544862572","334","-36","-45"
"6805","599616121549739520","240","-38","-28"
"6806","599616121554616448","136","-38","-18"
"6807","599616121559493376","40","-37","-6"
"6808","599616121564370304","-14","-41","9"
"6809","599616121569247360","-82","-36","28"
"6810","599616121574124288","-149","-35","44"
"6811","599616121579001216","-229","-27","38"
"6812","599616121583878144","-286","-19","30"
"6813","599616121588755072","-364","-10","42"
"6814","599616121593632000","-421","11","15"
"6815","599616121598508928","-486","33","0"
"6816","599616121603385856","-496","57","-1"
"6817","599616121608262912","-493","77","48"
"6818","599616121613139840","-485","82","109"
"6819","599616121618016768","-473","88","144"
"6820","599616121622893696","-455","96","168"
"6821","599616121627770624","-440","106","129"
"6822","599616121632647552","-428","115","67"
"6823","599616121637524480","-411","104","5"
"6824","599616121642401536","-402","88","-23"
"6825","599616121647278464","-413","53","-36"
"6826","599616121652155392","-438","14","-34"
"6827","599616121657032320","-467","0","-8"
"6828","599616121661909248","-501","-9","97"
"6829","599616121666786176","-616","6","281"
"6830","599616121671663104","-858","12","498"
"6831","599616121676540160","-1282","-8","757"
"6832","599616121681417088","-2123","-14","1108"
"6833","599616121686294016","-4171","182","1133"
"6834","599616121691170944","-7493","1099","404"
"6835","599616121696047872","-7514","1741","-1575"
"6836","599616121700924800","-4308","1158","-556"
"6837","599616121705801728","-2291","489","703"
"6838","599616121710678656","-2303","12","981"
"6839","599616121715555712","-3349","-138","703"
"6840","599616121720432606","-4758","39","-37"
"6841","599616121725310464","-4880","242","-497"
"6842","599616121730188288","-3898","357","-234"
"6843","599616121735066112","-3223","375","91"
"6844","599616121739943808","-3080","352","151"
"6845","599616121744821632","-3137","281","100"
"6846","599616121749699456","-3161","206","92"
"6847","599616121754577280","-3016","134","96"
"6848","599616121759454976","-2687","89","194"
"6849","599616121764332800","-2344","87","230"
"6850","599616121769210624","-2079","89","248"
"6851","599616121774088448","-1855","89","259"
"6852","599616121778966144","-1613","86","228"
"6853","599616121783843968","-1448","72","125"
"6854","599616121788721792","-1302","37","49"
"6855","599616121793599616","-1218","16","7"
"6856","599616121798477312","-1107","6","-59"
"6857","599616121803355136","-1003","4","-101"
"6858","599616121808232960","-885","8","-60"
"6859","599616121813110784","-753","2","-9"
"6860","599616121817988608","-594","-9","22"
"6861","599616121822866304","-456","-9","14"
"6862","599616121827744128","-312","-10","-14"
"6863","599616121832621952","-224","-4","-25"
"6864","599616121837499776","-134","17","-23"
"6865","599616121842377472","-75","54","-7"
"6866","599616121847255296","37","86","3"
"6867","599616121852133120","155","104","16"
"6868","599616121857010944","247","128","-8"
"6869","599616121861888640","374","155","-42"
"6870","599616121866766464","485","153","-65"
"6871","599616121871644288","572","157","-67"
"6872","599616121876522112","644","152","-49"
"6873","599616121881399808","717","138","-28"
"6874","599616121886277632","754","116","-18"
"6875","599616121891155456","759","96","-9"
"6876","599616121896033188","760","83","-10"
"6877","599616121900911744","757","56","-16"
"6878","599616121905790336","725","24","-27"
"6879","599616121910669056","654","-3","-30"
"6880","599616121915547648","582","-20","-21"
"6881","599616121920426368","499","-34","-10"
"6882","599616121925304960","426","-43","10"
"6883","599616121930183552","332","-49","18"
"6884","599616121935062272","240","-57","22"
"6885","599616121939940864","157","-54","18"
"6886","599616121944819456","76","-52","14"
"6887","599616121949698176","8","-50","5"
"6888","599616121954576768","-59","-41","-2"
"6889","599616121959455488","-144","-30","-12"
"6890","599616121964334080","-232","-16","-24"
"6891","599616121969212672","-288","10","-40"
"6892","599616121974091392","-359","42","-67"
"6893","599616121978969984","-385","84","-95"
"6894","599616121983848704","-389","107","-114"
"6895","599616121988727296","-386","152","-126"
"6896","599616121993605888","-383","175","-135"
"6897","599616121998484608","-368","192","-147"
"6898","599616122003363200","-312","203","-152"
"6899","599616122008241920","-260","200","-140"
"6900","599616122013120512","-220","186","-135"
"6901","599616122017999104","-146","170","-119"
"6902","599616122022877824","-93","160","-90"
"6903","599616122027756416","-32","146","-67"
"6904","599616122032635008","-3","140","-71"
"6905","599616122037513728","10","146","-86"
"6906","599616122042392320","24","146","-89"
"6907","599616122047271040","35","147","-71"
"6908","599616122052149632","12","139","-128"
"6909","599616122057028224","-25","101","-207"
"6910","599616122061906944","-87","85","-247"
"6911","599616122066785536","-143","58","-247"
"6912","599616122071664288","-229","25","-250"
"6913","599616122076543744","-294","5","-207"
"6914","599616122081423232","-420","-7","-90"
"6915","599616122086302720","-577","-4","40"
"6916","599616122091182208","-852","16","141"
"6917","599616122096061696","-1184","61","205"
"6918","599616122100941184","-1632","156","244"
"6919","599616122105820672","-2418","357","442"
"6920","599616122110700160","-4439","817","406"
"6921","599616122115579648","-6086","853","-448"
"6922","599616122120459136","-5472","288","-781"
"6923","599616122125338624","-2900","52","14"
"6924","599616122130218112","-1489","259","755"
"6925","599616122135097600","-2003","392","674"
"6926","599616122139977088","-3199","172","324"
"6927","599616122144856576","-4212","0","95"
"6928","599616122149736064","-4455","69","-29"
"6929","599616122154615552","-3985","117","19"
"6930","599616122159495040","-3560","225","259"
"6931","599616122164374528","-3530","394","367"
"6932","599616122169254016","-3592","491","330"
"6933","599616122174133504","-3512","529","336"
"6934","599616122179012992","-3393","479","365"
"6935","599616122183892480","-3306","434","382"
"6936","599616122188771968","-3235","359","367"
"6937","599616122193651456","-3076","332","363"
"6938","599616122198530944","-2863","287","344"
"6939","599616122203410432","-2602","247","294"
"6940","599616122208289920","-2375","205","271"
"6941","599616122213169408","-2142","144","237"
"6942","599616122218048896","-1945","92","115"
"6943","599616122222928384","-1763","91","-57"
"6944","599616122227807872","-1548","78","-106"
"6945","599616122232687360","-1339","38","-181"
"6946","599616122237566848","-1223","19","-172"
"6947","599616122242446336","-1098","-5","-39"
"6948","599616122247325906","-991","-3","-33"
"6949","599616122252205440","-898","14","-42"
"6950","599616122257084928","-799","37","14"
"6951","599616122261964416","-719","62","50"
"6952","599616122266843904","-628","76","47"
"6953","599616122271723392","-535","82","33"
"6954","599616122276602880","-450","86","25"
"6955","599616122281482368","-366","76","24"
"6956","599616122286361856","-298","94","0"
"6957","599616122291241344","-141","97","11"
"6958","599616122296120832","-19","108","47"
"6959","599616122301000320","87","124","37"
"6960","599616122305879808","226","134","20"
"6961","599616122310759296","336","140","4"
"6962","599616122315638784","421","146","-18"
"6963","599616122320518272","481","135","-37"
"6964","599616122325397760","497","122","-61"
"6965","599616122330277248","545","105","-72"
"6966","599616122335156736","604","91","-82"
"6967","599616122340036224","642","74","-87"
"6968","599616122344915712","704","26","-89"
"6969","599616122349795200","731","-9","-92"
"6970","599616122354674688","715","-23","-95"
"6971","599616122359554176","660","-28","-90"
"6972","599616122364433664","595","-25","-85"
"6973","599616122369313152","507","-23","-66"
"6974","599616122374192640","437","-18","-46"
"6975","599616122379072128","344","-11","-35"
"6976","599616122383951616","254","-7","-22"
"6977","599616122388831104","197","-1","-11"
"6978","599616122393710592","119","0","-7"
"6979","599616122398590080","69","10","0"
"6980","599616122403469568","18","12","3"
"6981","599616122408349056","-10","16","6"
"6982","599616122413228544","-56","20","11"
"6983","599616122418108032","-111","34","3"
"6984","599616122422987514","-169","48","-1"
"6985","599616122427864448","-228","68","-3"
"6986","599616122432741376","-253","81","-3"
"6987","599616122437618304","-295","86","-5"
"6988","599616122442495232","-313","89","-2"
"6989","599616122447372288","-336","91","0"
"6990","599616122452249216","-346","93","11"
"6991","599616122457126144","-341","95","16"
"6992","599616122462003072","-321","93","26"
"6993","599616122466880000","-300","95","16"
"6994","599616122471756928","-265","95","9"
"6995","599616122476633856","-248","101","-20"
"6996","599616122481510784","-238","109","-59"
"6997","599616122486387840","-220","101","-105"
"6998","599616122491264768","-202","91","-134"
"6999","599616122496141696","-198","88","-136"
"7000","599616122501018624","-209","91","-110"
"7001","599616122505895552","-235","92","-30"
"7002","599616122510772480","-289","117","18"
"7003","599616122515649408","-428","167","82"
"7004","599616122520526464","-579","200","177"
"7005","599616122525403392","-820","247","316"
"7006","599616122530280320","-1155","372","477"
"7007","599616122535157248","-1742","595","656"
"7008","599616122540034176","-2711","996","869"
"7009","599616122544911104","-4936","1484","604"
"7010","599616122549788032","-6434","1168","-295"
"7011","599616122554664960","-5315","366","-937"
"7012","599616122559542016","-3234","16","-219"
"7013","599616122564418944","-1969","45","508"
"7014","599616122569295872","-1786","91","762"
"7015","599616122574172800","-2327","-166","696"
"7016","599616122579049728","-3180","-360","373"
"7017","599616122583926656","-3655","-296","203"
"7018","599616122588803584","-3442","-93","214"
"7019","599616122593680640","-2860","114","491"
"7020","599616122598557538","-2442","263","700"
"7021","599616122603437056","-2267","386","826"
"7022","599616122608316544","-2248","459","871"
"7023","599616122613196032","-2243","465","876"
"7024","599616122618075520","-2201","458","831"
"7025","599616122622955008","-2118","400","729"
"7026","599616122627834496","-2073","307","603"
"7027","599616122632713984","-2034","229","477"
"7028","599616122637593472","-1996","215","403"
"7029","599616122642472960","-1909","221","371"
"7030","599616122647352448","-1752","232","386"
"7031","599616122652231936","-1569","241","425"
"7032","599616122657111424","-1401","240","450"
"7033","599616122661990912","-1222","227","451"
"7034","599616122666870400","-1065","215","415"
"7035","599616122671749888","-952","204","352"
"7036","599616122676629376","-825","179","257"
"7037","599616122681508864","-718","152","201"
"7038","599616122686388352","-594","135","135"
"7039","599616122691267840","-500","119","79"
"7040","599616122696147328","-419","102","14"
"7041","599616122701026816","-335","93","-24"
"7042","599616122705906304","-253","89","-45"
"7043","599616122710785792","-206","82","-65"
"7044","599616122715665280","-128","69","-90"
"7045","599616122720544768","-79","45","-89"
"7046","599616122725424256","-28","20","-75"
"7047","599616122730303744","1","3","-84"
"7048","599616122735183232","14","3","-104"
"7049","599616122740062720","52","-11","-89"
"7050","599616122744942208","102","-18","-102"
"7051","599616122749821696","49","-23","-90"
"7052","599616122754701184","83","-17","-216"
"7053","599616122759580672","153","-21","-192"
"7054","599616122764460288","213","-30","-190"
"7055","599616122769339776","245","-21","-257"
"7056","599616122774219176","244","-29","-240"
"7057","599616122779098624","244","-38","-259"
"7058","599616122783978112","233","-40","-278"
"7059","599616122788857600","210","-43","-288"
"7060","599616122793737088","181","-50","-267"
"7061","599616122798616576","134","-59","-239"
"7062","599616122803496064","105","-66","-178"
"7063","599616122808375552","42","-67","-108"
"7064","599616122813255040","-9","-80","-31"
"7065","599616122818134528","-98","-90","44"
"7066","599616122823014016","-226","-97","138"
"7067","599616122827893504","-392","-99","215"
"7068","599616122832772992","-596","-95","262"
"7069","599616122837652480","-880","-97","317"
"7070","599616122842531968","-1219","-87","367"
"7071","599616122847411456","-1657","-73","412"
"7072","599616122852290944","-2286","-37","470"
"7073","599616122857170432","-3318","95","428"
"7074","599616122862049920","-4269","414","78"
"7075","599616122866929408","-3689","454","-556"
"7076","599616122871808896","-2116","41","-338"
"7077","599616122876688384","-1158","-197","19"
"7078","599616122881567872","-766","-261","267"
"7079","599616122886447360","-750","-235","410"
"7080","599616122891326848","-972","-161","342"
"7081","599616122896206336","-1286","-87","197"
"7082","599616122901085824","-1514","-33","63"
"7083","599616122905965312","-1607","16","-2"
"7084","599616122910844800","-1564","78","19"
"7085","599616122915724288","-1492","125","121"
"7086","599616122920603776","-1403","188","232"
"7087","599616122925483264","-1368","218","311"
"7088","599616122930362752","-1328","245","342"
"7089","599616122935242240","-1294","266","332"
"7090","599616122940121728","-1251","256","315"
"7091","599616122945001216","-1228","245","297"
"7092","599616122949880784","-1197","223","278"
"7093","599616122954760320","-1164","215","259"
"7094","599616122959639808","-1148","206","230"
"7095","599616122964519296","-1132","194","228"
"7096","599616122969398784","-1121","179","220"
"7097","599616122974278272","-1125","164","179"
"7098","599616122979157760","-1120","142","138"
"7099","599616122984037248","-1088","131","175"
"7100","599616122988916736","-1017","107","221"
"7101","599616122993796224","-982","93","224"
"7102","599616122998675712","-949","89","205"
"7103","599616123003555200","-902","81","185"
"7104","599616123008434688","-874","70","142"
"7105","599616123013314176","-815","49","114"
"7106","599616123018193664","-772","29","102"
"7107","599616123023073152","-748","13","96"
"7108","599616123027952640","-715","-1","88"
"7109","599616123032832128","-692","-12","89"
"7110","599616123037711616","-679","-19","83"
"7111","599616123042591104","-688","-22","72"
"7112","599616123047470592","-701","-24","60"
"7113","599616123052350080","-716","-30","55"
"7114","599616123057229568","-728","-36","61"
"7115","599616123062109056","-745","-43","88"
"7116","599616123066988544","-758","-58","112"
"7117","599616123071868032","-770","-64","152"
"7118","599616123076747520","-802","-70","191"
"7119","599616123081627008","-865","-81","200"
"7120","599616123086506496","-900","-84","207"
"7121","599616123091385984","-952","-79","192"
"7122","599616123096265472","-976","-74","187"
"7123","599616123101144960","-980","-59","178"
"7124","599616123106024448","-975","-47","181"
"7125","599616123110903936","-958","-37","178"
"7126","599616123115783424","-948","-29","180"
"7127","599616123120662912","-935","-23","182"
"7128","599616123125542392","-917","-17","181"
"7129","599616123130422784","-904","-8","188"
"7130","599616123135303168","-897","-3","177"
"7131","599616123140183424","-893","0","168"
"7132","599616123145063808","-899","5","154"
"7133","599616123149944192","-912","8","126"
"7134","599616123154824448","-943","17","103"
"7135","599616123159704832","-961","16","97"
"7136","599616123164585088","-984","29","90"
"7137","599616123169465472","-993","32","94"
"7138","599616123174345856","-1006","36","100"
"7139","599616123179226112","-1033","53","113"
"7140","599616123184106496","-1053","70","155"
"7141","599616123188986880","-1071","85","204"
"7142","599616123193867136","-1093","98","233"
"7143","599616123198747520","-1115","150","275"
"7144","599616123203627776","-1123","195","308"
"7145","599616123208508160","-1160","221","316"
"7146","599616123213388544","-1188","262","284"
"7147","599616123218268800","-1198","303","246"
"7148","599616123223149184","-1202","341","223"
"7149","599616123228029568","-1204","348","215"
"7150","599616123232909824","-1209","349","199"
"7151","599616123237790208","-1219","338","176"
"7152","599616123242670464","-1226","320","148"
"7153","599616123247550848","-1216","313","115"
"7154","599616123252431232","-1200","319","108"
"7155","599616123257311488","-1168","341","116"
"7156","599616123262191872","-1140","352","124"
"7157","599616123267072256","-1129","368","147"
"7158","599616123271952512","-1133","392","172"
"7159","599616123276832896","-1148","400","178"
"7160","599616123281713152","-1161","395","177"
"7161","599616123286593536","-1167","382","178"
"7162","599616123291473920","-1151","357","175"
"7163","599616123296354176","-1126","353","177"
"7164","599616123301234492","-1116","347","181"
"7165","599616123306115584","-1094","336","199"
"7166","599616123310996736","-1073","322","215"
"7167","599616123315878016","-1071","307","226"
"7168","599616123320759168","-1085","288","239"
"7169","599616123325640320","-1097","279","269"
"7170","599616123330521472","-1105","276","301"
"7171","599616123335402752","-1103","285","330"
"7172","599616123340283904","-1083","306","335"
"7173","599616123345165056","-1056","320","322"
"7174","599616123350046208","-1024","346","301"
"7175","599616123354927488","-995","354","263"
"7176","599616123359808640","-989","364","231"
"7177","599616123364689792","-967","382","212"
"7178","599616123369570944","-938","385","186"
"7179","599616123374452224","-902","384","158"
"7180","599616123379333376","-884","384","128"
"7181","599616123384214528","-874","372","115"
"7182","599616123389095680","-849","368","112"
"7183","599616123393976960","-817","364","118"
"7184","599616123398858112","-801","358","131"
"7185","599616123403739264","-799","356","135"
"7186","599616123408620416","-801","353","139"
"7187","599616123413501696","-813","353","129"
"7188","599616123418382848","-842","352","111"
"7189","599616123423264000","-856","353","111"
"7190","599616123428145152","-859","346","107"
"7191","599616123433026432","-879","333","88"
"7192","599616123437907584","-883","312","47"
"7193","599616123442788736","-868","282","81"
"7194","599616123447669888","-811","264","117"
"7195","599616123452551168","-814","244","102"
"7196","599616123457432320","-867","230","57"
"7197","599616123462313472","-883","221","21"
"7198","599616123467194624","-875","215","5"
"7199","599616123472075904","-863","213","-13"
"7200","599616123476957146","-863","211","-16"
"7201","599616123481838336","-865","204","-16"
"7202","599616123486719488","-878","199","-11"
"7203","599616123491600768","-888","196","-9"
"7204","599616123496481920","-905","198","-3"
"7205","599616123501363072","-923","204","5"
"7206","599616123506244224","-941","208","17"
"7207","599616123511125504","-948","211","31"
"7208","599616123516006656","-972","212","44"
"7209","599616123520887808","-987","216","66"
"7210","599616123525768960","-995","220","78"
"7211","599616123530650240","-1015","226","83"
"7212","599616123535531392","-1044","234","81"
"7213","599616123540412544","-1067","243","75"
"7214","599616123545293696","-1090","255","67"
"7215","599616123550174976","-1101","269","74"
"7216","599616123555056128","-1110","279","81"
"7217","599616123559937280","-1112","295","80"
"7218","599616123564818432","-1111","312","90"
"7219","599616123569699712","-1108","334","93"
"7220","599616123574580864","-1103","344","91"
"7221","599616123579462016","-1088","347","94"
"7222","599616123584343168","-1067","348","96"
"7223","599616123589224448","-1055","349","98"
"7224","599616123594105600","-1046","349","97"
"7225","599616123598986752","-1034","346","99"
"7226","599616123603867904","-1022","337","98"
"7227","599616123608749184","-1011","328","94"
"7228","599616123613630336","-1004","313","83"
"7229","599616123618511488","-1000","301","73"
"7230","599616123623392640","-995","287","73"
"7231","599616123628273920","-993","280","72"
"7232","599616123633155072","-992","272","80"
"7233","599616123638036224","-990","266","85"
"7234","599616123642917376","-990","265","91"
"7235","599616123647798656","-990","263","90"
"7236","599616123652679790","-992","259","89"
"7237","599616123657560192","-993","259","84"
"7238","599616123662440576","-993","269","89"
"7239","599616123667320832","-993","272","87"
"7240","599616123672201216","-993","278","79"
"7241","599616123677081600","-993","289","76"
"7242","599616123681961856","-994","292","64"
"7243","599616123686842240","-993","301","71"
"7244","599616123691722496","-993","306","67"
"7245","599616123696602880","-993","307","58"
"7246","599616123701483264","-993","309","55"
"7247","599616123706363520","-993","309","46"
"7248","599616123711243904","-993","309","43"
"7249","599616123716124288","-994","310","45"
"7250","599616123721004544","-993","309","45"
"7251","599616123725884928","-993","299","49"
"7252","599616123730765184","-992","289","53"
"7253","599616123735645568","-993","287","52"
"7254","599616123740525952","-994","282","53"
"7255","599616123745406208","-992","283","46"
"7256","599616123750286592","-992","281","43"
"7257","599616123755166976","-990","277","42"
"7258","599616123760047232","-990","272","37"
"7259","599616123764927616","-990","267","35"
"7260","599616123769807872","-991","261","28"
"7261","599616123774688256","-992","259","20"
"7262","599616123779568640","-994","246","12"
"7263","599616123784448896","-1002","237","-5"
"7264","599616123789329280","-1014","225","-16"
"7265","599616123794209664","-1008","217","-18"
"7266","599616123799089920","-994","216","-11"
"7267","599616123803970304","-992","214","0"
"7268","599616123808850688","-995","214","2"
"7269","599616123813730944","-1022","212","-2"
"7270","599616123818611328","-1076","210","-15"
"7271","599616123823491584","-1124","208","-31"
"7272","599616123828371906","-1181","195","-56"
"7273","599616123833249792","-1199","180","-61"
"7274","599616123838127616","-1177","169","-32"
"7275","599616123843005440","-1125","166","9"
"7276","599616123847883136","-1106","161","76"
"7277","599616123852760960","-1104","164","107"
"7278","599616123857638784","-1115","163","113"
"7279","599616123862516608","-1120","157","105"
"7280","599616123867394304","-1122","153","100"
"7281","599616123872272128","-1114","149","98"
"7282","599616123877149952","-1081","146","97"
"7283","599616123882027776","-1053","154","96"
"7284","599616123886905472","-1030","165","90"
"7285","599616123891783296","-1007","169","93"
"7286","599616123896661120","-997","173","80"
"7287","599616123901538944","-995","178","44"
"7288","599616123906416640","-984","178","62"
"7289","599616123911294464","-935","175","102"
"7290","599616123916172288","-890","171","111"
"7291","599616123921050112","-887","172","98"
"7292","599616123925927936","-893","169","74"
"7293","599616123930805632","-900","169","28"
"7294","599616123935683456","-902","165","-2"
"7295","599616123940561280","-890","153","-19"
"7296","599616123945439104","-885","130","-22"
"7297","599616123950316800","-883","101","-22"
"7298","599616123955194624","-884","90","-21"
"7299","599616123960072448","-886","87","-19"
"7300","599616123964950272","-892","86","-11"
"7301","599616123969827968","-902","87","-4"
"7302","599616123974705792","-917","88","6"
"7303","599616123979583616","-942","89","16"
"7304","599616123984461440","-959","91","27"
"7305","599616123989339136","-981","94","40"
"7306","599616123994216960","-991","101","41"
"7307","599616123999094784","-1002","102","45"
"7308","599616124003972484","-1021","100","44"
"7309","599616124008849408","-1048","103","42"
"7310","599616124013726336","-1057","97","34"
"7311","599616124018603264","-1073","97","38"
"7312","599616124023480192","-1089","98","37"
"7313","599616124028357248","-1105","95","34"
"7314","599616124033234176","-1115","93","32"
"7315","599616124038111104","-1117","90","35"
"7316","599616124042988032","-1117","91","39"
"7317","599616124047864960","-1115","89","46"
"7318","599616124052741888","-1109","91","59"
"7319","599616124057618816","-1103","91","69"
"7320","599616124062495872","-1092","90","69"
"7321","599616124067372800","-1078","88","71"
"7322","599616124072249728","-1067","87","71"
"7323","599616124077126656","-1063","85","62"
"7324","599616124082003584","-1053","78","57"
"7325","599616124086880512","-1037","75","59"
"7326","599616124091757440","-1024","71","62"
"7327","599616124096634368","-1007","72","77"
"7328","599616124101511424","-995","73","93"
"7329","599616124106388352","-993","81","95"
"7330","599616124111265280","-991","80","97"
"7331","599616124116142208","-989","77","92"
"7332","599616124121019136","-985","78","91"
"7333","599616124125896064","-978","78","84"
"7334","599616124130772992","-976","80","70"
"7335","599616124135650048","-970","80","56"
"7336","599616124140526976","-973","88","56"
"7337","599616124145403904","-975","88","50"
"7338","599616124150280832","-979","93","47"
"7339","599616124155157760","-981","98","50"
"7340","599616124160034688","-983","93","69"
"7341","599616124164911616","-987","92","79"
"7342","599616124169788672","-988","91","92"
"7343","599616124174665600","-991","89","96"
"7344","599616124179542528","-991","87","102"
"7345","599616124184421120","-989","87","102"
"7346","599616124189299712","-991","86","102"
"7347","599616124194178432","-990","85","107"
"7348","599616124199057024","-990","81","110"
"7349","599616124203935744","-990","79","111"
"7350","599616124208814336","-992","72","114"
"7351","599616124213692928","-993","67","117"
"7352","599616124218571648","-994","54","115"
"7353","599616124223450240","-995","52","120"
"7354","599616124228328960","-999","48","123"
"7355","599616124233207552","-998","44","121"
"7356","599616124238086144","-998","40","121"
"7357","599616124242964864","-997","42","122"
"7358","599616124247843456","-994","42","116"
"7359","599616124252722048","-993","41","120"
"7360","599616124257600768","-992","40","129"
"7361","599616124262479360","-993","42","135"
"7362","599616124267358080","-992","47","141"
"7363","599616124272236672","-993","52","142"
"7364","599616124277115264","-994","63","147"
"7365","599616124281993984","-995","74","141"
"7366","599616124286872576","-995","82","142"
"7367","599616124291751296","-998","83","135"
"7368","599616124296629888","-996","85","129"
"7369","599616124301508480","-994","84","124"
"7370","599616124306387200","-995","84","121"
"7371","599616124311265792","-994","83","114"
"7372","599616124316144512","-995","75","114"
"7373","599616124321023104","-994","76","110"
"7374","599616124325901696","-993","64","107"
"7375","599616124330780416","-994","54","110"
"7376","599616124335659008","-996","42","142"
"7377","599616124340537600","-994","33","146"
"7378","599616124345416320","-995","29","136"
"7379","599616124350294912","-1005","30","122"
"7380","599616124355173638","-1014","28","120"
"7381","599616124360052224","-1032","35","104"
"7382","599616124364930816","-1049","38","98"
"7383","599616124369809536","-1051","38","105"
"7384","599616124374688128","-1024","40","150"
"7385","599616124379566848","-998","41","179"
"7386","599616124384445440","-995","50","177"
"7387","599616124389324032","-995","61","182"
"7388","599616124394202752","-994","67","187"
"7389","599616124399081344","-994","73","176"
"7390","599616124403959936","-996","70","141"
"7391","599616124408838656","-999","63","131"
"7392","599616124413717248","-997","56","144"
"7393","599616124418595968","-996","57","143"
"7394","599616124423474560","-994","59","142"
"7395","599616124428353152","-995","71","148"
"7396","599616124433231872","-994","81","162"
"7397","599616124438110464","-992","86","174"
"7398","599616124442989184","-991","87","186"
"7399","599616124447867776","-991","88","197"
"7400","599616124452746368","-992","90","204"
"7401","599616124457625088","-993","90","210"
"7402","599616124462503680","-996","90","213"
"7403","599616124467382272","-1001","90","217"
"7404","599616124472260992","-1012","86","211"
"7405","599616124477139584","-1018","83","209"
"7406","599616124482018304","-1020","78","205"
"7407","599616124486896896","-1025","73","198"
"7408","599616124491775488","-1025","76","198"
"7409","599616124496654208","-1026","69","196"
"7410","599616124501532800","-1027","67","190"
"7411","599616124506411520","-1028","64","187"
"7412","599616124511290112","-1027","64","185"
"7413","599616124516168704","-1022","62","186"
"7414","599616124521047424","-1017","69","191"
"7415","599616124525926016","-1011","74","198"
"7416","599616124530804728","-1009","77","203"
"7417","599616124535681664","-1010","74","195"
"7418","599616124540558592","-1010","83","198"
"7419","599616124545435520","-1006","86","200"
"7420","599616124550312448","-1007","86","205"
"7421","599616124555189504","-1003","87","195"
"7422","599616124560066432","-999","87","198"
"7423","599616124564943360","-996","88","199"
"7424","599616124569820288","-994","87","196"
"7425","599616124574697216","-995","87","190"
"7426","599616124579574144","-997","88","187"
"7427","599616124584451072","-995","91","183"
"7428","599616124589328000","-992","90","188"
"7429","599616124594205056","-990","92","187"
"7430","599616124599081984","-987","93","187"
"7431","599616124603958912","-986","93","181"
"7432","599616124608835840","-984","92","178"
"7433","599616124613712768","-981","90","176"
"7434","599616124618589696","-981","89","169"
"7435","599616124623466624","-982","86","168"
"7436","599616124628343680","-980","85","167"
"7437","599616124633220608","-982","83","171"
"7438","599616124638097536","-983","77","172"
"7439","599616124642974464","-984","76","172"
"7440","599616124647851392","-983","69","173"
"7441","599616124652728320","-985","66","175"
"7442","599616124657605248","-985","62","177"
"7443","599616124662482304","-984","61","181"
"7444","599616124667359232","-984","61","182"
"7445","599616124672236160","-982","56","187"
"7446","599616124677113088","-983","51","184"
"7447","599616124681990016","-985","54","178"
"7448","599616124686866944","-987","49","178"
"7449","599616124691743872","-987","49","176"
"7450","599616124696620800","-988","39","180"
"7451","599616124701497856","-987","32","182"
"7452","599616124706374762","-984","25","186"
"7453","599616124711252608","-981","22","192"
"7454","599616124716130432","-983","17","198"
"7455","599616124721008256","-984","10","200"
"7456","599616124725885952","-984","9","203"
"7457","599616124730763776","-985","3","206"
"7458","599616124735641600","-987","4","204"
"7459","599616124740519424","-989","1","196"
"7460","599616124745397120","-991","-3","191"
"7461","599616124750274944","-989","-5","193"
"7462","599616124755152768","-987","-4","192"
"7463","599616124760030592","-985","-7","193"
"7464","599616124764908288","-984","-7","197"
"7465","599616124769786112","-985","-8","201"
"7466","599616124774663936","-985","-8","201"
"7467","599616124779541760","-985","-11","212"
"7468","599616124784419456","-989","-11","215"
"7469","599616124789297280","-988","-10","221"
"7470","599616124794175104","-988","-13","225"
"7471","599616124799052928","-986","-17","235"
"7472","599616124803930752","-984","-21","250"
"7473","599616124808808448","-986","-23","259"
"7474","599616124813686272","-991","-26","239"
"7475","599616124818564096","-992","-25","239"
"7476","599616124823441920","-996","-29","228"
"7477","599616124828319616","-1011","-31","214"
"7478","599616124833197440","-1006","-32","217"
"7479","599616124838075264","-992","-39","238"
"7480","599616124842953088","-967","-42","269"
"7481","599616124847830784","-952","-55","266"
"7482","599616124852708608","-977","-51","239"
"7483","599616124857586432","-990","-50","225"
"7484","599616124862464256","-989","-51","205"
"7485","599616124867341952","-986","-53","171"
"7486","599616124872219776","-984","-53","151"
"7487","599616124877097600","-973","-54","169"
"7488","599616124881975344","-961","-51","194"
"7489","599616124886854784","-953","-50","213"
"7490","599616124891734272","-954","-38","223"
"7491","599616124896613760","-957","-36","226"
"7492","599616124901493248","-970","-31","224"
"7493","599616124906372736","-970","-29","225"
"7494","599616124911252224","-973","-28","223"
"7495","599616124916131712","-975","-26","225"
"7496","599616124921011200","-973","-28","221"
"7497","599616124925890688","-975","-27","216"
"7498","599616124930770176","-980","-26","211"
"7499","599616124935649664","-984","-24","200"
"7500","599616124940529152","-986","-24","194"
"7501","599616124945408640","-989","-22","189"
"7502","599616124950288128","-986","-22","188"
"7503","599616124955167616","-981","-21","191"
"7504","599616124960047104","-976","-23","189"
"7505","599616124964926592","-969","-23","188"
"7506","599616124969806080","-972","-25","187"
"7507","599616124974685568","-977","-23","181"
"7508","599616124979565056","-977","-22","180"
"7509","599616124984444544","-976","-23","188"
"7510","599616124989324032","-973","-24","203"
"7511","599616124994203520","-978","-24","210"
"7512","599616124999083008","-980","-25","214"
"7513","599616125003962496","-984","-24","205"
"7514","599616125008841984","-986","-24","198"
"7515","599616125013721472","-986","-23","187"
"7516","599616125018600960","-981","-23","186"
"7517","599616125023480448","-977","-22","182"
"7518","599616125028359936","-973","-23","190"
"7519","599616125033239424","-977","-25","194"
"7520","599616125038118912","-980","-28","191"
"7521","599616125042998400","-983","-31","187"
"7522","599616125047877888","-980","-32","176"
"7523","599616125052757376","-983","-34","164"
"7524","599616125057636972","-980","-35","165"
"7525","599616125062516480","-979","-38","170"
"7526","599616125067395968","-978","-39","173"
"7527","599616125072275456","-977","-41","174"
"7528","599616125077154944","-980","-42","167"
"7529","599616125082034432","-980","-44","159"
"7530","599616125086913920","-982","-44","164"
"7531","599616125091793408","-982","-45","166"
"7532","599616125096672896","-980","-44","179"
"7533","599616125101552384","-982","-41","181"
"7534","599616125106431872","-988","-41","178"
"7535","599616125111311360","-991","-39","180"
"7536","599616125116190848","-991","-38","183"
"7537","599616125121070336","-992","-39","189"
"7538","599616125125949824","-992","-39","188"
"7539","599616125130829312","-991","-37","186"
"7540","599616125135708800","-992","-38","183"
"7541","599616125140588288","-993","-36","184"
"7542","599616125145467776","-993","-37","192"
"7543","599616125150347264","-993","-33","190"
"7544","599616125155226752","-994","-33","186"
"7545","599616125160106240","-994","-32","181"
"7546","599616125164985728","-995","-33","177"
"7547","599616125169865216","-996","-32","181"
"7548","599616125174744704","-997","-32","190"
"7549","599616125179624192","-994","-29","195"
"7550","599616125184503680","-994","-26","201"
"7551","599616125189383168","-995","-25","203"
"7552","599616125194262656","-993","-22","198"
"7553","599616125199142144","-996","-21","202"
"7554","599616125204021632","-1000","-20","205"
"7555","599616125208901120","-1007","-21","208"
"7556","599616125213780608","-1010","-23","207"
"7557","599616125218660096","-1011","-25","193"
"7558","599616125223539584","-1020","-28","175"
"7559","599616125228419072","-1027","-31","151"
"7560","599616125233298580","-1034","-35","135"
"7561","599616125238177152","-1037","-41","142"
"7562","599616125243055744","-1028","-45","160"
"7563","599616125247934464","-1022","-43","178"
"7564","599616125252813056","-1023","-42","180"
"7565","599616125257691776","-1028","-38","186"
"7566","599616125262570368","-1040","-34","192"
"7567","599616125267448960","-1053","-30","197"
"7568","599616125272327680","-1078","-24","199"
"7569","599616125277206272","-1115","-15","171"
"7570","599616125282084864","-1157","3","149"
"7571","599616125286963584","-1200","22","132"
"7572","599616125291842176","-1237","52","106"
"7573","599616125296720896","-1257","71","82"
"7574","599616125301599488","-1275","68","66"
"7575","599616125306478080","-1253","64","89"
"7576","599616125311356800","-1243","54","100"
"7577","599616125316235392","-1246","59","91"
"7578","599616125321114112","-1242","74","88"
"7579","599616125325992704","-1206","85","99"
"7580","599616125330871296","-1135","93","95"
"7581","599616125335750016","-1097","111","65"
"7582","599616125340628608","-1048","130","40"
"7583","599616125345507200","-1004","134","14"
"7584","599616125350385920","-990","130","1"
"7585","599616125355264512","-977","113","-10"
"7586","599616125360143232","-960","109","-17"
"7587","599616125365021824","-955","93","-17"
"7588","599616125369900416","-953","92","-12"
"7589","599616125374779136","-954","91","-7"
"7590","599616125379657728","-960","89","1"
"7591","599616125384536448","-971","91","8"
"7592","599616125389415040","-980","96","11"
"7593","599616125394293632","-990","100","6"
"7594","599616125399172352","-990","107","1"
"7595","599616125404050944","-992","117","-3"
"7596","599616125408929660","-990","129","-12"
"7597","599616125413804928","-984","142","-18"
"7598","599616125418680192","-975","156","-22"
"7599","599616125423555456","-958","169","-26"
"7600","599616125428430720","-942","175","-30"
"7601","599616125433305984","-921","185","-29"
"7602","599616125438181120","-895","198","-22"
"7603","599616125443056384","-886","202","-20"
"7604","599616125447931648","-883","209","-20"
"7605","599616125452806912","-882","210","-18"
"7606","599616125457682176","-883","213","-23"
"7607","599616125462557440","-884","214","-24"
"7608","599616125467432704","-896","213","-29"
"7609","599616125472307968","-928","211","-30"
"7610","599616125477183232","-950","210","-30"
"7611","599616125482058496","-969","208","-30"
"7612","599616125486933632","-989","209","-34"
"7613","599616125491808896","-995","209","-45"
"7614","599616125496684160","-1009","205","-45"
"7615","599616125501559424","-1024","206","-38"
"7616","599616125506434688","-1041","206","-35"
"7617","599616125511309952","-1047","205","-33"
"7618","599616125516185216","-1056","203","-32"
"7619","599616125521060480","-1064","205","-33"
"7620","599616125525935744","-1067","205","-31"
"7621","599616125530810880","-1070","205","-32"
"7622","599616125535686144","-1075","209","-31"
"7623","599616125540561408","-1076","208","-32"
"7624","599616125545436672","-1073","208","-36"
"7625","599616125550311936","-1065","207","-37"
"7626","599616125555187200","-1062","207","-32"
"7627","599616125560062464","-1061","203","-32"
"7628","599616125564937728","-1057","198","-25"
"7629","599616125569812992","-1056","194","-25"
"7630","599616125574688128","-1052","182","-23"
"7631","599616125579563392","-1048","177","-23"
"7632","599616125584438674","-1046","171","-21"
"7633","599616125589314816","-1049","162","-16"
"7634","599616125594190976","-1045","161","-13"
"7635","599616125599067008","-1051","156","-9"
"7636","599616125603943168","-1051","152","-6"
"7637","599616125608819200","-1048","151","-3"
"7638","599616125613695360","-1040","160","7"
"7639","599616125618571392","-1024","165","13"
"7640","599616125623447552","-1019","166","31"
"7641","599616125628323584","-1009","176","44"
"7642","599616125633199744","-1005","185","45"
"7643","599616125638075776","-1002","194","49"
"7644","599616125642951936","-1000","202","44"
"7645","599616125647827968","-996","208","43"
"7646","599616125652704128","-995","211","37"
"7647","599616125657580160","-993","217","29"
"7648","599616125662456320","-991","224","28"
"7649","599616125667332352","-989","229","26"
"7650","599616125672208512","-982","238","30"
"7651","599616125677084544","-973","247","30"
"7652","599616125681960704","-959","253","36"
"7653","599616125686836736","-949","264","37"
"7654","599616125691712896","-944","269","41"
"7655","599616125696588928","-938","276","43"
"7656","599616125701465088","-929","285","44"
"7657","599616125706341120","-927","286","37"
"7658","599616125711217280","-917","304","37"
"7659","599616125716093440","-912","306","33"
"7660","599616125720969472","-905","307","32"
"7661","599616125725845632","-897","312","31"
"7662","599616125730721664","-892","305","41"
"7663","599616125735597824","-891","301","55"
"7664","599616125740473856","-895","291","72"
"7665","599616125745350016","-898","285","87"
"7666","599616125750226048","-922","282","92"
"7667","599616125755102208","-944","282","92"
"7668","599616125759978220","-961","287","84"
"7669","599616125764854400","-981","296","64"
"7670","599616125769730560","-995","301","33"
"7671","599616125774606592","-999","304","28"
"7672","599616125779482752","-993","303","56"
"7673","599616125784358784","-988","298","84"
"7674","599616125789234944","-983","293","98"
"7675","599616125794110976","-977","300","116"
"7676","599616125798987136","-988","299","107"
"7677","599616125803863168","-1000","289","80"
"7678","599616125808739328","-1021","276","56"
"7679","599616125813615360","-1019","259","40"
"7680","599616125818491520","-1018","241","22"
"7681","599616125823367552","-1017","230","16"
"7682","599616125828243712","-1023","224","12"
"7683","599616125833119744","-1016","219","12"
"7684","599616125837995904","-1016","217","18"
"7685","599616125842871936","-1019","218","22"
"7686","599616125847748096","-1016","215","36"
"7687","599616125852624128","-1029","217","51"
"7688","599616125857500288","-1042","218","64"
"7689","599616125862376320","-1059","220","77"
"7690","599616125867252480","-1082","219","84"
"7691","599616125872128512","-1092","221","90"
"7692","599616125877004672","-1098","220","92"
"7693","599616125881880704","-1095","216","102"
"7694","599616125886756864","-1084","215","109"
"7695","599616125891632896","-1073","213","127"
"7696","599616125896509056","-1063","212","150"
"7697","599616125901385088","-1056","208","168"
"7698","599616125906261248","-1045","205","184"
"7699","599616125911137408","-1044","204","195"
"7700","599616125916013440","-1048","200","199"
"7701","599616125920889600","-1059","199","192"
"7702","599616125925765632","-1080","200","189"
"7703","599616125930641792","-1104","198","183"
"7704","599616125935517756","-1118","189","161"
"7705","599616125940393856","-1142","174","126"
"7706","599616125945270016","-1196","164","96"
"7707","599616125950146048","-1231","154","63"
"7708","599616125955022208","-1242","147","31"
"7709","599616125959898240","-1243","141","31"
"7710","599616125964774400","-1234","143","43"
"7711","599616125969650432","-1195","150","92"
"7712","599616125974526592","-1128","164","147"
"7713","599616125979402624","-1093","180","214"
"7714","599616125984278784","-1056","194","262"
"7715","599616125989154816","-1047","202","308"
"7716","599616125994030976","-1050","194","341"
"7717","599616125998907008","-1054","176","348"
"7718","599616126003783168","-1056","148","344"
"7719","599616126008659200","-1049","107","337"
"7720","599616126013535360","-1035","87","310"
"7721","599616126018411392","-1009","82","284"
"7722","599616126023287552","-993","64","261"
"7723","599616126028163584","-976","39","234"
"7724","599616126033039744","-941","15","217"
"7725","599616126037915776","-911","1","169"
"7726","599616126042791936","-889","-6","114"
"7727","599616126047667968","-886","-11","75"
"7728","599616126052544128","-888","-15","32"
"7729","599616126057420160","-888","-16","21"
"7730","599616126062296320","-886","-17","25"
"7731","599616126067172352","-884","-14","51"
"7732","599616126072048512","-882","-11","82"
"7733","599616126076924544","-880","-2","99"
"7734","599616126081800704","-875","6","108"
"7735","599616126086676864","-879","12","106"
"7736","599616126091552896","-883","20","105"
"7737","599616126096429056","-887","24","97"
"7738","599616126101305088","-896","36","86"
"7739","599616126106181248","-901","46","82"
"7740","599616126111057292","-899","59","81"
"7741","599616126115933440","-895","72","77"
"7742","599616126120809600","-894","84","94"
"7743","599616126125685632","-899","88","105"
"7744","599616126130561792","-918","102","124"
"7745","599616126135437824","-939","132","163"
"7746","599616126140313984","-960","155","190"
"7747","599616126145190016","-985","172","208"
"7748","599616126150066176","-993","179","223"
"7749","599616126154942208","-997","182","233"
"7750","599616126159818368","-1003","183","247"
"7751","599616126164694400","-1009","180","259"
"7752","599616126169570560","-1017","179","258"
"7753","599616126174446592","-1018","172","252"
"7754","599616126179322752","-1018","162","248"
"7755","599616126184198784","-1010","157","244"
"7756","599616126189074944","-1010","146","240"
"7757","599616126193950976","-1009","119","235"
"7758","599616126198827136","-1001","99","238"
"7759","599616126203703168","-996","87","241"
"7760","599616126208579328","-992","80","255"
"7761","599616126213455360","-991","58","252"
"7762","599616126218331520","-991","47","243"
"7763","599616126223207552","-990","30","240"
"7764","599616126228083712","-990","22","236"
"7765","599616126232959744","-989","1","239"
"7766","599616126237835904","-984","-14","255"
"7767","599616126242711936","-969","-22","287"
"7768","599616126247588096","-957","-28","281"
"7769","599616126252464128","-953","-33","256"
"7770","599616126257340288","-956","-38","237"
"7771","599616126262216448","-947","-44","235"
"7772","599616126267092480","-944","-48","223"
"7773","599616126271968640","-944","-56","213"
"7774","599616126276844672","-935","-63","213"
"7775","599616126281720832","-918","-67","216"
"7776","599616126286596828","-905","-65","221"
"7777","599616126291471232","-893","-69","226"
"7778","599616126296345600","-886","-61","231"
"7779","599616126301220096","-888","-51","236"
"7780","599616126306094464","-893","-49","240"
"7781","599616126310968832","-897","-43","241"
"7782","599616126315843200","-904","-42","240"
"7783","599616126320717696","-906","-41","237"
"7784","599616126325592064","-912","-39","239"
"7785","599616126330466432","-908","-36","241"
"7786","599616126335340800","-925","-33","243"
"7787","599616126340215296","-933","-32","244"
"7788","599616126345089664","-946","-29","241"
"7789","599616126349964032","-953","-30","242"
"7790","599616126354838400","-964","-30","235"
"7791","599616126359712896","-976","-31","231"
"7792","599616126364587264","-984","-34","227"
"7793","599616126369461632","-988","-42","226"
"7794","599616126374336128","-989","-45","225"
"7795","599616126379210496","-991","-56","223"
"7796","599616126384084864","-992","-56","224"
"7797","599616126388959232","-991","-64","222"
"7798","599616126393833728","-992","-66","222"
"7799","599616126398708096","-992","-63","219"
"7800","599616126403582464","-991","-60","219"
"7801","599616126408456832","-990","-53","216"
"7802","599616126413331328","-986","-52","218"
"7803","599616126418205696","-981","-49","218"
"7804","599616126423080064","-980","-46","223"
"7805","599616126427954432","-984","-43","224"
"7806","599616126432828928","-989","-38","226"
"7807","599616126437703296","-991","-34","230"
"7808","599616126442577664","-992","-29","235"
"7809","599616126447452160","-993","-24","239"
"7810","599616126452326528","-993","-17","237"
"7811","599616126457200896","-995","-16","231"
"7812","599616126462075308","-994","-12","236"
"7813","599616126466951424","-990","-11","250"
"7814","599616126471827584","-986","-6","267"
"7815","599616126476703616","-969","0","293"
"7816","599616126481579776","-945","7","306"
"7817","599616126486455808","-929","18","304"
"7818","599616126491331968","-925","30","286"
"7819","599616126496208000","-928","50","265"
"7820","599616126501084160","-924","65","265"
"7821","599616126505960192","-917","80","273"
"7822","599616126510836352","-911","86","273"
"7823","599616126515712384","-907","92","271"
"7824","599616126520588544","-913","100","261"
"7825","599616126525464576","-907","117","261"
"7826","599616126530340736","-902","126","246"
"7827","599616126535216768","-900","145","236"
"7828","599616126540092928","-895","156","225"
"7829","599616126544968960","-911","161","214"
"7830","599616126549845120","-939","169","196"
"7831","599616126554721152","-970","172","173"
"7832","599616126559597312","-992","166","155"
"7833","599616126564473344","-1024","149","120"
"7834","599616126569349504","-1063","125","104"
"7835","599616126574225536","-1096","102","97"
"7836","599616126579101696","-1106","88","93"
"7837","599616126583977856","-1091","83","93"
"7838","599616126588853888","-1066","70","97"
"7839","599616126593730048","-1044","60","99"
"7840","599616126598606080","-1012","59","96"
"7841","599616126603482240","-994","69","88"
"7842","599616126608358272","-978","83","65"
"7843","599616126613234432","-951","87","32"
"7844","599616126618110464","-943","89","4"
"7845","599616126622986624","-936","90","-9"
"7846","599616126627862656","-940","90","-13"
"7847","599616126632738816","-949","96","-14"
"7848","599616126637614864","-968","129","-11"
"7849","599616126642490112","-983","163","-8"
"7850","599616126647365376","-993","188","0"
"7851","599616126652240640","-993","206","25"
"7852","599616126657115904","-992","216","65"
"7853","599616126661991168","-991","232","90"
"7854","599616126666866304","-989","250","104"
"7855","599616126671741568","-985","260","118"
"7856","599616126676616832","-969","262","131"
"7857","599616126681492096","-962","262","122"
"7858","599616126686367360","-975","260","96"
"7859","599616126691242624","-989","252","65"
"7860","599616126696117888","-993","235","40"
"7861","599616126700993152","-1002","216","24"
"7862","599616126705868416","-1019","202","15"
"7863","599616126710743552","-1019","177","45"
"7864","599616126715618816","-1014","133","84"
"7865","599616126720494080","-1030","97","91"
"7866","599616126725369344","-1067","86","76"
"7867","599616126730244608","-1082","81","76"
"7868","599616126735119872","-1097","57","60"
"7869","599616126739995136","-1117","32","47"
"7870","599616126744870400","-1163","20","42"
"7871","599616126749745664","-1208","11","36"
"7872","599616126754620928","-1233","8","31"
"7873","599616126759496064","-1243","18","28"
"7874","599616126764371328","-1253","54","25"
"7875","599616126769246592","-1257","89","23"
"7876","599616126774121856","-1256","127","27"
"7877","599616126778997120","-1248","173","48"
"7878","599616126783872384","-1245","201","77"
"7879","599616126788747648","-1241","212","96"
"7880","599616126793622912","-1232","217","104"
"7881","599616126798498176","-1203","219","114"
"7882","599616126803373312","-1153","220","134"
"7883","599616126808248576","-1117","225","155"
"7884","599616126813123872","-1086","236","172"
"7885","599616126818003328","-1045","245","193"
"7886","599616126822882816","-1009","266","208"
"7887","599616126827762304","-992","297","205"
"7888","599616126832641792","-984","338","194"
"7889","599616126837521280","-959","354","176"
"7890","599616126842400768","-931","378","144"
"7891","599616126847280256","-892","415","118"
"7892","599616126852159744","-881","439","104"
"7893","599616126857039232","-852","455","101"
"7894","599616126861918720","-813","461","98"
"7895","599616126866798208","-790","462","99"
"7896","599616126871677696","-773","463","96"
"7897","599616126876557184","-764","463","93"
"7898","599616126881436672","-760","464","89"
"7899","599616126886316160","-760","462","71"
"7900","599616126891195648","-760","460","54"
"7901","599616126896075136","-761","452","39"
"7902","599616126900954624","-766","433","31"
"7903","599616126905834112","-779","415","31"
"7904","599616126910713600","-791","390","30"
"7905","599616126915593088","-807","364","22"
"7906","599616126920472576","-839","352","22"
"7907","599616126925352064","-876","330","20"
"7908","599616126930231552","-885","293","18"
"7909","599616126935111040","-907","272","10"
"7910","599616126939990528","-941","252","7"
"7911","599616126944870016","-966","238","0"
"7912","599616126949749504","-987","230","-1"
"7913","599616126954628992","-995","225","-5"
"7914","599616126959508480","-1011","227","-4"
"7915","599616126964387968","-1029","235","-5"
"7916","599616126969267456","-1036","243","-6"
"7917","599616126974146944","-1039","256","-4"
"7918","599616126979026432","-1037","264","-1"
"7919","599616126983905920","-1040","277","-1"
"7920","599616126988785494","-1042","288","6"
"7921","599616126993663360","-1040","313","15"
"7922","599616126998541184","-1032","330","20"
"7923","599616127003419008","-1027","339","28"
"7924","599616127008296704","-1022","351","32"
"7925","599616127013174528","-1018","352","38"
"7926","599616127018052352","-1011","354","37"
"7927","599616127022930176","-1009","356","26"
"7928","599616127027807872","-1008","360","26"
"7929","599616127032685696","-1001","367","27"
"7930","599616127037563520","-997","384","24"
"7931","599616127042441344","-994","394","23"
"7932","599616127047319040","-993","407","22"
"7933","599616127052196864","-993","416","23"
"7934","599616127057074688","-993","427","21"
"7935","599616127061952512","-991","434","20"
"7936","599616127066830208","-989","443","23"
"7937","599616127071708032","-984","451","33"
"7938","599616127076585856","-981","455","33"
"7939","599616127081463680","-976","458","30"
"7940","599616127086341376","-971","460","33"
"7941","599616127091219200","-962","461","34"
"7942","599616127096097024","-952","461","33"
"7943","599616127100974848","-947","462","30"
"7944","599616127105852544","-935","459","32"
"7945","599616127110730368","-923","459","33"
"7946","599616127115608192","-913","458","33"
"7947","599616127120486016","-902","453","30"
"7948","599616127125363712","-895","449","21"
"7949","599616127130241536","-891","441","15"
"7950","599616127135119360","-887","432","9"
"7951","599616127139997184","-885","421","9"
"7952","599616127144875008","-882","418","7"
"7953","599616127149752704","-878","408","12"
"7954","599616127154630528","-875","397","10"
"7955","599616127159508352","-874","389","0"
"7956","599616127164386046","-872","389","-5"
"7957","599616127169264640","-864","382","-13"
"7958","599616127174143232","-862","391","-22"
"7959","599616127179021952","-872","386","-35"
"7960","599616127183900544","-863","374","-51"
"7961","599616127188779264","-825","363","-52"
"7962","599616127193657856","-792","354","-55"
"7963","599616127198536448","-773","341","-73"
"7964","599616127203415168","-799","326","-123"
"7965","599616127208293760","-834","306","-156"
"7966","599616127213172352","-847","292","-172"
"7967","599616127218051072","-847","272","-195"
"7968","599616127222929664","-870","255","-230"
"7969","599616127227808384","-908","229","-262"
"7970","599616127232686976","-974","214","-320"
"7971","599616127237565568","-1018","203","-392"
"7972","599616127242444288","-1077","177","-421"
"7973","599616127247322880","-1102","158","-415"
"7974","599616127252201600","-1075","128","-363"
"7975","599616127257080192","-1031","103","-258"
"7976","599616127261958784","-997","90","-151"
"7977","599616127266837504","-991","88","-52"
"7978","599616127271716096","-993","77","-18"
"7979","599616127276594816","-994","53","-9"
"7980","599616127281473408","-995","18","-15"
"7981","599616127286352000","-993","-8","-24"
"7982","599616127291230720","-990","-25","-33"
"7983","599616127296109312","-982","-47","-34"
"7984","599616127300987904","-970","-90","-31"
"7985","599616127305866624","-969","-137","-29"
"7986","599616127310745216","-978","-164","-35"
"7987","599616127315623936","-987","-217","-54"
"7988","599616127320502528","-989","-245","-98"
"7989","599616127325381120","-987","-262","-132"
"7990","599616127330259840","-982","-261","-164"
"7991","599616127335138432","-956","-241","-206"
"7992","599616127340017146","-911","-189","-238"
"7993","599616127344894080","-885","-133","-256"
"7994","599616127349771008","-879","-66","-265"
"7995","599616127354647936","-879","-24","-264"
"7996","599616127359524864","-882","21","-254"
"7997","599616127364401920","-883","82","-240"
"7998","599616127369278848","-883","134","-234"
"7999","599616127374155776","-881","178","-237"
"8000","599616127379032704","-865","209","-249"
"8001","599616127383909632","-822","228","-262"
"8002","599616127388786560","-789","255","-273"
"8003","599616127393663488","-766","281","-274"
"8004","599616127398540416","-759","286","-267"
"8005","599616127403417472","-752","282","-257"
"8006","599616127408294400","-744","267","-237"
"8007","599616127413171328","-740","238","-186"
"8008","599616127418048256","-750","214","-130"
"8009","599616127422925184","-761","197","-96"
"8010","599616127427802112","-792","175","-65"
"8011","599616127432679040","-849","154","-46"
"8012","599616127437556096","-887","118","-40"
"8013","599616127442433024","-928","97","-47"
"8014","599616127447309952","-948","89","-61"
"8015","599616127452186880","-958","83","-84"
"8016","599616127457063808","-952","73","-108"
"8017","599616127461940736","-936","64","-128"
"8018","599616127466817664","-906","49","-136"
"8019","599616127471694720","-886","40","-144"
"8020","599616127476571648","-876","25","-161"
"8021","599616127481448576","-839","10","-183"
"8022","599616127486325504","-803","-16","-218"
"8023","599616127491202432","-776","-28","-244"
"8024","599616127496079360","-755","-54","-256"
"8025","599616127500956288","-716","-84","-262"
"8026","599616127505833216","-660","-121","-265"
"8027","599616127510710272","-617","-142","-258"
"8028","599616127515587180","-581","-155","-246"
"8029","599616127520464128","-555","-181","-232"
"8030","599616127525341056","-555","-197","-223"
"8031","599616127530217984","-560","-203","-223"
"8032","599616127535094912","-575","-200","-236"
"8033","599616127539971968","-591","-184","-254"
"8034","599616127544848896","-599","-165","-260"
"8035","599616127549725824","-600","-149","-262"
"8036","599616127554602752","-601","-130","-271"
"8037","599616127559479680","-599","-91","-280"
"8038","599616127564356608","-611","-57","-296"
"8039","599616127569233536","-615","-36","-312"
"8040","599616127574110592","-620","-24","-352"
"8041","599616127578987520","-632","-15","-388"
"8042","599616127583864448","-655","-12","-409"
"8043","599616127588741376","-681","-14","-444"
"8044","599616127593618304","-691","-20","-479"
"8045","599616127598495232","-697","-26","-499"
"8046","599616127603372160","-687","-38","-500"
"8047","599616127608249216","-653","-54","-500"
"8048","599616127613126144","-626","-77","-494"
"8049","599616127618003072","-617","-93","-478"
"8050","599616127622880000","-604","-110","-472"
"8051","599616127627756928","-593","-115","-469"
"8052","599616127632633856","-591","-101","-480"
"8053","599616127637510784","-591","-90","-490"
"8054","599616127642387840","-601","-74","-499"
"8055","599616127647264768","-615","-54","-506"
"8056","599616127652141696","-625","-42","-514"
"8057","599616127657018624","-637","-32","-525"
"8058","599616127661895552","-624","-24","-522"
"8059","599616127666772480","-618","-16","-519"
"8060","599616127671649408","-617","2","-529"
"8061","599616127676526336","-621","15","-532"
"8062","599616127681403392","-657","20","-568"
"8063","599616127686280320","-715","28","-617"
"8064","599616127691157234","-754","23","-643"
"8065","599616127696034176","-772","18","-690"
"8066","599616127700911104","-793","16","-716"
"8067","599616127705788032","-816","0","-726"
"8068","599616127710664960","-837","-2","-717"
"8069","599616127715542016","-851","1","-683"
"8070","599616127720418944","-855","5","-633"
"8071","599616127725295872","-855","13","-581"
"8072","599616127730172800","-863","23","-529"
"8073","599616127735049728","-882","32","-512"
"8074","599616127739926656","-916","40","-511"
"8075","599616127744803584","-964","43","-524"
"8076","599616127749680640","-991","38","-557"
"8077","599616127754557568","-998","27","-582"
"8078","599616127759434496","-999","15","-607"
"8079","599616127764311424","-994","5","-619"
"8080","599616127769188352","-986","-2","-631"
"8081","599616127774065280","-966","-13","-636"
"8082","599616127778942208","-939","-22","-638"
"8083","599616127783819264","-902","-26","-637"
"8084","599616127788696192","-886","-32","-634"
"8085","599616127793573120","-879","-37","-631"
"8086","599616127798450048","-859","-42","-621"
"8087","599616127803326976","-835","-46","-602"
"8088","599616127808203904","-814","-50","-589"
"8089","599616127813080832","-809","-59","-579"
"8090","599616127817957888","-809","-64","-583"
"8091","599616127822834816","-818","-73","-590"
"8092","599616127827711744","-837","-73","-614"
"8093","599616127832588672","-850","-79","-626"
"8094","599616127837465600","-857","-77","-645"
"8095","599616127842342528","-857","-76","-670"
"8096","599616127847219456","-858","-73","-695"
"8097","599616127852096384","-851","-68","-694"
"8098","599616127856973440","-840","-60","-680"
"8099","599616127861850368","-824","-61","-661"
"8100","599616127866727288","-831","-53","-650"
"8101","599616127871603456","-851","-50","-653"
"8102","599616127876479616","-871","-45","-672"
"8103","599616127881355648","-879","-38","-691"
"8104","599616127886231808","-880","-33","-716"
"8105","599616127891107840","-881","-25","-725"
"8106","599616127895984000","-880","-18","-733"
"8107","599616127900860032","-881","-5","-727"
"8108","599616127905736192","-882","16","-724"
"8109","599616127910612224","-883","38","-727"
"8110","599616127915488384","-884","66","-730"
"8111","599616127920364416","-885","86","-742"
"8112","599616127925240576","-892","100","-755"
"8113","599616127930116608","-928","136","-769"
"8114","599616127934992768","-975","165","-781"
"8115","599616127939868800","-1006","172","-802"
"8116","599616127944744960","-1088","181","-832"
"8117","599616127949620992","-1194","186","-864"
"8118","599616127954497152","-1306","190","-887"
"8119","599616127959373184","-1450","204","-891"
"8120","599616127964249344","-1584","213","-910"
"8121","599616127969125376","-1760","239","-931"
"8122","599616127974001536","-1935","272","-949"
"8123","599616127978877696","-2094","286","-979"
"8124","599616127983753728","-2264","283","-987"
"8125","599616127988629888","-2395","267","-973"
"8126","599616127993505920","-2460","234","-950"
"8127","599616127998382080","-2467","213","-898"
"8128","599616128003258112","-2457","186","-827"
"8129","599616128008134272","-2472","126","-781"
"8130","599616128013010304","-2501","63","-760"
"8131","599616128017886464","-2558","-11","-727"
"8132","599616128022762496","-2610","-62","-690"
"8133","599616128027638656","-2619","-116","-656"
"8134","599616128032514688","-2613","-144","-621"
"8135","599616128037390848","-2540","-147","-552"
"8136","599616128042266850","-2458","-140","-496"
"8137","599616128047145472","-2315","-100","-424"
"8138","599616128052024064","-2169","-56","-385"
"8139","599616128056902784","-2010","-28","-319"
"8140","599616128061781376","-1852","-11","-247"
"8141","599616128066660096","-1692","9","-146"
"8142","599616128071538688","-1545","22","-46"
"8143","599616128076417280","-1437","39","20"
"8144","599616128081296000","-1324","54","88"
"8145","599616128086174592","-1234","72","133"
"8146","599616128091053184","-1150","75","173"
"8147","599616128095931904","-1084","81","187"
"8148","599616128100810496","-1013","80","179"
"8149","599616128105689216","-980","76","161"
"8150","599616128110567808","-928","69","105"
"8151","599616128115446400","-884","64","54"
"8152","599616128120325120","-830","71","-8"
"8153","599616128125203712","-767","74","-28"
"8154","599616128130082432","-694","78","-26"
"8155","599616128134961024","-606","83","-14"
"8156","599616128139839616","-539","89","-15"
"8157","599616128144718336","-499","98","-15"
"8158","599616128149596928","-488","132","-13"
"8159","599616128154475520","-471","154","-15"
"8160","599616128159354240","-448","168","-19"
"8161","599616128164232832","-436","177","-24"
"8162","599616128169111552","-413","191","-25"
"8163","599616128173990144","-391","198","-26"
"8164","599616128178868736","-383","209","-26"
"8165","599616128183747456","-379","211","-24"
"8166","599616128188626048","-370","215","-18"
"8167","599616128193504768","-364","221","-14"
"8168","599616128198383360","-367","225","-11"
"8169","599616128203261952","-378","231","-4"
"8170","599616128208140672","-385","230","-5"
"8171","599616128213019264","-404","229","-4"
"8172","599616128217897934","-443","223","-3"
"8173","599616128222777472","-468","213","-1"
"8174","599616128227656960","-491","211","-10"
"8175","599616128232536448","-499","204","-14"
"8176","599616128237415936","-521","190","-15"
"8177","599616128242295424","-551","180","-19"
"8178","599616128247174912","-582","166","-18"
"8179","599616128252054400","-612","159","-19"
"8180","599616128256933888","-632","132","-16"
"8181","599616128261813376","-690","111","-13"
"8182","599616128266692864","-738","94","-9"
"8183","599616128271572352","-771","88","-6"
"8184","599616128276451840","-831","84","2"
"8185","599616128281331328","-900","78","6"
"8186","599616128286210816","-970","70","12"
"8187","599616128291090304","-1018","60","17"
"8188","599616128295969792","-1097","57","23"
"8189","599616128300849280","-1163","45","35"
"8190","599616128305728768","-1229","41","41"
"8191","599616128310608256","-1260","37","43"
"8192","599616128315487744","-1307","34","48"
"8193","599616128320367232","-1338","31","56"
"8194","599616128325246720","-1364","35","51"
"8195","599616128330126208","-1367","41","61"
"8196","599616128335005696","-1358","49","75"
"8197","599616128339885184","-1340","64","93"
"8198","599616128344764672","-1323","72","102"
"8199","599616128349644160","-1301","79","114"
"8200","599616128354523648","-1284","82","135"
"8201","599616128359403136","-1265","84","161"
"8202","599616128364282624","-1248","87","173"
"8203","599616128369162112","-1244","91","180"
"8204","599616128374041600","-1239","105","185"
"8205","599616128378921088","-1224","137","196"
"8206","599616128383800576","-1206","164","206"
"8207","599616128388680064","-1195","195","217"
"8208","599616128393559552","-1181","212","226"
"8209","599616128398437376","-1154","229","227"
"8210","599616128403315200","-1128","260","234"
"8211","599616128408193024","-1120","286","244"
"8212","599616128413070720","-1106","318","249"
"8213","599616128417948544","-1082","338","250"
"8214","599616128422826368","-1052","343","253"
"8215","599616128427704192","-1033","345","259"
"8216","599616128432581888","-1012","341","253"
"8217","599616128437459712","-1000","334","254"
"8218","599616128442337536","-995","318","246"
"8219","599616128447215360","-993","297","246"
"8220","599616128452093056","-991","279","240"
"8221","599616128456970880","-989","262","233"
"8222","599616128461848704","-983","237","232"
"8223","599616128466726528","-971","219","230"
"8224","599616128471604224","-963","213","225"
"8225","599616128476482048","-952","203","224"
"8226","599616128481359872","-941","194","225"
"8227","599616128486237696","-919","179","227"
"8228","599616128491115392","-903","169","227"
"8229","599616128495993216","-892","160","225"
"8230","599616128500871040","-888","148","228"
"8231","599616128505748864","-886","134","229"
"8232","599616128510626560","-884","122","232"
"8233","599616128515504384","-885","112","237"
"8234","599616128520382208","-883","103","238"
"8235","599616128525260032","-884","96","242"
"8236","599616128530137728","-885","94","244"
"8237","599616128535015552","-885","94","246"
"8238","599616128539893376","-884","93","257"
"8239","599616128544771200","-882","92","266"
"8240","599616128549649024","-878","94","275"
"8241","599616128554526720","-875","95","283"
"8242","599616128559404544","-879","97","286"
"8243","599616128564282368","-885","110","284"
"8244","599616128569160104","-888","119","291"
"8245","599616128574038656","-894","130","292"
"8246","599616128578917248","-905","142","293"
"8247","599616128583795968","-926","148","269"
"8248","599616128588674560","-928","146","273"
"8249","599616128593553280","-891","146","295"
"8250","599616128598431872","-879","150","289"
"8251","599616128603310464","-863","155","285"
"8252","599616128608189184","-855","159","277"
"8253","599616128613067776","-874","151","261"
"8254","599616128617946368","-882","152","246"
"8255","599616128622825088","-884","140","230"
"8256","599616128627703680","-885","129","224"
"8257","599616128632582400","-889","114","220"
"8258","599616128637460992","-898","104","219"
"8259","599616128642339584","-904","91","226"
"8260","599616128647218304","-907","89","231"
"8261","599616128652096896","-915","90","246"
"8262","599616128656975616","-921","94","267"
"8263","599616128661854208","-932","94","290"
"8264","599616128666732800","-946","102","305"
"8265","599616128671611520","-959","107","311"
"8266","599616128676490112","-971","110","317"
"8267","599616128681368832","-983","111","292"
"8268","599616128686247424","-989","106","278"
"8269","599616128691126016","-992","99","261"
"8270","599616128696004736","-993","96","250"
"8271","599616128700883328","-993","93","241"
"8272","599616128705761920","-994","91","235"
"8273","599616128710640640","-994","88","230"
"8274","599616128715519232","-992","88","228"
"8275","599616128720397952","-991","86","227"
"8276","599616128725276544","-986","85","229"
"8277","599616128730155136","-979","81","233"
"8278","599616128735033856","-968","71","230"
"8279","599616128739912448","-958","69","227"
"8280","599616128744791204","-956","64","227"
"8281","599616128749668096","-951","59","229"
"8282","599616128754545024","-946","61","229"
"8283","599616128759421952","-941","65","230"
"8284","599616128764298880","-944","63","235"
"8285","599616128769175936","-948","72","236"
"8286","599616128774052864","-950","75","236"
"8287","599616128778929792","-952","75","231"
"8288","599616128783806720","-956","73","228"
"8289","599616128788683648","-965","75","223"
"8290","599616128793560576","-973","68","215"
"8291","599616128798437504","-978","71","206"
"8292","599616128803314432","-982","66","194"
"8293","599616128808191488","-983","65","191"
"8294","599616128813068416","-986","68","188"
"8295","599616128817945344","-987","65","183"
"8296","599616128822822272","-986","72","178"
"8297","599616128827699200","-985","73","175"
"8298","599616128832576128","-981","78","164"
"8299","599616128837453056","-977","80","157"
"8300","599616128842330112","-975","82","150"
"8301","599616128847207040","-974","82","148"
"8302","599616128852083968","-972","82","144"
"8303","599616128856960896","-978","77","138"
"8304","599616128861837824","-984","75","133"
"8305","599616128866714752","-988","67","127"
"8306","599616128871591680","-991","61","128"
"8307","599616128876468736","-994","49","132"
"8308","599616128881345664","-995","42","141"
"8309","599616128886222592","-1003","36","135"
"8310","599616128891099520","-1012","29","133"
"8311","599616128895976448","-1023","28","114"
"8312","599616128900853376","-1037","23","107"
"8313","599616128905730304","-1044","23","103"
"8314","599616128910607232","-1050","20","102"
"8315","599616128915484288","-1050","20","98"
"8316","599616128920361238","-1054","18","97"
"8317","599616128925238144","-1052","13","94"
"8318","599616128930115072","-1055","13","99"
"8319","599616128934992000","-1052","12","100"
"8320","599616128939868928","-1051","15","101"
"8321","599616128944745984","-1053","16","95"
"8322","599616128949622912","-1050","13","94"
"8323","599616128954499840","-1042","9","81"
"8324","599616128959376768","-1032","13","80"
"8325","599616128964253696","-1020","8","67"
"8326","599616128969130624","-1007","8","59"
"8327","599616128974007552","-998","7","62"
"8328","599616128978884608","-993","8","59"
"8329","599616128983761536","-992","7","50"
"8330","599616128988638464","-990","7","40"
"8331","599616128993515392","-989","2","35"
"8332","599616128998392320","-987","3","30"
"8333","599616129003269248","-980","0","26"
"8334","599616129008146176","-974","0","34"
"8335","599616129013023232","-957","-6","38"
"8336","599616129017900160","-950","-7","50"
"8337","599616129022777088","-946","-7","64"
"8338","599616129027654016","-950","-5","68"
"8339","599616129032530944","-956","1","59"
"8340","599616129037407872","-960","0","60"
"8341","599616129042284800","-973","5","44"
"8342","599616129047161856","-989","8","23"
"8343","599616129052038784","-991","4","9"
"8344","599616129056915712","-986","5","32"
"8345","599616129061792640","-970","0","29"
"8346","599616129066669568","-948","4","38"
"8347","599616129071546496","-927","2","54"
"8348","599616129076423424","-929","3","50"
"8349","599616129081300352","-944","4","37"
"8350","599616129086177408","-957","1","23"
"8351","599616129091054336","-976","-1","11"
"8352","599616129095931292","-987","-8","2"
"8353","599616129100808192","-990","-12","0"
"8354","599616129105685120","-991","-15","-8"
"8355","599616129110562048","-990","-19","-7"
"8356","599616129115438976","-988","-20","-7"
"8357","599616129120316032","-986","-19","3"
"8358","599616129125192960","-987","-18","8"
"8359","599616129130069888","-988","-18","15"
"8360","599616129134946816","-992","-18","20"
"8361","599616129139823744","-993","-16","17"
"8362","599616129144700672","-998","-16","10"
"8363","599616129149577600","-1006","-15","5"
"8364","599616129154454656","-1019","-16","1"
"8365","599616129159331584","-1034","-14","-2"
"8366","599616129164208512","-1040","-11","-7"
"8367","599616129169085440","-1048","-7","-11"
"8368","599616129173962368","-1050","-3","-19"
"8369","599616129178839296","-1053","-1","-28"
"8370","599616129183716224","-1050","5","-35"
"8371","599616129188593280","-1042","13","-47"
"8372","599616129193470208","-1035","16","-56"
"8373","599616129198347136","-1027","20","-66"
"8374","599616129203224064","-1021","16","-67"
"8375","599616129208100992","-1012","17","-81"
"8376","599616129212977920","-1003","9","-94"
"8377","599616129217854848","-997","-2","-113"
"8378","599616129222731904","-993","-9","-129"
"8379","599616129227608832","-991","-13","-135"
"8380","599616129232485760","-984","-20","-136"
"8381","599616129237362688","-976","-23","-140"
"8382","599616129242239616","-974","-26","-140"
"8383","599616129247116544","-979","-27","-136"
"8384","599616129251993472","-981","-30","-141"
"8385","599616129256870400","-989","-31","-156"
"8386","599616129261747456","-992","-33","-183"
"8387","599616129266624384","-992","-30","-202"
"8388","599616129271501346","-993","-27","-223"
"8389","599616129276380800","-991","-26","-239"
"8390","599616129281260288","-995","-22","-250"
"8391","599616129286139776","-1000","-21","-256"
"8392","599616129291019264","-1013","-20","-261"
"8393","599616129295898752","-1027","-21","-270"
"8394","599616129300778240","-1035","-23","-282"
"8395","599616129305657728","-1041","-26","-296"
"8396","599616129310537216","-1045","-31","-304"
"8397","599616129315416704","-1040","-38","-307"
"8398","599616129320296192","-1032","-45","-314"
"8399","599616129325175680","-1014","-51","-313"
"8400","599616129330055168","-1001","-56","-308"
"8401","599616129334934656","-993","-56","-307"
"8402","599616129339814144","-993","-56","-305"
"8403","599616129344693632","-992","-53","-304"
"8404","599616129349573120","-992","-45","-300"
"8405","599616129354452608","-990","-39","-310"
"8406","599616129359332096","-990","-32","-315"
"8407","599616129364211584","-990","-24","-325"
"8408","599616129369091072","-991","-15","-331"
"8409","599616129373970560","-992","-1","-350"
"8410","599616129378850048","-992","15","-357"
"8411","599616129383729536","-993","26","-361"
"8412","599616129388609024","-993","44","-361"
"8413","599616129393488512","-996","54","-362"
"8414","599616129398368000","-1009","69","-362"
"8415","599616129403247488","-1026","71","-364"
"8416","599616129408126976","-1045","74","-363"
"8417","599616129413006464","-1062","72","-378"
"8418","599616129417885952","-1080","64","-383"
"8419","599616129422765440","-1099","60","-391"
"8420","599616129427644928","-1109","50","-396"
"8421","599616129432524416","-1108","39","-400"
"8422","599616129437404032","-1109","27","-402"
"8423","599616129442283520","-1105","17","-407"
"8424","599616129447162984","-1099","5","-403"
"8425","599616129452042496","-1094","-10","-405"
"8426","599616129456921984","-1089","-14","-403"
"8427","599616129461801472","-1076","-20","-397"
"8428","599616129466680960","-1066","-22","-395"
"8429","599616129471560448","-1058","-26","-389"
"8430","599616129476439936","-1043","-32","-365"
"8431","599616129481319424","-1025","-38","-350"
"8432","599616129486198912","-1007","-41","-327"
"8433","599616129491078400","-1000","-46","-315"
"8434","599616129495957888","-1000","-54","-317"
"8435","599616129500837376","-1007","-58","-321"
"8436","599616129505716864","-1007","-64","-335"
"8437","599616129510596352","-1028","-66","-353"
"8438","599616129515475840","-1039","-76","-384"
"8439","599616129520355328","-1036","-84","-388"
"8440","599616129525234816","-1004","-96","-363"
"8441","599616129530114304","-992","-96","-340"
"8442","599616129534993792","-985","-98","-300"
"8443","599616129539873280","-983","-105","-271"
"8444","599616129544752768","-993","-101","-278"
"8445","599616129549632256","-1011","-95","-286"
"8446","599616129554511744","-1046","-91","-293"
"8447","599616129559391232","-1077","-84","-305"
"8448","599616129564270720","-1109","-78","-313"
"8449","599616129569150208","-1115","-72","-310"
"8450","599616129574029696","-1117","-65","-305"
"8451","599616129578909184","-1118","-50","-295"
"8452","599616129583788672","-1118","-41","-290"
"8453","599616129588668160","-1115","-32","-279"
"8454","599616129593547648","-1113","-26","-270"
"8455","599616129598427136","-1103","-21","-263"
"8456","599616129603306624","-1093","-20","-258"
"8457","599616129608186112","-1086","-19","-255"
"8458","599616129613065600","-1084","-18","-250"
"8459","599616129617945088","-1074","-17","-248"
"8460","599616129622824592","-1073","-20","-247"
"8461","599616129627704960","-1066","-19","-252"
"8462","599616129632585344","-1061","-22","-254"
"8463","599616129637465600","-1059","-23","-259"
"8464","599616129642345984","-1054","-23","-269"
"8465","599616129647226368","-1049","-24","-276"
"8466","599616129652106624","-1037","-22","-279"
"8467","599616129656987008","-1022","-21","-280"
"8468","599616129661867264","-1014","-18","-275"
"8469","599616129666747648","-1011","-16","-272"
"8470","599616129671628032","-1012","-7","-267"
"8471","599616129676508288","-1012","-2","-262"
"8472","599616129681388672","-1014","6","-259"
"8473","599616129686269056","-1016","13","-254"
"8474","599616129691149312","-1019","18","-255"
"8475","599616129696029696","-1027","22","-253"
"8476","599616129700909952","-1030","21","-253"
"8477","599616129705790336","-1037","23","-251"
"8478","599616129710670720","-1039","25","-253"
"8479","599616129715550976","-1039","25","-250"
"8480","599616129720431360","-1035","23","-248"
"8481","599616129725311744","-1026","20","-240"
"8482","599616129730192000","-1015","19","-227"
"8483","599616129735072384","-1002","26","-205"
"8484","599616129739952640","-997","29","-177"
"8485","599616129744833024","-995","36","-153"
"8486","599616129749713408","-993","34","-140"
"8487","599616129754593664","-993","33","-133"
"8488","599616129759474048","-993","31","-124"
"8489","599616129764354432","-992","22","-122"
"8490","599616129769234688","-992","14","-118"
"8491","599616129774115072","-992","8","-114"
"8492","599616129778995328","-992","2","-114"
"8493","599616129783875712","-992","-3","-109"
"8494","599616129788756096","-989","-5","-101"
"8495","599616129793636352","-982","-11","-87"
"8496","599616129798516692","-970","-12","-78"
"8497","599616129803394560","-959","-14","-72"
"8498","599616129808272384","-949","-12","-72"
"8499","599616129813150208","-939","-10","-66"
"8500","599616129818027904","-930","-1","-65"
"8501","599616129822905728","-922","5","-62"
"8502","599616129827783552","-917","13","-61"
"8503","599616129832661376","-920","21","-62"
"8504","599616129837539072","-925","26","-55"
"8505","599616129842416896","-925","30","-52"
"8506","599616129847294720","-924","31","-46"
"8507","599616129852172544","-914","28","-51"
"8508","599616129857050240","-905","22","-56"
"8509","599616129861928064","-900","18","-63"
"8510","599616129866805888","-897","13","-62"
"8511","599616129871683712","-894","13","-62"
"8512","599616129876561408","-898","12","-56"
"8513","599616129881439232","-906","10","-57"
"8514","599616129886317056","-910","11","-61"
"8515","599616129891194880","-905","10","-63"
"8516","599616129896072704","-896","12","-69"
"8517","599616129900950400","-889","15","-80"
"8518","599616129905828224","-890","15","-83"
"8519","599616129910706048","-886","16","-83"
"8520","599616129915583872","-885","13","-68"
"8521","599616129920461568","-885","11","-52"
"8522","599616129925339392","-885","9","-37"
"8523","599616129930217216","-885","3","-23"
"8524","599616129935095040","-886","-6","-16"
"8525","599616129939972736","-886","-13","-11"
"8526","599616129944850560","-885","-19","-12"
"8527","599616129949728384","-885","-22","-13"
"8528","599616129954606208","-891","-27","-21"
"8529","599616129959483904","-917","-30","-36"
"8530","599616129964361728","-946","-33","-48"
"8531","599616129969239552","-967","-40","-53"
"8532","599616129974117270","-991","-42","-64"
"8533","599616129978995840","-1003","-53","-91"
"8534","599616129983874432","-1012","-63","-99"
"8535","599616129988753152","-995","-75","-56"
"8536","599616129993631744","-978","-77","-36"
"8537","599616129998510464","-959","-78","-28"
"8538","599616130003389056","-948","-76","-25"
"8539","599616130008267648","-960","-70","-40"
"8540","599616130013146368","-980","-65","-55"
"8541","599616130018024960","-988","-68","-69"
"8542","599616130022903552","-993","-75","-70"
"8543","599616130027782272","-996","-76","-70"
"8544","599616130032660864","-1002","-77","-63"
"8545","599616130037539584","-1006","-72","-51"
"8546","599616130042418176","-1011","-63","-42"
"8547","599616130047296768","-1012","-52","-29"
"8548","599616130052175488","-1007","-39","-25"
"8549","599616130057054080","-998","-32","-25"
"8550","599616130061932800","-995","-28","-22"
"8551","599616130066811392","-994","-26","-19"
"8552","599616130071689984","-994","-25","-11"
"8553","599616130076568704","-999","-22","-6"
"8554","599616130081447296","-1014","-17","-3"
"8555","599616130086326016","-1038","-11","-6"
"8556","599616130091204608","-1058","-2","-11"
"8557","599616130096083200","-1085","16","-19"
"8558","599616130100961920","-1106","29","-26"
"8559","599616130105840512","-1113","47","-37"
"8560","599616130110719104","-1115","63","-49"
"8561","599616130115597824","-1116","77","-60"
"8562","599616130120476416","-1115","86","-67"
"8563","599616130125355136","-1115","87","-74"
"8564","599616130130233728","-1115","88","-85"
"8565","599616130135112320","-1115","89","-92"
"8566","599616130139991040","-1111","90","-108"
"8567","599616130144869632","-1090","87","-115"
"8568","599616130149748370","-1060","85","-118"
"8569","599616130154628736","-1025","78","-107"
"8570","599616130159509120","-998","67","-100"
"8571","599616130164389376","-987","55","-87"
"8572","599616130169269760","-973","35","-95"
"8573","599616130174150144","-959","25","-103"
"8574","599616130179030400","-949","9","-112"
"8575","599616130183910784","-938","-2","-119"
"8576","599616130188791040","-928","-9","-123"
"8577","599616130193671424","-924","-15","-129"
"8578","599616130198551808","-929","-15","-134"
"8579","599616130203432064","-935","-16","-139"
"8580","599616130208312448","-941","-13","-143"
"8581","599616130213192832","-961","-10","-152"
"8582","599616130218073088","-976","-6","-163"
"8583","599616130222953472","-987","-6","-182"
"8584","599616130227833728","-992","-1","-197"
"8585","599616130232714112","-993","5","-212"
"8586","599616130237594496","-993","6","-221"
"8587","599616130242474752","-996","7","-234"
"8588","599616130247355136","-999","12","-248"
"8589","599616130252235520","-1010","17","-254"
"8590","599616130257115776","-1013","19","-256"
"8591","599616130261996160","-1013","24","-256"
"8592","599616130266876416","-1011","25","-255"
"8593","599616130271756800","-1010","25","-253"
"8594","599616130276637184","-1011","25","-249"
"8595","599616130281517440","-1014","26","-247"
"8596","599616130286397824","-1015","30","-247"
"8597","599616130291278208","-1016","31","-240"
"8598","599616130296158464","-1014","29","-234"
"8599","599616130301038848","-1010","27","-229"
"8600","599616130305919104","-1012","23","-228"
"8601","599616130310799488","-1020","24","-229"
"8602","599616130315679872","-1025","19","-231"
"8603","599616130320560128","-1031","19","-237"
"8604","599616130325440480","-1036","16","-243"
"8605","599616130330318336","-1037","10","-243"
"8606","599616130335196160","-1038","16","-249"
"8607","599616130340073984","-1040","16","-254"
"8608","599616130344951680","-1043","17","-258"
"8609","599616130349829504","-1048","23","-260"
"8610","599616130354707328","-1049","28","-263"
"8611","599616130359585152","-1047","29","-268"
"8612","599616130364462848","-1041","28","-270"
"8613","599616130369340672","-1033","24","-272"
"8614","599616130374218496","-1029","21","-270"
"8615","599616130379096320","-1022","13","-270"
"8616","599616130383974016","-1015","11","-268"
"8617","599616130388851840","-1012","7","-268"
"8618","599616130393729664","-1019","1","-267"
"8619","599616130398607488","-1020","-4","-268"
"8620","599616130403485184","-1021","-11","-268"
"8621","599616130408363008","-1020","-15","-266"
"8622","599616130413240832","-1019","-18","-260"
"8623","599616130418118656","-1021","-16","-255"
"8624","599616130422996480","-1025","-17","-257"
"8625","599616130427874176","-1038","-15","-260"
"8626","599616130432752000","-1046","-15","-259"
"8627","599616130437629824","-1045","-13","-261"
"8628","599616130442507648","-1060","-9","-277"
"8629","599616130447385344","-1066","-8","-289"
"8630","599616130452263168","-1042","-10","-263"
"8631","599616130457140992","-1011","-16","-243"
"8632","599616130462018816","-995","-14","-235"
"8633","599616130466896512","-993","-13","-224"
"8634","599616130471774336","-992","-12","-225"
"8635","599616130476652160","-993","-14","-233"
"8636","599616130481529984","-996","-15","-246"
"8637","599616130486407680","-996","-20","-251"
"8638","599616130491285504","-997","-24","-254"
"8639","599616130496163328","-998","-28","-260"
"8640","599616130501041058","-998","-31","-265"
"8641","599616130505917184","-997","-32","-271"
"8642","599616130510793344","-995","-32","-267"
"8643","599616130515669376","-994","-30","-266"
"8644","599616130520545536","-993","-28","-264"
"8645","599616130525421568","-992","-25","-261"
"8646","599616130530297728","-992","-23","-257"
"8647","599616130535173760","-993","-22","-253"
"8648","599616130540049920","-993","-23","-251"
"8649","599616130544925952","-993","-23","-252"
"8650","599616130549802112","-994","-22","-250"
"8651","599616130554678144","-995","-22","-249"
"8652","599616130559554304","-999","-21","-244"
"8653","599616130564430336","-997","-19","-240"
"8654","599616130569306496","-1000","-14","-235"
"8655","599616130574182528","-998","-10","-238"
"8656","599616130579058688","-1000","-1","-232"
"8657","599616130583934720","-998","8","-229"
"8658","599616130588810880","-996","16","-224"
"8659","599616130593686912","-995","25","-218"
"8660","599616130598563072","-993","33","-209"
"8661","599616130603439104","-992","43","-201"
"8662","599616130608315264","-992","55","-196"
"8663","599616130613191296","-992","66","-199"
"8664","599616130618067456","-992","77","-198"
"8665","599616130622943488","-992","79","-203"
"8666","599616130627819648","-992","83","-208"
"8667","599616130632695808","-992","84","-207"
"8668","599616130637571840","-992","87","-205"
"8669","599616130642448000","-992","87","-211"
"8670","599616130647324032","-992","87","-213"
"8671","599616130652200192","-992","85","-216"
"8672","599616130657076224","-992","85","-217"
"8673","599616130661952384","-992","85","-219"
"8674","599616130666828416","-992","85","-226"
"8675","599616130671704576","-993","85","-229"
"8676","599616130676580610","-991","85","-229"
"8677","599616130681460096","-986","91","-225"
"8678","599616130686339584","-985","88","-223"
"8679","599616130691219072","-983","89","-217"
"8680","599616130696098560","-982","89","-209"
"8681","599616130700978048","-983","89","-204"
"8682","599616130705857536","-985","89","-206"
"8683","599616130710737024","-983","92","-198"
"8684","599616130715616512","-984","88","-200"
"8685","599616130720496000","-981","88","-192"
"8686","599616130725375488","-980","88","-195"
"8687","599616130730254976","-980","86","-185"
"8688","599616130735134464","-981","85","-178"
"8689","599616130740013952","-984","85","-173"
"8690","599616130744893440","-990","83","-179"
"8691","599616130749772928","-990","81","-177"
"8692","599616130754652416","-992","73","-179"
"8693","599616130759531904","-993","65","-187"
"8694","599616130764411392","-993","58","-181"
"8695","599616130769290880","-995","57","-188"
"8696","599616130774170368","-995","47","-194"
"8697","599616130779049856","-999","45","-199"
"8698","599616130783929344","-1002","41","-212"
"8699","599616130788808832","-1009","40","-218"
"8700","599616130793688320","-1008","37","-219"
"8701","599616130798567808","-1009","36","-222"
"8702","599616130803447296","-1009","34","-225"
"8703","599616130808326784","-1012","36","-224"
"8704","599616130813206272","-1011","40","-225"
"8705","599616130818085760","-1016","35","-226"
"8706","599616130822965248","-1013","33","-222"
"8707","599616130827844736","-1013","40","-222"
"8708","599616130832724224","-1009","40","-217"
"8709","599616130837603712","-1007","38","-217"
"8710","599616130842483200","-1011","41","-206"
"8711","599616130847362688","-1007","46","-205"
"8712","599616130852242222","-1012","48","-203"
"8713","599616130857120768","-1011","47","-205"
"8714","599616130861999360","-1010","52","-201"
"8715","599616130866878080","-1006","55","-204"
"8716","599616130871756672","-1004","54","-203"
"8717","599616130876635392","-997","59","-195"
"8718","599616130881513984","-995","62","-181"
"8719","599616130886392576","-993","64","-182"
"8720","599616130891271296","-993","63","-169"
"8721","599616130896149888","-993","70","-168"
"8722","599616130901028480","-993","73","-192"
"8723","599616130905907200","-995","69","-190"
"8724","599616130910785792","-995","64","-201"
"8725","599616130915664512","-1000","73","-222"
"8726","599616130920543104","-1003","73","-227"
"8727","599616130925421696","-994","65","-202"
"8728","599616130930300416","-988","61","-177"
"8729","599616130935179008","-987","61","-174"
"8730","599616130940057728","-982","70","-158"
"8731","599616130944936320","-986","71","-153"
"8732","599616130949814912","-991","76","-161"
"8733","599616130954693632","-994","77","-187"
"8734","599616130959572224","-996","73","-196"
"8735","599616130964450816","-995","76","-198"
"8736","599616130969329536","-994","74","-199"
"8737","599616130974208128","-994","71","-201"
"8738","599616130979086848","-995","71","-207"
"8739","599616130983965440","-995","68","-203"
"8740","599616130988844032","-995","68","-201"
"8741","599616130993722752","-994","64","-196"
"8742","599616130998601344","-994","57","-180"
"8743","599616131003480064","-995","55","-159"
"8744","599616131008358656","-996","47","-146"
"8745","599616131013237248","-999","45","-146"
"8746","599616131018115968","-1004","46","-143"
"8747","599616131022994560","-1011","51","-141"
"8748","599616131027873302","-1016","50","-149"
"8749","599616131032752768","-1027","57","-152"
"8750","599616131037632256","-1032","60","-148"
"8751","599616131042511744","-1035","60","-154"
"8752","599616131047391232","-1032","66","-153"
"8753","599616131052270720","-1037","70","-146"
"8754","599616131057150208","-1036","65","-145"
"8755","599616131062029696","-1030","68","-149"
"8756","599616131066909184","-1031","65","-143"
"8757","599616131071788672","-1024","67","-145"
"8758","599616131076668160","-1023","73","-140"
"8759","599616131081547648","-1019","73","-138"
"8760","599616131086427136","-1011","72","-137"
"8761","599616131091306624","-1007","70","-134"
"8762","599616131096186112","-1007","66","-133"
"8763","599616131101065600","-1009","66","-134"
"8764","599616131105945088","-1008","61","-135"
"8765","599616131110824576","-1011","54","-134"
"8766","599616131115704064","-1014","54","-134"
"8767","599616131120583552","-1016","48","-133"
"8768","599616131125463040","-1017","49","-133"
"8769","599616131130342528","-1017","48","-134"
"8770","599616131135222016","-1015","36","-136"
"8771","599616131140101504","-1015","31","-140"
"8772","599616131144980992","-1013","32","-141"
"8773","599616131149860480","-1011","32","-135"
"8774","599616131154739968","-1004","33","-135"
"8775","599616131159619456","-1001","25","-135"
"8776","599616131164498944","-1000","26","-130"
"8777","599616131169378432","-1000","24","-127"
"8778","599616131174257920","-1000","19","-130"
"8779","599616131179137408","-999","22","-132"
"8780","599616131184016896","-999","23","-134"
"8781","599616131188896384","-995","29","-140"
"8782","599616131193775872","-995","27","-139"
"8783","599616131198655360","-995","31","-146"
"8784","599616131203534920","-993","32","-147"
"8785","599616131208415360","-995","32","-150"
"8786","599616131213295744","-992","28","-148"
"8787","599616131218176000","-991","29","-152"
"8788","599616131223056384","-992","23","-151"
"8789","599616131227936768","-992","23","-152"
"8790","599616131232817024","-991","25","-151"
"8791","599616131237697408","-991","22","-155"
"8792","599616131242577664","-992","18","-152"
"8793","599616131247458048","-992","20","-156"
"8794","599616131252338432","-993","13","-158"
"8795","599616131257218688","-993","10","-158"
"8796","599616131262099072","-993","3","-162"
"8797","599616131266979456","-993","-4","-164"
"8798","599616131271859712","-993","-11","-159"
"8799","599616131276740096","-993","-13","-157"
"8800","599616131281620352","-993","-16","-152"
"8801","599616131286500736","-993","-19","-148"
"8802","599616131291381120","-993","-18","-145"
"8803","599616131296261376","-994","-21","-150"
"8804","599616131301141760","-994","-23","-151"
"8805","599616131306022144","-994","-24","-159"
"8806","599616131310902400","-996","-24","-166"
"8807","599616131315782784","-995","-26","-164"
"8808","599616131320663040","-995","-28","-159"
"8809","599616131325543424","-994","-28","-159"
"8810","599616131330423808","-994","-26","-156"
"8811","599616131335304064","-994","-25","-154"
"8812","599616131340184448","-994","-25","-156"
"8813","599616131345064832","-995","-23","-160"
"8814","599616131349945088","-996","-23","-159"
"8815","599616131354825472","-995","-22","-159"
"8816","599616131359705728","-995","-21","-150"
"8817","599616131364586112","-993","-21","-142"
"8818","599616131369466496","-993","-22","-136"
"8819","599616131374346752","-992","-21","-127"
"8820","599616131379227020","-992","-21","-123"
"8821","599616131384106496","-993","-25","-127"
"8822","599616131388985984","-996","-18","-132"
"8823","599616131393865472","-1000","-21","-135"
"8824","599616131398744960","-1016","-17","-153"
"8825","599616131403624448","-1037","-14","-178"
"8826","599616131408503936","-1039","-10","-157"
"8827","599616131413383424","-1017","-12","-137"
"8828","599616131418262912","-1003","-9","-136"
"8829","599616131423142400","-997","0","-129"
"8830","599616131428021888","-992","1","-119"
"8831","599616131432901376","-991","4","-119"
"8832","599616131437780864","-993","4","-131"
"8833","599616131442660352","-997","1","-141"
"8834","599616131447539840","-1004","-1","-143"
"8835","599616131452419328","-1018","-3","-147"
"8836","599616131457298816","-1024","-5","-155"
"8837","599616131462178304","-1035","-5","-166"
"8838","599616131467057792","-1035","-6","-166"
"8839","599616131471937280","-1032","-5","-167"
"8840","599616131476816768","-1017","0","-159"
"8841","599616131481696256","-1006","2","-148"
"8842","599616131486575744","-997","9","-143"
"8843","599616131491455232","-995","13","-131"
"8844","599616131496334720","-993","18","-129"
"8845","599616131501214208","-994","17","-111"
"8846","599616131506093696","-996","20","-103"
"8847","599616131510973184","-996","19","-94"
"8848","599616131515852672","-998","22","-95"
"8849","599616131520732160","-1001","16","-98"
"8850","599616131525611648","-1004","20","-96"
"8851","599616131530491136","-1001","18","-101"
"8852","599616131535370624","-1000","18","-103"
"8853","599616131540250112","-997","19","-103"
"8854","599616131545129600","-995","15","-109"
"8855","599616131550009088","-994","13","-108"
"8856","599616131554888654","-993","12","-112"
"8857","599616131559768192","-993","10","-113"
"8858","599616131564647680","-992","5","-119"
"8859","599616131569527168","-992","1","-116"
"8860","599616131574406656","-992","0","-113"
"8861","599616131579286144","-991","0","-111"
"8862","599616131584165632","-990","1","-108"
"8863","599616131589045120","-991","-5","-102"
"8864","599616131593924608","-992","-5","-93"
"8865","599616131598804096","-993","-6","-93"
"8866","599616131603683584","-994","-7","-86"
"8867","599616131608563072","-995","-9","-91"
"8868","599616131613442560","-996","-7","-96"
"8869","599616131618322048","-997","-10","-96"
"8870","599616131623201536","-1001","-11","-106"
"8871","599616131628081024","-1003","-13","-98"
"8872","599616131632960512","-999","-13","-95"
"8873","599616131637840000","-997","-15","-81"
"8874","599616131642719488","-995","-14","-76"
"8875","599616131647598976","-992","-13","-70"
"8876","599616131652478464","-992","-13","-62"
"8877","599616131657357952","-993","-9","-50"
"8878","599616131662237440","-993","-5","-52"
"8879","599616131667116928","-993","-3","-52"
"8880","599616131671996416","-993","3","-53"
"8881","599616131676875904","-993","6","-56"
"8882","599616131681755392","-996","11","-55"
"8883","599616131686634880","-996","13","-57"
"8884","599616131691514368","-996","18","-57"
"8885","599616131696393856","-996","15","-53"
"8886","599616131701273344","-999","17","-49"
"8887","599616131706152832","-1001","18","-53"
"8888","599616131711032320","-1005","15","-54"
"8889","599616131715911808","-1008","12","-57"
"8890","599616131720791296","-1014","8","-59"
"8891","599616131725670784","-1020","5","-66"
"8892","599616131730550262","-1025","-2","-65"
"8893","599616131735431424","-1032","-3","-72"
"8894","599616131740312576","-1037","-11","-73"
"8895","599616131745193856","-1041","-15","-79"
"8896","599616131750075008","-1044","-18","-89"
"8897","599616131754956160","-1046","-20","-95"
"8898","599616131759837312","-1047","-24","-95"
"8899","599616131764718592","-1048","-27","-98"
"8900","599616131769599744","-1051","-32","-96"
"8901","599616131774480896","-1050","-35","-101"
"8902","599616131779362048","-1052","-39","-101"
"8903","599616131784243328","-1052","-43","-104"
"8904","599616131789124480","-1055","-52","-106"
"8905","599616131794005632","-1055","-57","-110"
"8906","599616131798886784","-1052","-64","-106"
"8907","599616131803768064","-1049","-66","-111"
"8908","599616131808649216","-1042","-70","-107"
"8909","599616131813530368","-1034","-74","-101"
"8910","599616131818411520","-1032","-77","-97"
"8911","599616131823292800","-1027","-76","-91"
"8912","599616131828173952","-1027","-79","-96"
"8913","599616131833055104","-1023","-77","-100"
"8914","599616131837936256","-1026","-75","-96"
"8915","599616131842817536","-1032","-74","-101"
"8916","599616131847698688","-1025","-70","-107"
"8917","599616131852579840","-1021","-66","-105"
"8918","599616131857460992","-1010","-60","-94"
"8919","599616131862342272","-998","-55","-81"
"8920","599616131867223424","-994","-50","-71"
"8921","599616131872104576","-993","-47","-63"
"8922","599616131876985728","-993","-42","-71"
"8923","599616131881867008","-994","-37","-83"
"8924","599616131886748160","-996","-35","-81"
"8925","599616131891629312","-1003","-31","-113"
"8926","599616131896510464","-1021","-27","-133"
"8927","599616131901391744","-1026","-26","-133"
"8928","599616131906272890","-1007","-24","-99"
"8929","599616131911151488","-992","-21","-102"
"8930","599616131916030080","-990","-14","-117"
"8931","599616131920908800","-969","-8","-86"
"8932","599616131925787392","-951","-5","-89"
"8933","599616131930666112","-962","0","-116"
"8934","599616131935544704","-979","4","-127"
"8935","599616131940423296","-988","9","-120"
"8936","599616131945302016","-992","6","-106"
"8937","599616131950180608","-994","2","-109"
"8938","599616131955059200","-1002","0","-102"
"8939","599616131959937920","-1011","2","-102"
"8940","599616131964816512","-1014","1","-101"
"8941","599616131969695232","-1018","1","-94"
"8942","599616131974573824","-1012","12","-95"
"8943","599616131979452416","-1007","10","-84"
"8944","599616131984331136","-1004","6","-82"
"8945","599616131989209728","-1008","-2","-82"
"8946","599616131994088448","-1016","-6","-79"
"8947","599616131998967040","-1021","-13","-81"
"8948","599616132003845632","-1032","-17","-81"
"8949","599616132008724352","-1039","-20","-80"
"8950","599616132013602944","-1044","-24","-84"
"8951","599616132018481664","-1045","-26","-79"
"8952","599616132023360256","-1048","-30","-81"
"8953","599616132028238848","-1046","-35","-87"
"8954","599616132033117568","-1047","-36","-92"
"8955","599616132037996160","-1043","-40","-97"
"8956","599616132042874752","-1041","-42","-106"
"8957","599616132047753472","-1038","-44","-109"
"8958","599616132052632064","-1033","-43","-106"
"8959","599616132057510784","-1023","-45","-107"
"8960","599616132062389376","-1019","-44","-109"
"8961","599616132067267968","-1016","-43","-105"
"8962","599616132072146688","-1013","-42","-101"
"8963","599616132077025280","-1005","-41","-103"
"8964","599616132081903986","-1002","-39","-98"
"8965","599616132086784384","-997","-40","-98"
"8966","599616132091664768","-998","-36","-98"
"8967","599616132096545024","-1001","-37","-103"
"8968","599616132101425408","-1000","-36","-99"
"8969","599616132106305792","-1003","-34","-101"
"8970","599616132111186048","-1001","-35","-98"
"8971","599616132116066432","-1001","-31","-97"
"8972","599616132120946688","-1002","-29","-85"
"8973","599616132125827072","-998","-26","-80"
"8974","599616132130707456","-1000","-23","-81"
"8975","599616132135587712","-998","-20","-76"
"8976","599616132140468096","-995","-19","-74"
"8977","599616132145348480","-996","-17","-70"
"8978","599616132150228736","-995","-15","-62"
"8979","599616132155109120","-997","-13","-64"
"8980","599616132159989376","-997","-11","-61"
"8981","599616132164869760","-999","-11","-59"
"8982","599616132169750144","-1001","-10","-60"
"8983","599616132174630400","-1004","-10","-54"
"8984","599616132179510784","-1005","-8","-44"
"8985","599616132184391168","-1006","-11","-44"
"8986","599616132189271424","-1003","-11","-34"
"8987","599616132194151808","-1003","-11","-28"
"8988","599616132199032064","-1002","-13","-27"
"8989","599616132203912448","-1001","-11","-26"
"8990","599616132208792832","-1005","-6","-25"
"8991","599616132213673088","-1009","-7","-24"
"8992","599616132218553472","-1013","-8","-25"
"8993","599616132223433856","-1018","-9","-23"
"8994","599616132228314112","-1020","-7","-20"
"8995","599616132233194496","-1023","-2","-19"
"8996","599616132238074752","-1030","-2","-19"
"8997","599616132242955136","-1031","4","-14"
"8998","599616132247835520","-1033","7","-14"
"8999","599616132252715776","-1028","11","-17"
"9000","599616132257596096","-1018","15","-16"
"9001","599616132262475648","-1018","21","-17"
"9002","599616132267355136","-1011","24","-16"
"9003","599616132272234624","-1005","22","-17"
"9004","599616132277114112","-1006","20","-21"
"9005","599616132281993600","-1003","10","-23"
"9006","599616132286873088","-1001","10","-26"
"9007","599616132291752576","-1001","0","-28"
"9008","599616132296632064","-1001","-6","-29"
"9009","599616132301511552","-1000","-12","-27"
"9010","599616132306391040","-995","-17","-27"
"9011","599616132311270528","-993","-18","-24"
"9012","599616132316150016","-993","-20","-26"
"9013","599616132321029504","-993","-19","-30"
"9014","599616132325908992","-995","-21","-33"
"9015","599616132330788480","-997","-24","-36"
"9016","599616132335667968","-999","-23","-45"
"9017","599616132340547456","-1002","-26","-59"
"9018","599616132345426944","-1007","-26","-70"
"9019","599616132350306432","-1010","-26","-71"
"9020","599616132355185920","-1009","-24","-71"
"9021","599616132360065408","-1004","-23","-71"
"9022","599616132364944896","-1001","-21","-62"
"9023","599616132369824384","-1000","-20","-54"
"9024","599616132374703872","-1002","-16","-52"
"9025","599616132379583360","-1016","-11","-58"
"9026","599616132384462848","-1023","-10","-58"
"9027","599616132389342336","-1025","-8","-62"
"9028","599616132394221824","-1038","0","-76"
"9029","599616132399101312","-1045","5","-100"
"9030","599616132403980800","-1028","4","-79"
"9031","599616132408860288","-1000","3","-43"
"9032","599616132413739776","-992","11","-37"
"9033","599616132418619264","-990","18","-38"
"9034","599616132423498752","-987","24","-33"
"9035","599616132428378240","-983","28","-38"
"9036","599616132433257730","-985","34","-51"
"9037","599616132438138112","-980","35","-66"
"9038","599616132443018496","-984","41","-65"
"9039","599616132447898752","-983","49","-54"
"9040","599616132452779136","-987","47","-52"
"9041","599616132457659520","-988","57","-50"
"9042","599616132462539776","-991","67","-48"
"9043","599616132467420160","-992","75","-45"
"9044","599616132472300416","-990","81","-41"
"9045","599616132477180800","-989","85","-32"
"9046","599616132482061184","-986","84","-24"
"9047","599616132486941440","-986","87","-17"
"9048","599616132491821824","-990","86","-13"
"9049","599616132496702208","-991","86","-12"
"9050","599616132501582464","-993","86","-14"
"9051","599616132506462848","-994","85","-13"
"9052","599616132511343104","-995","82","-14"
"9053","599616132516223488","-998","81","-15"
"9054","599616132521103872","-999","73","-15"
"9055","599616132525984128","-1000","74","-14"
"9056","599616132530864512","-1005","76","-12"
"9057","599616132535744896","-1004","80","-12"
"9058","599616132540625152","-1002","83","-11"
"9059","599616132545505536","-1000","82","-12"
"9060","599616132550385792","-998","86","-11"
"9061","599616132555266176","-998","86","-12"
"9062","599616132560146560","-996","87","-13"
"9063","599616132565026816","-998","86","-12"
"9064","599616132569907200","-998","87","-12"
"9065","599616132574787584","-999","85","-7"
"9066","599616132579667840","-1002","86","-5"
"9067","599616132584548224","-1004","86","-4"
"9068","599616132589428480","-1010","84","-7"
"9069","599616132594308864","-1018","85","-6"
"9070","599616132599189248","-1022","84","-9"
"9071","599616132604069504","-1022","84","-12"
"9072","599616132608949830","-1017","82","-14"
"9073","599616132613828480","-1015","77","-17"
"9074","599616132618707072","-1010","77","-25"
"9075","599616132623585792","-1017","70","-27"
"9076","599616132628464384","-1019","65","-27"
"9077","599616132633343104","-1009","56","-25"
"9078","599616132638221696","-999","46","-25"
"9079","599616132643100288","-996","37","-23"
"9080","599616132647979008","-995","27","-22"
"9081","599616132652857600","-994","20","-20"
"9082","599616132657736320","-993","12","-20"
"9083","599616132662614912","-993","4","-16"
"9084","599616132667493504","-992","-1","-13"
"9085","599616132672372224","-992","-12","-9"
"9086","599616132677250816","-991","-17","-4"
"9087","599616132682129408","-992","-22","5"
"9088","599616132687008128","-991","-25","9"
"9089","599616132691886720","-992","-29","18"
"9090","599616132696765440","-993","-31","25"
"9091","599616132701644032","-994","-31","30"
"9092","599616132706522624","-996","-30","31"
"9093","599616132711401344","-1002","-26","34"
"9094","599616132716279936","-1010","-23","36"
"9095","599616132721158656","-1005","-17","33"
"9096","599616132726037248","-999","-11","30"
"9097","599616132730915840","-998","1","35"
"9098","599616132735794560","-1000","18","33"
"9099","599616132740673152","-1003","35","31"
"9100","599616132745551872","-1007","58","38"
"9101","599616132750430464","-1013","73","50"
"9102","599616132755309056","-1014","84","49"
"9103","599616132760187776","-1010","90","65"
"9104","599616132765066368","-1003","97","66"
"9105","599616132769944960","-996","114","63"
"9106","599616132774823680","-994","131","68"
"9107","599616132779702272","-995","148","76"
"9108","599616132784580936","-993","152","78"
"9109","599616132789460480","-995","157","81"
"9110","599616132794339968","-993","167","89"
"9111","599616132799219456","-992","170","90"
"9112","599616132804098944","-994","170","83"
"9113","599616132808978432","-995","172","72"
"9114","599616132813857920","-1002","172","62"
"9115","599616132818737408","-1007","170","57"
"9116","599616132823616896","-1015","170","46"
"9117","599616132828496384","-1013","169","33"
"9118","599616132833375872","-1014","164","25"
"9119","599616132838255360","-1011","166","25"
"9120","599616132843134848","-1017","158","25"
"9121","599616132848014336","-1014","152","25"
"9122","599616132852893824","-1019","149","28"
"9123","599616132857773312","-1021","144","32"
"9124","599616132862652800","-1019","139","40"
"9125","599616132867532288","-1016","132","45"
"9126","599616132872411776","-1008","124","54"
"9127","599616132877291264","-1003","118","67"
"9128","599616132882170752","-1000","105","73"
"9129","599616132887050240","-1008","107","69"
"9130","599616132891929728","-1026","105","59"
"9131","599616132896809216","-1027","103","63"
"9132","599616132901688704","-1036","111","51"
"9133","599616132906568192","-1039","114","41"
"9134","599616132911447680","-1029","108","36"
"9135","599616132916327168","-1003","103","57"
"9136","599616132921206656","-994","96","79"
"9137","599616132926086144","-993","97","73"
"9138","599616132930965632","-993","94","71"
"9139","599616132935845120","-998","93","60"
"9140","599616132940724608","-1005","94","37"
"9141","599616132945604096","-1008","97","14"
"9142","599616132950483584","-1000","95","7"
"9143","599616132955363072","-995","90","10"
"9144","599616132960242554","-992","89","6"
"9145","599616132965123712","-993","92","10"
"9146","599616132970004864","-993","93","8"
"9147","599616132974886144","-993","95","10"
"9148","599616132979767296","-993","102","14"
"9149","599616132984648448","-992","108","21"
"9150","599616132989529600","-990","113","23"
"9151","599616132994410880","-990","117","30"
"9152","599616132999292032","-990","117","23"
"9153","599616133004173184","-993","119","17"
"9154","599616133009054336","-995","112","10"
"9155","599616133013935616","-1001","104","7"
"9156","599616133018816768","-1005","98","2"
"9157","599616133023697920","-1011","92","2"
"9158","599616133028579072","-1014","89","-1"
"9159","599616133033460352","-1011","88","0"
"9160","599616133038341504","-1008","85","-6"
"9161","599616133043222656","-1007","86","-10"
"9162","599616133048103808","-1006","86","-10"
"9163","599616133052985088","-1004","84","-12"
"9164","599616133057866240","-1005","82","-11"
"9165","599616133062747392","-1004","80","-13"
"9166","599616133067628544","-1003","81","-13"
"9167","599616133072509824","-1000","76","-16"
"9168","599616133077390976","-1001","75","-18"
"9169","599616133082272128","-999","73","-20"
"9170","599616133087153280","-997","69","-22"
"9171","599616133092034560","-997","69","-23"
"9172","599616133096915712","-997","72","-25"
"9173","599616133101796864","-995","66","-19"
"9174","599616133106678016","-996","66","-18"
"9175","599616133111559296","-997","62","-16"
"9176","599616133116440448","-997","65","-19"
"9177","599616133121321600","-1000","57","-20"
"9178","599616133126202752","-1004","53","-24"
"9179","599616133131084032","-1007","57","-29"
"9180","599616133135965182","-1009","53","-30"
"9181","599616133140845568","-1006","60","-28"
"9182","599616133145725952","-998","63","-29"
"9183","599616133150606208","-996","68","-32"
"9184","599616133155486592","-997","69","-37"
"9185","599616133160366976","-997","66","-41"
"9186","599616133165247232","-997","67","-52"
"9187","599616133170127616","-997","64","-60"
"9188","599616133175007872","-997","62","-69"
"9189","599616133179888256","-994","49","-67"
"9190","599616133184768640","-994","45","-63"
"9191","599616133189648896","-994","36","-57"
"9192","599616133194529280","-995","38","-54"
"9193","599616133199409664","-997","39","-56"
"9194","599616133204289920","-1000","36","-59"
"9195","599616133209170304","-1002","40","-65"
"9196","599616133214050560","-1001","42","-68"
"9197","599616133218930944","-999","47","-64"
"9198","599616133223811328","-997","50","-59"
"9199","599616133228691584","-995","51","-56"
"9200","599616133233571968","-998","58","-64"
"9201","599616133238452352","-1003","57","-72"
"9202","599616133243332608","-1012","58","-89"
"9203","599616133248212992","-1017","56","-100"
"9204","599616133253093248","-1019","62","-106"
"9205","599616133257973632","-1019","67","-111"
"9206","599616133262854016","-1013","73","-112"
"9207","599616133267734272","-1005","78","-117"
"9208","599616133272614656","-1000","77","-108"
"9209","599616133277495040","-996","81","-112"
"9210","599616133282375296","-995","83","-117"
"9211","599616133287255680","-997","80","-115"
"9212","599616133292136064","-997","82","-124"
"9213","599616133297016320","-1000","81","-130"
"9214","599616133301896704","-1003","80","-134"
"9215","599616133306776960","-1004","74","-133"
"9216","599616133311657298","-1001","74","-134"
"9217","599616133316537728","-1001","67","-134"
"9218","599616133321418112","-1004","67","-135"
"9219","599616133326298368","-1007","58","-135"
"9220","599616133331178752","-1006","57","-134"
"9221","599616133336059136","-1009","62","-135"
"9222","599616133340939392","-1007","60","-134"
"9223","599616133345819776","-1005","56","-135"
"9224","599616133350700032","-1008","57","-139"
"9225","599616133355580416","-1011","53","-150"
"9226","599616133360460800","-1013","48","-148"
"9227","599616133365341056","-1016","47","-147"
"9228","599616133370221440","-1012","46","-142"
"9229","599616133375101824","-1012","42","-146"
"9230","599616133379982080","-1012","38","-148"
"9231","599616133384862464","-1007","41","-156"
"9232","599616133389742720","-1001","41","-163"
"9233","599616133394623104","-995","38","-162"
"9234","599616133399503488","-994","38","-152"
"9235","599616133404383744","-993","35","-149"
"9236","599616133409264128","-993","31","-149"
"9237","599616133414144512","-999","27","-159"
"9238","599616133419024768","-1006","26","-168"
"9239","599616133423905152","-1012","31","-184"
"9240","599616133428785536","-1021","38","-201"
"9241","599616133433665792","-1016","44","-213"
"9242","599616133438546176","-998","43","-193"
"9243","599616133443426432","-992","55","-160"
"9244","599616133448306816","-991","60","-148"
"9245","599616133453187200","-990","72","-141"
"9246","599616133458067456","-993","78","-140"
"9247","599616133462947840","-1000","84","-160"
"9248","599616133467828224","-1012","83","-195"
"9249","599616133472708480","-1013","85","-212"
"9250","599616133477588864","-1000","86","-217"
"9251","599616133482469120","-995","85","-228"
"9252","599616133487349424","-994","86","-234"
"9253","599616133492229760","-999","84","-236"
"9254","599616133497110144","-996","88","-230"
"9255","599616133501990400","-996","93","-227"
"9256","599616133506870784","-994","93","-209"
"9257","599616133511751168","-993","97","-204"
"9258","599616133516631424","-993","103","-180"
"9259","599616133521511808","-994","102","-175"
"9260","599616133526392064","-994","103","-180"
"9261","599616133531272448","-1004","104","-189"
"9262","599616133536152832","-1014","105","-193"
"9263","599616133541033088","-1020","103","-201"
"9264","599616133545913472","-1023","102","-202"
"9265","599616133550793856","-1021","104","-201"
"9266","599616133555674112","-1022","106","-198"
"9267","599616133560554496","-1028","115","-197"
"9268","599616133565434752","-1033","115","-193"
"9269","599616133570315136","-1040","114","-193"
"9270","599616133575195520","-1045","124","-195"
"9271","599616133580075776","-1047","120","-199"
"9272","599616133584956160","-1049","122","-204"
"9273","599616133589836544","-1052","122","-210"
"9274","599616133594716800","-1047","125","-219"
"9275","599616133599597184","-1036","114","-217"
"9276","599616133604477568","-1019","123","-221"
"9277","599616133609357824","-1003","119","-223"
"9278","599616133614238208","-994","114","-225"
"9279","599616133619118464","-992","117","-220"
"9280","599616133623998848","-990","106","-215"
"9281","599616133628879232","-987","96","-204"
"9282","599616133633759488","-986","92","-196"
"9283","599616133638639872","-987","91","-182"
"9284","599616133643520256","-990","89","-181"
"9285","599616133648400512","-992","89","-184"
"9286","599616133653280896","-994","88","-182"
"9287","599616133658161152","-994","85","-177"
"9288","599616133663041550","-996","87","-168"
"9289","599616133667920128","-997","86","-166"
"9290","599616133672798720","-997","86","-165"
"9291","599616133677677440","-996","87","-167"
"9292","599616133682556032","-994","85","-164"
"9293","599616133687434752","-993","85","-162"
"9294","599616133692313344","-991","87","-164"
"9295","599616133697191936","-990","85","-170"
"9296","599616133702070656","-988","82","-171"
"9297","599616133706949248","-990","82","-175"
"9298","599616133711827968","-990","78","-161"
"9299","599616133716706560","-988","79","-152"
"9300","599616133721585152","-991","80","-141"
"9301","599616133726463872","-991","82","-137"
"9302","599616133731342464","-992","85","-133"
"9303","599616133736221056","-993","84","-133"
"9304","599616133741099776","-994","86","-131"
"9305","599616133745978368","-995","88","-130"
"9306","599616133750857088","-997","91","-133"
"9307","599616133755735680","-998","90","-136"
"9308","599616133760614272","-1004","90","-141"
"9309","599616133765492992","-1005","91","-143"
"9310","599616133770371584","-1004","92","-143"
"9311","599616133775250304","-1003","95","-146"
"9312","599616133780128896","-1004","98","-144"
"9313","599616133785007488","-1007","104","-141"
"9314","599616133789886208","-1001","102","-144"
"9315","599616133794764800","-997","117","-144"
"9316","599616133799643520","-994","122","-139"
"9317","599616133804522112","-993","138","-138"
"9318","599616133809400704","-993","140","-132"
"9319","599616133814279424","-993","149","-124"
"9320","599616133819158016","-992","154","-122"
"9321","599616133824036608","-993","158","-108"
"9322","599616133828915328","-992","162","-96"
"9323","599616133833793920","-993","166","-94"
"9324","599616133838672656","-992","163","-91"
"9325","599616133843552128","-990","159","-106"
"9326","599616133848431616","-992","153","-113"
"9327","599616133853311104","-992","149","-121"
"9328","599616133858190592","-992","139","-124"
"9329","599616133863070080","-993","122","-129"
"9330","599616133867949568","-993","116","-128"
"9331","599616133872829056","-992","101","-128"
"9332","599616133877708544","-993","98","-125"
"9333","599616133882588032","-993","95","-115"
"9334","599616133887467520","-994","92","-107"
"9335","599616133892347008","-995","90","-97"
"9336","599616133897226496","-1001","91","-94"
"9337","599616133902105984","-1012","93","-96"
"9338","599616133906985472","-1028","94","-102"
"9339","599616133911864960","-1042","97","-102"
"9340","599616133916744448","-1046","109","-110"
"9341","599616133921623936","-1047","113","-110"
"9342","599616133926503424","-1046","129","-112"
"9343","599616133931382912","-1041","134","-109"
"9344","599616133936262400","-1031","132","-96"
"9345","599616133941141888","-1018","136","-95"
"9346","599616133946021376","-1007","139","-95"
"9347","599616133950900864","-1000","143","-102"
"9348","599616133955780352","-1008","156","-113"
"9349","599616133960659840","-1029","166","-123"
"9350","599616133965539328","-1041","175","-115"
"9351","599616133970418816","-1027","176","-86"
"9352","599616133975298304","-1012","181","-88"
"9353","599616133980177792","-998","191","-68"
"9354","599616133985057280","-992","195","-47"
"9355","599616133989936768","-991","199","-43"
"9356","599616133994816256","-994","199","-58"
"9357","599616133999695744","-1007","200","-74"
"9358","599616134004575232","-1021","199","-81"
"9359","599616134009454720","-1028","197","-89"
"9360","599616134014334274","-1028","192","-104"
"9361","599616134019213824","-1026","185","-115"
"9362","599616134024093312","-1024","182","-118"
"9363","599616134028972800","-1014","178","-124"
"9364","599616134033852288","-1001","174","-121"
"9365","599616134038731776","-993","173","-106"
"9366","599616134043611264","-989","171","-83"
"9367","599616134048490752","-981","164","-57"
"9368","599616134053370240","-978","164","-41"
"9369","599616134058249728","-981","162","-28"
"9370","599616134063129216","-986","159","-22"
"9371","599616134068008704","-991","154","-19"
"9372","599616134072888192","-993","151","-15"
"9373","599616134077767680","-997","155","-13"
"9374","599616134082647168","-1008","154","-14"
"9375","599616134087526656","-1012","153","-14"
"9376","599616134092406144","-1009","159","-20"
"9377","599616134097285632","-1009","157","-23"
"9378","599616134102165120","-1005","157","-30"
"9379","599616134107044608","-1004","159","-36"
"9380","599616134111924096","-1002","160","-39"
"9381","599616134116803584","-1004","162","-43"
"9382","599616134121683072","-1002","161","-42"
"9383","599616134126562560","-1001","167","-40"
"9384","599616134131442048","-1002","167","-36"
"9385","599616134136321536","-999","168","-33"
"9386","599616134141201024","-998","168","-31"
"9387","599616134146080512","-997","172","-28"
"9388","599616134150960000","-998","174","-29"
"9389","599616134155839488","-997","175","-26"
"9390","599616134160718976","-997","174","-28"
"9391","599616134165598464","-1000","179","-30"
"9392","599616134170477952","-998","175","-29"
"9393","599616134175357440","-1001","175","-32"
"9394","599616134180236928","-1002","179","-28"
"9395","599616134185116416","-1001","185","-30"
"9396","599616134189995882","-1004","189","-36"
"9397","599616134194875392","-1003","193","-34"
"9398","599616134199754880","-999","197","-34"
"9399","599616134204634368","-997","201","-40"
"9400","599616134209513856","-995","200","-40"
"9401","599616134214393344","-995","203","-39"
"9402","599616134219272832","-993","206","-40"
"9403","599616134224152320","-992","206","-42"
"9404","599616134229031808","-991","207","-36"
"9405","599616134233911296","-990","209","-33"
"9406","599616134238790784","-989","210","-28"
"9407","599616134243670272","-990","211","-23"
"9408","599616134248549760","-989","210","-19"
"9409","599616134253429248","-988","212","-15"
"9410","599616134258308736","-988","211","-12"
"9411","599616134263188224","-988","212","-11"
"9412","599616134268067712","-987","212","-13"
"9413","599616134272947200","-988","212","-16"
"9414","599616134277826688","-991","213","-20"
"9415","599616134282706176","-991","213","-21"
"9416","599616134287585664","-992","214","-23"
"9417","599616134292465152","-992","213","-27"
"9418","599616134297344640","-994","215","-29"
"9419","599616134302224128","-994","215","-32"
"9420","599616134307103616","-995","216","-35"
"9421","599616134311983104","-996","219","-41"
"9422","599616134316862592","-994","220","-41"
"9423","599616134321742080","-993","220","-36"
"9424","599616134326621568","-992","223","-37"
"9425","599616134331501056","-992","222","-32"
"9426","599616134336380544","-991","226","-28"
"9427","599616134341260032","-990","227","-25"
"9428","599616134346139520","-991","229","-24"
"9429","599616134351019008","-991","230","-27"
"9430","599616134355898496","-992","235","-24"
"9431","599616134360777984","-993","235","-22"
"9432","599616134365657490","-993","239","-23"
"9433","599616134370536960","-993","236","-26"
"9434","599616134375416448","-993","238","-24"
"9435","599616134380295936","-993","232","-23"
"9436","599616134385175424","-994","232","-26"
"9437","599616134390054912","-994","231","-29"
"9438","599616134394934400","-995","229","-29"
"9439","599616134399813888","-993","227","-29"
"9440","599616134404693376","-995","225","-30"
"9441","599616134409572864","-993","226","-27"
"9442","599616134414452352","-993","225","-26"
"9443","599616134419331840","-993","228","-27"
"9444","599616134424211328","-992","226","-28"
"9445","599616134429090816","-992","224","-29"
"9446","599616134433970304","-993","225","-32"
"9447","599616134438849792","-992","225","-34"
"9448","599616134443729280","-993","225","-36"
"9449","599616134448608768","-993","219","-39"
"9450","599616134453488256","-992","221","-36"
"9451","599616134458367744","-991","218","-34"
"9452","599616134463247232","-988","215","-30"
"9453","599616134468126720","-987","215","-27"
"9454","599616134473006208","-988","213","-28"
"9455","599616134477885696","-992","214","-33"
"9456","599616134482765184","-993","213","-38"
"9457","599616134487644672","-997","213","-49"
"9458","599616134492524160","-1014","214","-62"
"9459","599616134497403648","-1025","215","-60"
"9460","599616134502283136","-1022","214","-48"
"9461","599616134507162624","-1008","214","-34"
"9462","599616134512042112","-1001","217","-40"
"9463","599616134516921600","-993","218","-35"
"9464","599616134521801088","-990","218","-28"
"9465","599616134526680576","-989","219","-44"
"9466","599616134531560064","-993","216","-64"
"9467","599616134536439552","-993","215","-62"
"9468","599616134541319098","-992","212","-53"
"9469","599616134546197632","-993","211","-48"
"9470","599616134551076224","-997","208","-43"
"9471","599616134555954944","-1003","209","-34"
"9472","599616134560833536","-1010","207","-36"
"9473","599616134565712256","-1006","208","-32"
"9474","599616134570590848","-1004","210","-31"
"9475","599616134575469440","-999","209","-29"
"9476","599616134580348160","-995","211","-25"
"9477","599616134585226752","-994","213","-24"
"9478","599616134590105344","-995","213","-22"
"9479","599616134594984064","-995","213","-26"
"9480","599616134599862656","-999","214","-29"
"9481","599616134604741376","-1000","214","-30"
"9482","599616134609619968","-1004","213","-33"
"9483","599616134614498560","-1008","215","-35"
"9484","599616134619377280","-1018","215","-40"
"9485","599616134624255872","-1017","215","-44"
"9486","599616134629134592","-1016","217","-43"
"9487","599616134634013184","-1014","220","-49"
"9488","599616134638891776","-1011","221","-53"
"9489","599616134643770496","-1011","225","-54"
"9490","599616134648649088","-1006","229","-55"
"9491","599616134653527680","-1000","233","-59"
"9492","599616134658406400","-997","237","-55"
"9493","599616134663284992","-995","244","-53"
"9494","599616134668163712","-994","249","-54"
"9495","599616134673042304","-994","250","-50"
"9496","599616134677920896","-993","254","-49"
"9497","599616134682799616","-992","259","-54"
"9498","599616134687678208","-992","262","-52"
"9499","599616134692556928","-991","265","-54"
"9500","599616134697435520","-990","262","-60"
"9501","599616134702314112","-990","265","-56"
"9502","599616134707192832","-990","262","-55"
"9503","599616134712071424","-990","266","-54"
"9504","599616134716950178","-990","267","-43"
"9505","599616134721830528","-987","266","-45"
"9506","599616134726710912","-990","267","-44"
"9507","599616134731591168","-991","267","-44"
"9508","599616134736471552","-991","265","-40"
"9509","599616134741351936","-992","261","-42"
"9510","599616134746232192","-992","256","-41"
"9511","599616134751112576","-992","253","-43"
"9512","599616134755992832","-992","250","-41"
"9513","599616134760873216","-992","246","-35"
"9514","599616134765753600","-993","244","-31"
"9515","599616134770633856","-993","244","-29"
"9516","599616134775514240","-994","245","-31"
"9517","599616134780394624","-994","242","-28"
"9518","599616134785274880","-995","241","-29"
"9519","599616134790155264","-996","244","-30"
"9520","599616134795035520","-996","242","-32"
"9521","599616134799915904","-995","243","-32"
"9522","599616134804796288","-995","241","-32"
"9523","599616134809676544","-994","244","-31"
"9524","599616134814556928","-994","240","-29"
"9525","599616134819437312","-994","239","-33"
"9526","599616134824317568","-994","240","-32"
"9527","599616134829197952","-993","238","-37"
"9528","599616134834078208","-993","240","-41"
"9529","599616134838958592","-993","241","-41"
"9530","599616134843838976","-993","239","-43"
"9531","599616134848719232","-992","239","-45"
"9532","599616134853599616","-992","243","-47"
"9533","599616134858480000","-992","238","-47"
"9534","599616134863360256","-991","242","-47"
"9535","599616134868240640","-991","241","-46"
"9536","599616134873120896","-990","243","-48"
"9537","599616134878001280","-989","244","-48"
"9538","599616134882881664","-990","247","-49"
"9539","599616134887761920","-986","250","-44"
"9540","599616134892642288","-986","248","-43"
"9541","599616134897522688","-985","250","-40"
"9542","599616134902403072","-987","252","-42"
"9543","599616134907283328","-989","252","-35"
"9544","599616134912163712","-991","253","-32"
"9545","599616134917044096","-991","254","-28"
"9546","599616134921924352","-992","252","-29"
"9547","599616134926804736","-990","246","-28"
"9548","599616134931684992","-991","247","-31"
"9549","599616134936565376","-991","245","-32"
"9550","599616134941445760","-992","243","-34"
"9551","599616134946326016","-991","240","-35"
"9552","599616134951206400","-991","237","-38"
"9553","599616134956086784","-990","235","-46"
"9554","599616134960967040","-992","238","-53"
"9555","599616134965847424","-992","239","-58"
"9556","599616134970727680","-994","240","-60"
"9557","599616134975608064","-994","240","-59"
"9558","599616134980488448","-993","246","-50"
"9559","599616134985368704","-992","249","-45"
"9560","599616134990249088","-989","253","-41"
"9561","599616134995129472","-977","249","-37"
"9562","599616135000009728","-961","242","-29"
"9563","599616135004890112","-957","238","-30"
"9564","599616135009770496","-975","233","-48"
"9565","599616135014650752","-989","234","-62"
"9566","599616135019531136","-993","223","-83"
"9567","599616135024411392","-1006","225","-92"
"9568","599616135029291776","-1023","228","-114"
"9569","599616135034172160","-1028","229","-105"
"9570","599616135039052416","-1006","224","-74"
"9571","599616135043932800","-999","226","-70"
"9572","599616135048813184","-994","229","-56"
"9573","599616135053693440","-993","228","-48"
"9574","599616135058573824","-993","230","-59"
"9575","599616135063454080","-995","234","-89"
"9576","599616135068334414","-995","230","-89"
"9577","599616135073213952","-997","227","-88"
"9578","599616135078093440","-995","223","-94"
"9579","599616135082972928","-995","220","-91"
"9580","599616135087852416","-994","223","-93"
"9581","599616135092731904","-995","222","-93"
"9582","599616135097611392","-994","226","-92"
"9583","599616135102490880","-993","226","-75"
"9584","599616135107370368","-992","229","-74"
"9585","599616135112249856","-991","233","-69"
"9586","599616135117129344","-991","230","-65"
"9587","599616135122008832","-992","229","-59"
"9588","599616135126888320","-992","226","-53"
"9589","599616135131767808","-993","226","-57"
"9590","599616135136647296","-995","222","-57"
"9591","599616135141526784","-993","218","-60"
"9592","599616135146406272","-996","216","-58"
"9593","599616135151285760","-1001","216","-55"
"9594","599616135156165248","-1003","216","-54"
"9595","599616135161044736","-1006","215","-51"
"9596","599616135165924224","-1010","215","-52"
"9597","599616135170803712","-1007","218","-60"
"9598","599616135175683200","-1005","217","-66"
"9599","599616135180562688","-1005","216","-73"
"9600","599616135185442176","-1001","217","-69"
"9601","599616135190321664","-995","218","-73"
"9602","599616135195201152","-994","216","-70"
"9603","599616135200080640","-993","217","-75"
"9604","599616135204960128","-992","220","-73"
"9605","599616135209839616","-992","220","-84"
"9606","599616135214719104","-992","217","-80"
"9607","599616135219598592","-993","220","-80"
"9608","599616135224478080","-993","220","-84"
"9609","599616135229357568","-993","226","-82"
"9610","599616135234237056","-993","227","-80"
"9611","599616135239116544","-993","227","-81"
"9612","599616135243996048","-993","227","-85"
"9613","599616135248874624","-994","225","-87"
"9614","599616135253753216","-993","224","-82"
"9615","599616135258631936","-994","223","-88"
"9616","599616135263510528","-996","223","-95"
"9617","599616135268389248","-997","223","-99"
"9618","599616135273267840","-999","221","-99"
"9619","599616135278146432","-996","220","-96"
"9620","599616135283025152","-997","215","-92"
"9621","599616135287903744","-996","214","-96"
"9622","599616135292782336","-997","213","-100"
"9623","599616135297661056","-997","212","-105"
"9624","599616135302539648","-997","211","-109"
"9625","599616135307418368","-997","210","-112"
"9626","599616135312296960","-998","211","-114"
"9627","599616135317175552","-998","211","-120"
"9628","599616135322054272","-999","209","-121"
"9629","599616135326932864","-1004","209","-125"
"9630","599616135331811584","-1006","208","-126"
"9631","599616135336690176","-1003","207","-122"
"9632","599616135341568768","-1005","208","-124"
"9633","599616135346447488","-1007","206","-128"
"9634","599616135351326080","-1003","206","-130"
"9635","599616135356204672","-1002","206","-129"
"9636","599616135361083392","-1000","204","-132"
"9637","599616135365961984","-1000","204","-136"
"9638","599616135370840704","-999","202","-130"
"9639","599616135375719296","-997","201","-134"
"9640","599616135380597888","-997","198","-134"
"9641","599616135385476608","-999","201","-133"
"9642","599616135390355200","-1002","203","-133"
"9643","599616135395233920","-999","202","-131"
"9644","599616135400112512","-998","205","-133"
"9645","599616135404991104","-995","208","-131"
"9646","599616135409869824","-996","208","-130"
"9647","599616135414748416","-998","211","-123"
"9648","599616135419627128","-998","212","-124"
"9649","599616135424504960","-999","212","-128"
"9650","599616135429382784","-997","213","-125"
"9651","599616135434260608","-995","213","-128"
"9652","599616135439138304","-994","214","-130"
"9653","599616135444016128","-994","213","-136"
"9654","599616135448893952","-994","212","-142"
"9655","599616135453771776","-996","213","-137"
"9656","599616135458649472","-994","212","-138"
"9657","599616135463527296","-996","211","-133"
"9658","599616135468405120","-994","212","-132"
"9659","599616135473282944","-994","212","-132"
"9660","599616135478160640","-994","212","-133"
"9661","599616135483038464","-992","211","-128"
"9662","599616135487916288","-993","211","-129"
"9663","599616135492794112","-992","210","-129"
"9664","599616135497671808","-993","210","-134"
"9665","599616135502549632","-994","207","-138"
"9666","599616135507427456","-997","206","-145"
"9667","599616135512305280","-1003","205","-142"
"9668","599616135517182976","-1002","206","-139"
"9669","599616135522060800","-997","207","-131"
"9670","599616135526938624","-995","207","-125"
"9671","599616135531816448","-995","207","-123"
"9672","599616135536694144","-994","208","-117"
"9673","599616135541571968","-995","210","-119"
"9674","599616135546449792","-999","212","-122"
"9675","599616135551327616","-999","213","-122"
"9676","599616135556205440","-999","213","-129"
"9677","599616135561083136","-1007","214","-137"
"9678","599616135565960960","-1023","214","-151"
"9679","599616135570838784","-1016","212","-152"
"9680","599616135575716608","-998","212","-137"
"9681","599616135580594304","-993","211","-130"
"9682","599616135585472128","-992","209","-115"
"9683","599616135590349952","-992","210","-101"
"9684","599616135595227690","-993","208","-114"
"9685","599616135600107136","-991","203","-124"
"9686","599616135604986624","-996","205","-132"
"9687","599616135609866112","-995","201","-133"
"9688","599616135614745600","-994","196","-132"
"9689","599616135619625088","-996","189","-136"
"9690","599616135624504576","-997","188","-137"
"9691","599616135629384064","-998","195","-142"
"9692","599616135634263552","-996","196","-136"
"9693","599616135639143040","-994","202","-134"
"9694","599616135644022528","-992","206","-127"
"9695","599616135648902016","-990","210","-117"
"9696","599616135653781504","-990","211","-100"
"9697","599616135658660992","-991","211","-86"
"9698","599616135663540480","-992","211","-79"
"9699","599616135668419968","-993","212","-71"
"9700","599616135673299456","-996","211","-70"
"9701","599616135678178944","-1003","209","-63"
"9702","599616135683058432","-1006","208","-68"
"9703","599616135687937920","-1011","207","-74"
"9704","599616135692817408","-1013","202","-87"
"9705","599616135697696896","-1015","204","-97"
"9706","599616135702576384","-1013","201","-106"
"9707","599616135707455872","-1011","203","-115"
"9708","599616135712335360","-1007","205","-118"
"9709","599616135717214848","-1000","204","-117"
"9710","599616135722094336","-998","206","-123"
"9711","599616135726973824","-997","207","-125"
"9712","599616135731853312","-995","207","-123"
"9713","599616135736732800","-995","208","-122"
"9714","599616135741612288","-995","205","-117"
"9715","599616135746491776","-994","205","-107"
"9716","599616135751371264","-992","203","-108"
"9717","599616135756250752","-993","201","-120"
"9718","599616135761130240","-994","202","-117"
"9719","599616135766009728","-993","200","-119"
"9720","599616135770889318","-993","198","-120"
"9721","599616135775768832","-996","188","-120"
"9722","599616135780648320","-994","188","-126"
"9723","599616135785527808","-996","186","-118"
"9724","599616135790407296","-995","185","-106"
"9725","599616135795286784","-994","190","-106"
"9726","599616135800166272","-994","194","-115"
"9727","599616135805045760","-995","192","-120"
"9728","599616135809925248","-996","190","-122"
"9729","599616135814804736","-994","189","-118"
"9730","599616135819684224","-994","186","-114"
"9731","599616135824563712","-994","181","-109"
"9732","599616135829443200","-994","174","-113"
"9733","599616135834322688","-994","172","-114"
"9734","599616135839202176","-996","168","-116"
"9735","599616135844081664","-995","169","-116"
"9736","599616135848961152","-996","164","-121"
"9737","599616135853840640","-997","163","-124"
"9738","599616135858720128","-999","158","-126"
"9739","599616135863599616","-1000","157","-126"
"9740","599616135868479104","-1003","153","-129"
"9741","599616135873358592","-1001","149","-132"
"9742","599616135878238080","-1003","138","-133"
"9743","599616135883117568","-1005","139","-132"
"9744","599616135887997056","-1006","127","-132"
"9745","599616135892876544","-1010","117","-129"
"9746","599616135897756032","-1006","121","-128"
"9747","599616135902635520","-1009","113","-131"
"9748","599616135907515008","-1004","118","-131"
"9749","599616135912394496","-1003","111","-133"
"9750","599616135917273984","-1003","114","-134"
"9751","599616135922153472","-1001","114","-130"
"9752","599616135927032960","-1001","119","-134"
"9753","599616135931912448","-999","121","-132"
"9754","599616135936791936","-999","130","-133"
"9755","599616135941671424","-1000","130","-129"
"9756","599616135946550926","-998","139","-131"
"9757","599616135951427840","-1002","140","-124"
"9758","599616135956304768","-995","142","-123"
"9759","599616135961181696","-994","147","-126"
"9760","599616135966058624","-993","152","-121"
"9761","599616135970935680","-993","152","-122"
"9762","599616135975812608","-993","159","-119"
"9763","599616135980689536","-993","157","-114"
"9764","599616135985566464","-993","165","-118"
"9765","599616135990443392","-992","173","-116"
"9766","599616135995320320","-992","173","-116"
"9767","599616136000197248","-992","180","-108"
"9768","599616136005074176","-992","188","-106"
"9769","599616136009951232","-992","192","-104"
"9770","599616136014828160","-991","197","-101"
"9771","599616136019705088","-991","200","-106"
"9772","599616136024582016","-991","198","-106"
"9773","599616136029458944","-992","196","-108"
"9774","599616136034335872","-992","196","-103"
"9775","599616136039212800","-993","193","-95"
"9776","599616136044089856","-994","194","-84"
"9777","599616136048966784","-995","192","-84"
"9778","599616136053843712","-1000","196","-81"
"9779","599616136058720640","-1002","199","-77"
"9780","599616136063597568","-1003","202","-83"
"9781","599616136068474496","-1005","203","-80"
"9782","599616136073351424","-1002","203","-73"
"9783","599616136078228352","-1000","204","-68"
"9784","599616136083105408","-1000","199","-61"
"9785","599616136087982336","-1007","201","-64"
"9786","599616136092859264","-1011","197","-65"
"9787","599616136097736192","-1015","197","-72"
"9788","599616136102613120","-1023","196","-73"
"9789","599616136107490048","-1030","190","-86"
"9790","599616136112366976","-1024","179","-89"
"9791","599616136117244032","-1010","169","-75"
"9792","599616136122120950","-998","160","-66"
"9793","599616136126998784","-995","151","-54"
"9794","599616136131876608","-994","142","-41"
"9795","599616136136754432","-997","119","-40"
"9796","599616136141632128","-1009","103","-53"
"9797","599616136146509952","-1022","94","-74"
"9798","599616136151387776","-1013","89","-77"
"9799","599616136156265600","-1002","84","-83"
"9800","599616136161143296","-997","78","-75"
"9801","599616136166021120","-996","69","-75"
"9802","599616136170898944","-999","62","-81"
"9803","599616136175776768","-998","64","-83"
"9804","599616136180654464","-1000","67","-82"
"9805","599616136185532288","-996","67","-79"
"9806","599616136190410112","-993","66","-70"
"9807","599616136195287936","-992","49","-67"
"9808","599616136200165632","-994","44","-68"
"9809","599616136205043456","-993","36","-61"
"9810","599616136209921280","-998","26","-63"
"9811","599616136214799104","-1001","18","-70"
"9812","599616136219676928","-1003","13","-81"
"9813","599616136224554624","-1003","4","-89"
"9814","599616136229432448","-1001","-5","-101"
"9815","599616136234310272","-1000","-12","-108"
"9816","599616136239188096","-1000","-16","-107"
"9817","599616136244065792","-997","-19","-117"
"9818","599616136248943616","-997","-23","-120"
"9819","599616136253821440","-1000","-25","-126"
"9820","599616136258699264","-1001","-28","-127"
"9821","599616136263576960","-1000","-30","-131"
"9822","599616136268454784","-1000","-34","-130"
"9823","599616136273332608","-999","-38","-125"
"9824","599616136278210432","-999","-40","-122"
"9825","599616136283088128","-996","-44","-115"
"9826","599616136287965952","-998","-44","-113"
"9827","599616136292843776","-1000","-45","-105"
"9828","599616136297721532","-1004","-41","-94"
"9829","599616136302600960","-1009","-42","-86"
"9830","599616136307480448","-1007","-38","-90"
"9831","599616136312359936","-1006","-38","-88"
"9832","599616136317239424","-1002","-35","-92"
"9833","599616136322118912","-999","-34","-96"
"9834","599616136326998400","-1000","-32","-89"
"9835","599616136331877888","-994","-28","-82"
"9836","599616136336757376","-993","-24","-84"
"9837","599616136341636864","-993","-23","-81"
"9838","599616136346516352","-993","-21","-80"
"9839","599616136351395840","-992","-18","-78"
"9840","599616136356275328","-990","-12","-71"
"9841","599616136361154816","-990","-9","-63"
"9842","599616136366034304","-990","-7","-55"
"9843","599616136370913792","-990","-4","-54"
"9844","599616136375793280","-991","0","-45"
"9845","599616136380672768","-991","2","-43"
"9846","599616136385552256","-991","9","-39"
"9847","599616136390431744","-991","12","-38"
"9848","599616136395311232","-992","18","-34"
"9849","599616136400190720","-992","15","-33"
"9850","599616136405070208","-993","21","-27"
"9851","599616136409949696","-993","22","-23"
"9852","599616136414829184","-994","25","-19"
"9853","599616136419708672","-995","29","-19"
"9854","599616136424588160","-997","29","-22"
"9855","599616136429467648","-1000","30","-26"
"9856","599616136434347136","-1006","33","-26"
"9857","599616136439226624","-1018","31","-27"
"9858","599616136444106112","-1028","31","-29"
"9859","599616136448985600","-1034","37","-28"
"9860","599616136453865088","-1039","38","-26"
"9861","599616136458744576","-1043","43","-25"
"9862","599616136463624064","-1040","47","-26"
"9863","599616136468503552","-1040","49","-28"
"9864","599616136473383160","-1037","53","-29"
"9865","599616136478260096","-1035","49","-28"
"9866","599616136483137024","-1024","50","-32"
"9867","599616136488013952","-1020","59","-31"
"9868","599616136492890880","-1018","59","-31"
"9869","599616136497767936","-1019","63","-35"
"9870","599616136502644864","-1018","72","-33"
"9871","599616136507521792","-1014","69","-38"
"9872","599616136512398720","-1007","72","-44"
"9873","599616136517275648","-1000","76","-46"
"9874","599616136522152576","-997","83","-53"
"9875","599616136527029504","-994","83","-54"
"9876","599616136531906432","-994","84","-47"
"9877","599616136536783488","-992","86","-44"
"9878","599616136541660416","-993","83","-41"
"9879","599616136546537344","-992","87","-39"
"9880","599616136551414272","-992","87","-42"
"9881","599616136556291200","-991","87","-43"
"9882","599616136561168128","-992","87","-45"
"9883","599616136566045056","-992","88","-46"
"9884","599616136570922112","-993","86","-42"
"9885","599616136575799040","-993","88","-50"
"9886","599616136580675968","-993","88","-48"
"9887","599616136585552896","-994","88","-51"
"9888","599616136590429824","-994","87","-53"
"9889","599616136595306752","-994","87","-58"
"9890","599616136600183680","-994","86","-64"
"9891","599616136605060608","-996","87","-65"
"9892","599616136609937664","-995","86","-60"
"9893","599616136614814592","-993","85","-58"
"9894","599616136619691520","-993","83","-54"
"9895","599616136624568448","-994","82","-52"
"9896","599616136629445376","-997","85","-56"
"9897","599616136634322304","-1003","85","-59"
"9898","599616136639199232","-1014","85","-61"
"9899","599616136644076288","-1024","87","-70"
"9900","599616136648953184","-1040","87","-97"
"9901","599616136653830144","-1031","88","-93"
"9902","599616136658707072","-1007","86","-85"
"9903","599616136663584000","-994","87","-67"
"9904","599616136668460928","-991","86","-44"
"9905","599616136673337984","-986","86","-33"
"9906","599616136678214912","-991","86","-38"
"9907","599616136683091840","-996","85","-52"
"9908","599616136687968768","-1006","86","-69"
"9909","599616136692845696","-1013","84","-89"
"9910","599616136697722624","-1010","81","-106"
"9911","599616136702599552","-1002","78","-115"
"9912","599616136707476608","-1000","74","-119"
"9913","599616136712353536","-998","80","-117"
"9914","599616136717230464","-999","83","-114"
"9915","599616136722107392","-996","85","-109"
"9916","599616136726984320","-993","88","-91"
"9917","599616136731861248","-993","89","-75"
"9918","599616136736738176","-992","90","-67"
"9919","599616136741615232","-993","92","-64"
"9920","599616136746492160","-996","90","-66"
"9921","599616136751369088","-1005","91","-67"
"9922","599616136756246016","-1014","89","-70"
"9923","599616136761122944","-1024","89","-75"
"9924","599616136765999872","-1032","88","-79"
"9925","599616136770876800","-1039","87","-83"
"9926","599616136775753856","-1037","86","-85"
"9927","599616136780630784","-1034","86","-78"
"9928","599616136785507712","-1029","85","-85"
"9929","599616136790384640","-1028","86","-80"
"9930","599616136795261568","-1022","85","-80"
"9931","599616136800138496","-1017","87","-81"
"9932","599616136805015424","-1011","85","-85"
"9933","599616136809892352","-1009","84","-96"
"9934","599616136814769408","-1010","85","-100"
"9935","599616136819646336","-1008","84","-107"
"9936","599616136824523238","-1011","84","-111"
"9937","599616136829402752","-1006","81","-110"
"9938","599616136834282240","-1005","83","-111"
"9939","599616136839161728","-1004","82","-104"
"9940","599616136844041216","-1004","79","-106"
"9941","599616136848920704","-1004","78","-103"
"9942","599616136853800192","-1006","73","-112"
"9943","599616136858679680","-1008","67","-112"
"9944","599616136863559168","-1004","62","-115"
"9945","599616136868438656","-1004","52","-108"
"9946","599616136873318144","-1002","49","-116"
"9947","599616136878197632","-1003","46","-123"
"9948","599616136883077120","-1007","41","-128"
"9949","599616136887956608","-1002","35","-127"
"9950","599616136892836096","-997","35","-126"
"9951","599616136897715584","-996","27","-125"
"9952","599616136902595072","-994","22","-120"
"9953","599616136907474560","-993","21","-117"
"9954","599616136912354048","-994","22","-114"
"9955","599616136917233536","-993","16","-109"
"9956","599616136922113024","-993","13","-95"
"9957","599616136926992512","-991","10","-86"
"9958","599616136931872000","-990","2","-79"
"9959","599616136936751488","-983","-3","-78"
"9960","599616136941630976","-984","-9","-74"
"9961","599616136946510464","-987","-13","-70"
"9962","599616136951389952","-991","-15","-68"
"9963","599616136956269440","-995","-14","-65"
"9964","599616136961148928","-1012","-7","-68"
"9965","599616136966028416","-1042","14","-72"
"9966","599616136970907904","-1070","39","-91"
"9967","599616136975787392","-1094","69","-111"
"9968","599616136980666880","-1101","84","-118"
"9969","599616136985546368","-1103","96","-130"
"9970","599616136990425984","-1096","115","-134"
"9971","599616136995305472","-1092","144","-135"
"9972","599616137000184876","-1088","161","-135"
"9973","599616137005060096","-1077","168","-133"
"9974","599616137009935360","-1075","169","-128"
"9975","599616137014810624","-1064","166","-122"
"9976","599616137019685888","-1062","159","-121"
"9977","599616137024561152","-1053","148","-129"
"9978","599616137029436288","-1054","140","-131"
"9979","599616137034311552","-1053","126","-136"
"9980","599616137039186816","-1050","121","-136"
"9981","599616137044062080","-1047","117","-136"
"9982","599616137048937344","-1036","108","-136"
"9983","599616137053812608","-1033","102","-134"
"9984","599616137058687872","-1025","97","-132"
"9985","599616137063563136","-1020","90","-128"
"9986","599616137068438400","-1012","87","-130"
"9987","599616137073313536","-1015","83","-127"
"9988","599616137078188800","-1011","78","-126"
"9989","599616137083064064","-1006","71","-121"
"9990","599616137087939328","-1004","60","-120"
"9991","599616137092814592","-1000","45","-121"
"9992","599616137097689856","-997","37","-121"
"9993","599616137102565120","-994","29","-124"
"9994","599616137107440384","-992","25","-123"
"9995","599616137112315648","-991","17","-115"
"9996","599616137117190912","-989","13","-110"
"9997","599616137122066048","-988","7","-99"
"9998","599616137126941312","-990","6","-87"
"9999","599616137131816576","-992","6","-82"
"10000","599616137136691840","-993","8","-76"
"10001","599616137141567104","-994","7","-73"
"10002","599616137146442368","-994","6","-63"
"10003","599616137151317632","-993","1","-60"
"10004","599616137156192896","-993","1","-54"
"10005","599616137161068160","-997","4","-59"
"10006","599616137165943296","-1001","4","-60"
"10007","599616137170818560","-1010","8","-65"
"10008","599616137175693880","-1022","14","-67"
"10009","599616137180569984","-1033","17","-76"
"10010","599616137185446144","-1029","21","-82"
"10011","599616137190322176","-1010","22","-67"
"10012","599616137195198336","-996","29","-60"
"10013","599616137200074368","-992","35","-49"
"10014","599616137204950528","-988","41","-36"
"10015","599616137209826560","-989","50","-27"
"10016","599616137214702720","-993","64","-33"
"10017","599616137219578752","-1002","72","-49"
"10018","599616137224454912","-1014","77","-65"
"10019","599616137229330944","-1013","71","-71"
"10020","599616137234207104","-1007","66","-78"
"10021","599616137239083136","-998","66","-81"
"10022","599616137243959296","-998","66","-74"
"10023","599616137248835328","-995","72","-63"
"10024","599616137253711488","-994","78","-50"
"10025","599616137258587520","-992","81","-38"
"10026","599616137263463680","-991","83","-27"
"10027","599616137268339712","-991","85","-19"
"10028","599616137273215872","-991","80","-15"
"10029","599616137278091904","-993","75","-13"
"10030","599616137282968064","-995","70","-13"
"10031","599616137287844096","-1002","64","-17"
"10032","599616137292720256","-1014","62","-21"
"10033","599616137297596288","-1018","56","-25"
"10034","599616137302472448","-1024","60","-27"
"10035","599616137307348608","-1024","60","-32"
"10036","599616137312224640","-1027","66","-32"
"10037","599616137317100800","-1028","66","-40"
"10038","599616137321976832","-1019","68","-49"
"10039","599616137326852992","-1014","72","-51"
"10040","599616137331729024","-1005","72","-51"
"10041","599616137336605184","-997","69","-52"
"10042","599616137341481216","-995","61","-51"
"10043","599616137346357376","-993","60","-51"
"10044","599616137351233426","-992","52","-49"
"10045","599616137356107776","-992","42","-53"
"10046","599616137360982144","-991","41","-46"
"10047","599616137365856640","-991","40","-43"
"10048","599616137370731008","-992","44","-41"
"10049","599616137375605376","-992","47","-42"
"10050","599616137380479744","-992","47","-36"
"10051","599616137385354240","-993","47","-34"
"10052","599616137390228608","-995","53","-32"
"10053","599616137395102976","-1000","49","-36"
"10054","599616137399977344","-1005","56","-34"
"10055","599616137404851840","-1002","58","-35"
"10056","599616137409726208","-1000","57","-33"
"10057","599616137414600576","-1001","59","-36"
"10058","599616137419474944","-1000","63","-37"
"10059","599616137424349440","-1004","56","-39"
"10060","599616137429223808","-1006","61","-37"
"10061","599616137434098176","-1007","58","-37"
"10062","599616137438972672","-1011","57","-32"
"10063","599616137443847040","-1012","58","-29"
"10064","599616137448721408","-1011","62","-25"
"10065","599616137453595776","-1013","62","-22"
"10066","599616137458470272","-1009","64","-18"
"10067","599616137463344640","-1009","70","-16"
"10068","599616137468219008","-1011","70","-14"
"10069","599616137473093376","-1009","74","-13"
"10070","599616137477967872","-1009","69","-15"
"10071","599616137482842240","-1012","73","-15"
"10072","599616137487716608","-1017","74","-16"
"10073","599616137492590976","-1022","80","-17"
"10074","599616137497465472","-1024","80","-14"
"10075","599616137502339840","-1023","84","-14"
"10076","599616137507214208","-1032","83","-12"
"10077","599616137512088704","-1032","83","-12"
"10078","599616137516963072","-1031","83","-12"
"10079","599616137521837440","-1031","84","-13"
"10080","599616137526711906","-1031","83","-11"
"10081","599616137531587200","-1029","81","-7"
"10082","599616137536462464","-1027","82","-10"
"10083","599616137541337728","-1026","81","-13"
"10084","599616137546212992","-1024","77","-15"
"10085","599616137551088256","-1019","76","-15"
"10086","599616137555963392","-1014","76","-17"
"10087","599616137560838656","-1013","74","-18"
"10088","599616137565713920","-1010","73","-18"
"10089","599616137570589184","-1010","75","-17"
"10090","599616137575464448","-1011","74","-17"
"10091","599616137580339712","-1008","73","-15"
"10092","599616137585214976","-1005","76","-16"
"10093","599616137590090240","-1004","73","-12"
"10094","599616137594965504","-1004","78","-13"
"10095","599616137599840768","-1002","76","-13"
"10096","599616137604715904","-1003","77","-14"
"10097","599616137609591168","-1002","74","-14"
"10098","599616137614466432","-999","74","-15"
"10099","599616137619341696","-998","75","-15"
"10100","599616137624216960","-998","72","-15"
"10101","599616137629092224","-996","74","-18"
"10102","599616137633967488","-998","73","-18"
"10103","599616137638842752","-998","73","-17"
"10104","599616137643718016","-998","71","-18"
"10105","599616137648593280","-996","70","-15"
"10106","599616137653468416","-995","71","-15"
"10107","599616137658343680","-994","69","-15"
"10108","599616137663218944","-994","71","-17"
"10109","599616137668094208","-995","64","-17"
"10110","599616137672969472","-995","63","-14"
"10111","599616137677844736","-996","60","-11"
"10112","599616137682720000","-993","59","-5"
"10113","599616137687595264","-995","58","-4"
"10114","599616137692470528","-998","61","-8"
"10115","599616137697345664","-1006","61","-11"
"10116","599616137702220934","-1017","63","-14"
"10117","599616137707097856","-1029","67","-17"
"10118","599616137711974784","-1035","68","-19"
"10119","599616137716851712","-1029","67","-19"
"10120","599616137721728640","-1017","69","-10"
"10121","599616137726605696","-1006","72","-8"
"10122","599616137731482624","-998","72","-6"
"10123","599616137736359552","-993","72","11"
"10124","599616137741236480","-993","75","23"
"10125","599616137746113408","-995","74","6"
"10126","599616137750990336","-1004","74","-11"
"10127","599616137755867264","-1010","68","-15"
"10128","599616137760744320","-1008","57","-16"
"10129","599616137765621248","-1008","55","-16"
"10130","599616137770498176","-1001","46","-13"
"10131","599616137775375104","-997","54","-5"
"10132","599616137780252032","-995","51","0"
"10133","599616137785128960","-993","57","1"
"10134","599616137790005888","-993","63","6"
"10135","599616137794882816","-990","67","10"
"10136","599616137799759872","-986","67","14"
"10137","599616137804636800","-982","63","16"
"10138","599616137809513728","-975","55","21"
"10139","599616137814390656","-974","52","24"
"10140","599616137819267584","-975","37","23"
"10141","599616137824144512","-979","33","22"
"10142","599616137829021440","-986","24","13"
"10143","599616137833898496","-987","15","11"
"10144","599616137838775424","-990","11","2"
"10145","599616137843652352","-991","6","-1"
"10146","599616137848529280","-993","5","-9"
"10147","599616137853406208","-997","11","-13"
"10148","599616137858283136","-1005","8","-15"
"10149","599616137863160064","-1016","13","-16"
"10150","599616137868037120","-1034","24","-13"
"10151","599616137872914048","-1046","30","-8"
"10152","599616137877790972","-1057","42","-6"
"10153","599616137882671360","-1078","51","1"
"10154","599616137887551744","-1088","74","11"
"10155","599616137892432000","-1092","85","17"
"10156","599616137897312384","-1092","89","28"
"10157","599616137902192768","-1085","107","37"
"10158","599616137907073024","-1076","128","45"
"10159","599616137911953408","-1065","148","52"
"10160","599616137916833664","-1060","165","67"
"10161","599616137921714048","-1059","175","69"
"10162","599616137926594432","-1059","187","69"
"10163","599616137931474688","-1054","202","63"
"10164","599616137936355072","-1048","207","62"
"10165","599616137941235456","-1051","209","63"
"10166","599616137946115712","-1047","209","56"
"10167","599616137950996096","-1042","208","49"
"10168","599616137955876352","-1027","207","49"
"10169","599616137960756736","-1017","198","43"
"10170","599616137965637120","-1001","185","40"
"10171","599616137970517376","-994","178","43"
"10172","599616137975397760","-992","167","42"
"10173","599616137980278144","-984","152","52"
"10174","599616137985158400","-973","148","50"
"10175","599616137990038784","-959","144","62"
"10176","599616137994919168","-948","137","74"
"10177","599616137999799424","-943","137","87"
"10178","599616138004679808","-938","140","95"
"10179","599616138009560064","-944","140","102"
"10180","599616138014440448","-954","146","101"
"10181","599616138019320832","-967","143","103"
"10182","599616138024201088","-982","146","102"
"10183","599616138029081472","-991","135","100"
"10184","599616138033961856","-994","129","102"
"10185","599616138038842112","-997","120","99"
"10186","599616138043722496","-1007","108","98"
"10187","599616138048602880","-1014","100","99"
"10188","599616138053483102","-1025","99","100"
"10189","599616138058361728","-1030","93","98"
"10190","599616138063240320","-1037","92","98"
"10191","599616138068119040","-1041","93","98"
"10192","599616138072997632","-1039","92","98"
"10193","599616138077876352","-1037","88","101"
"10194","599616138082754944","-1036","91","98"
"10195","599616138087633536","-1032","89","99"
"10196","599616138092512256","-1028","88","97"
"10197","599616138097390848","-1023","87","97"
"10198","599616138102269568","-1018","88","99"
"10199","599616138107148160","-1013","88","98"
"10200","599616138112026752","-1010","87","101"
"10201","599616138116905472","-1005","88","99"
"10202","599616138121784064","-1005","86","100"
"10203","599616138126662656","-1005","87","93"
"10204","599616138131541376","-1008","86","85"
"10205","599616138136419968","-1003","84","76"
"10206","599616138141298688","-997","82","62"
"10207","599616138146177280","-999","75","57"
"10208","599616138151055872","-996","75","59"
"10209","599616138155934592","-996","68","55"
"10210","599616138160813184","-994","69","47"
"10211","599616138165691904","-995","74","46"
"10212","599616138170570496","-994","73","48"
"10213","599616138175449088","-992","79","50"
"10214","599616138180327808","-991","82","56"
"10215","599616138185206400","-991","85","62"
"10216","599616138190085120","-990","85","63"
"10217","599616138194963712","-990","86","59"
"10218","599616138199842304","-986","87","64"
"10219","599616138204721024","-984","87","74"
"10220","599616138209599616","-982","86","83"
"10221","599616138214478208","-986","87","85"
"10222","599616138219356928","-992","89","82"
"10223","599616138224235520","-992","90","82"
"10224","599616138229114208","-994","91","85"
"10225","599616138233992064","-1001","94","89"
"10226","599616138238869888","-1003","104","82"
"10227","599616138243747712","-1000","103","86"
"10228","599616138248625408","-996","105","96"
"10229","599616138253503232","-996","110","93"
"10230","599616138258381056","-993","111","96"
"10231","599616138263258880","-992","108","101"
"10232","599616138268136576","-992","110","96"
"10233","599616138273014400","-995","107","62"
"10234","599616138277892224","-1000","100","45"
"10235","599616138282770048","-998","95","45"
"10236","599616138287647744","-1000","95","52"
"10237","599616138292525568","-999","92","72"
"10238","599616138297403392","-1002","91","83"
"10239","599616138302281216","-1002","90","89"
"10240","599616138307158912","-1005","90","95"
"10241","599616138312036736","-1001","91","99"
"10242","599616138316914560","-996","94","100"
"10243","599616138321792384","-994","95","107"
"10244","599616138326670080","-993","98","116"
"10245","599616138331547904","-993","101","115"
"10246","599616138336425728","-994","102","115"
"10247","599616138341303552","-994","101","114"
"10248","599616138346181248","-996","104","115"
"10249","599616138351059072","-995","100","112"
"10250","599616138355936896","-998","94","115"
"10251","599616138360814720","-998","93","118"
"10252","599616138365692544","-1006","89","113"
"10253","599616138370570240","-1010","89","112"
"10254","599616138375448064","-1017","88","111"
"10255","599616138380325888","-1021","87","114"
"10256","599616138385203712","-1016","86","110"
"10257","599616138390081408","-1016","87","115"
"10258","599616138394959232","-1012","86","119"
"10259","599616138399837056","-1009","87","123"
"10260","599616138404714770","-1008","86","127"
"10261","599616138409590912","-1002","92","131"
"10262","599616138414467072","-999","88","125"
"10263","599616138419343104","-996","88","128"
"10264","599616138424219264","-996","89","119"
"10265","599616138429095296","-994","91","120"
"10266","599616138433971456","-993","91","116"
"10267","599616138438847488","-992","90","122"
"10268","599616138443723648","-991","91","126"
"10269","599616138448599680","-990","91","133"
"10270","599616138453475840","-990","95","145"
"10271","599616138458351872","-991","95","145"
"10272","599616138463228032","-992","101","145"
"10273","599616138468104064","-993","107","139"
"10274","599616138472980224","-994","113","133"
"10275","599616138477856256","-993","119","125"
"10276","599616138482732416","-994","119","119"
"10277","599616138487608448","-993","120","125"
"10278","599616138492484608","-993","121","137"
"10279","599616138497360640","-992","128","142"
"10280","599616138502236800","-992","135","151"
"10281","599616138507112832","-992","134","163"
"10282","599616138511988992","-993","142","167"
"10283","599616138516865024","-993","158","167"
"10284","599616138521741184","-994","165","167"
"10285","599616138526617344","-993","173","170"
"10286","599616138531493376","-993","182","169"
"10287","599616138536369536","-992","197","168"
"10288","599616138541245568","-988","203","174"
"10289","599616138546121728","-988","209","177"
"10290","599616138550997760","-986","213","179"
"10291","599616138555873920","-986","216","175"
"10292","599616138560749952","-989","221","175"
"10293","599616138565626112","-989","224","168"
"10294","599616138570502144","-991","224","153"
"10295","599616138575378304","-992","220","145"
"10296","599616138580254322","-993","217","130"
"10297","599616138585132928","-992","213","115"
"10298","599616138590011520","-993","210","106"
"10299","599616138594890240","-992","203","103"
"10300","599616138599768832","-992","194","99"
"10301","599616138604647552","-992","180","97"
"10302","599616138609526144","-993","164","96"
"10303","599616138614404736","-992","148","96"
"10304","599616138619283456","-992","122","97"
"10305","599616138624162048","-991","108","102"
"10306","599616138629040640","-991","94","106"
"10307","599616138633919360","-991","89","106"
"10308","599616138638797952","-992","86","115"
"10309","599616138643676672","-992","84","110"
"10310","599616138648555264","-992","76","113"
"10311","599616138653433856","-992","63","106"
"10312","599616138658312576","-993","50","104"
"10313","599616138663191168","-992","31","102"
"10314","599616138668069888","-991","21","100"
"10315","599616138672948480","-990","11","99"
"10316","599616138677827072","-990","4","100"
"10317","599616138682705792","-985","-5","90"
"10318","599616138687584384","-985","-14","88"
"10319","599616138692462976","-981","-17","75"
"10320","599616138697341696","-982","-20","60"
"10321","599616138702220288","-985","-21","54"
"10322","599616138707099008","-991","-22","53"
"10323","599616138711977600","-993","-25","56"
"10324","599616138716856192","-993","-24","64"
"10325","599616138721734912","-994","-28","76"
"10326","599616138726613504","-994","-28","83"
"10327","599616138731492224","-993","-30","86"
"10328","599616138736370816","-996","-32","74"
"10329","599616138741249408","-1008","-31","44"
"10330","599616138746128128","-1026","-30","31"
"10331","599616138751006720","-1035","-29","9"
"10332","599616138755885406","-1050","-30","5"
"10333","599616138760764032","-1063","-32","2"
"10334","599616138765642624","-1061","-27","1"
"10335","599616138770521344","-1041","-26","31"
"10336","599616138775399936","-1021","-22","32"
"10337","599616138780278656","-1020","-19","20"
"10338","599616138785157248","-1022","-15","11"
"10339","599616138790035840","-1017","-4","6"
"10340","599616138794914560","-1013","1","4"
"10341","599616138799793152","-1010","7","-4"
"10342","599616138804671744","-1008","18","-6"
"10343","599616138809550464","-1010","18","-8"
"10344","599616138814429056","-1010","25","-10"
"10345","599616138819307776","-1012","34","-8"
"10346","599616138824186368","-1024","47","-6"
"10347","599616138829064960","-1028","63","-2"
"10348","599616138833943680","-1024","76","1"
"10349","599616138838822272","-1016","84","2"
"10350","599616138843700992","-1009","87","7"
"10351","599616138848579584","-1004","91","11"
"10352","599616138853458176","-1005","94","14"
"10353","599616138858336896","-1005","99","17"
"10354","599616138863215488","-1008","99","15"
"10355","599616138868094080","-1008","99","11"
"10356","599616138872972800","-1006","97","4"
"10357","599616138877851392","-1006","95","-2"
"10358","599616138882730112","-1006","91","-3"
"10359","599616138887608704","-1010","90","-3"
"10360","599616138892487296","-1016","86","-6"
"10361","599616138897366016","-1012","81","-8"
"10362","599616138902244608","-1015","79","-11"
"10363","599616138907123328","-1013","59","-13"
"10364","599616138912001920","-1014","40","-14"
"10365","599616138916880512","-1018","25","-18"
"10366","599616138921759232","-1022","19","-20"
"10367","599616138926637824","-1025","10","-23"
"10368","599616138931516496","-1026","1","-22"
"10369","599616138936395136","-1034","-8","-17"
"10370","599616138941273728","-1029","-6","-18"
"10371","599616138946152448","-1031","-4","-14"
"10372","599616138951031040","-1028","-3","-8"
"10373","599616138955909760","-1029","2","-2"
"10374","599616138960788352","-1032","5","4"
"10375","599616138965666944","-1034","10","15"
"10376","599616138970545664","-1039","15","14"
"10377","599616138975424256","-1046","26","10"
"10378","599616138980302848","-1046","33","7"
"10379","599616138985181568","-1040","45","3"
"10380","599616138990060160","-1029","60","0"
"10381","599616138994938880","-1022","73","0"
"10382","599616138999817472","-1015","81","1"
"10383","599616139004696064","-1008","84","7"
"10384","599616139009574784","-1001","87","15"
"10385","599616139014453376","-1000","88","21"
"10386","599616139019332096","-997","91","26"
"10387","599616139024210688","-994","94","30"
"10388","599616139029089280","-994","93","29"
"10389","599616139033968000","-993","96","19"
"10390","599616139038846592","-993","96","19"
"10391","599616139043725184","-993","96","16"
"10392","599616139048603904","-993","94","12"
"10393","599616139053482496","-994","93","17"
"10394","599616139058361216","-997","92","20"
"10395","599616139063239808","-1002","91","24"
"10396","599616139068118400","-1006","91","29"
"10397","599616139072997120","-1007","91","31"
"10398","599616139077875712","-1010","89","33"
"10399","599616139082754432","-1013","91","37"
"10400","599616139087633024","-1012","92","25"
"10401","599616139092511616","-1014","93","27"
"10402","599616139097390336","-1014","93","30"
"10403","599616139102268928","-1013","92","34"
"10404","599616139107147586","-1021","92","38"
"10405","599616139112024576","-1022","94","36"
"10406","599616139116901504","-1020","93","36"
"10407","599616139121778432","-1020","92","36"
"10408","599616139126655360","-1017","92","41"
"10409","599616139131532416","-1014","92","38"
"10410","599616139136409344","-1016","92","34"
"10411","599616139141286272","-1015","89","31"
"10412","599616139146163200","-1013","90","27"
"10413","599616139151040128","-1010","90","20"
"10414","599616139155917056","-1005","88","16"
"10415","599616139160793984","-1000","90","15"
"10416","599616139165670912","-997","88","11"
"10417","599616139170547968","-995","87","13"
"10418","599616139175424896","-992","88","14"
"10419","599616139180301824","-992","89","17"
"10420","599616139185178752","-991","92","17"
"10421","599616139190055680","-991","93","18"
"10422","599616139194932608","-991","96","24"
"10423","599616139199809536","-991","97","28"
"10424","599616139204686592","-992","97","31"
"10425","599616139209563520","-992","108","34"
"10426","599616139214440448","-992","111","34"
"10427","599616139219317376","-994","116","34"
"10428","599616139224194304","-995","125","24"
"10429","599616139229071232","-994","128","20"
"10430","599616139233948160","-994","139","16"
"10431","599616139238825216","-995","138","17"
"10432","599616139243702144","-994","137","14"
"10433","599616139248579072","-994","135","12"
"10434","599616139253456000","-994","131","20"
"10435","599616139258332928","-992","127","32"
"10436","599616139263209856","-993","128","35"
"10437","599616139268086784","-995","129","27"
"10438","599616139272963712","-1002","127","24"
"10439","599616139277840768","-1009","126","16"
"10440","599616139282717620","-1023","137","14"
"10441","599616139287593728","-1027","124","18"
"10442","599616139292469888","-1020","116","23"
"10443","599616139297345920","-1001","105","39"
"10444","599616139302222080","-995","98","46"
"10445","599616139307098112","-994","101","46"
"10446","599616139311974272","-997","101","50"
"10447","599616139316850304","-1003","102","37"
"10448","599616139321726464","-1015","100","20"
"10449","599616139326602496","-1025","102","12"
"10450","599616139331478656","-1031","97","4"
"10451","599616139336354688","-1030","93","-2"
"10452","599616139341230848","-1030","88","-2"
"10453","599616139346106880","-1029","86","-9"
"10454","599616139350983040","-1024","85","-12"
"10455","599616139355859072","-1023","85","-13"
"10456","599616139360735232","-1010","83","-10"
"10457","599616139365611264","-1000","86","2"
"10458","599616139370487424","-993","87","13"
"10459","599616139375363456","-993","86","31"
"10460","599616139380239616","-993","88","39"
"10461","599616139385115648","-994","85","43"
"10462","599616139389991808","-997","85","43"
"10463","599616139394867968","-1002","84","33"
"10464","599616139399744000","-1012","84","27"
"10465","599616139404620160","-1012","83","26"
"10466","599616139409496192","-1014","83","24"
"10467","599616139414372352","-1012","80","21"
"10468","599616139419248384","-1012","81","17"
"10469","599616139424124544","-1010","83","16"
"10470","599616139429000576","-1006","83","14"
"10471","599616139433876736","-1000","84","11"
"10472","599616139438752768","-1000","85","18"
"10473","599616139443628928","-998","85","9"
"10474","599616139448504960","-999","85","13"
"10475","599616139453381120","-1000","87","11"
"10476","599616139458257182","-1000","87","10"
"10477","599616139463133312","-1003","86","9"
"10478","599616139468009472","-1002","89","10"
"10479","599616139472885504","-1003","86","5"
"10480","599616139477761664","-1002","86","7"
"10481","599616139482637696","-1005","87","8"
"10482","599616139487513856","-1006","85","10"
"10483","599616139492389888","-1011","85","9"
"10484","599616139497266048","-1015","84","6"
"10485","599616139502142080","-1021","85","3"
"10486","599616139507018240","-1028","83","9"
"10487","599616139511894272","-1023","82","7"
"10488","599616139516770432","-1027","82","9"
"10489","599616139521646464","-1025","84","14"
"10490","599616139526522624","-1019","84","15"
"10491","599616139531398656","-1018","84","12"
"10492","599616139536274816","-1014","85","10"
"10493","599616139541150848","-1015","83","13"
"10494","599616139546027008","-1013","86","14"
"10495","599616139550903040","-1011","88","15"
"10496","599616139555779200","-1012","87","10"
"10497","599616139560655232","-1014","88","12"
"10498","599616139565531392","-1013","91","7"
"10499","599616139570407424","-1009","90","5"
"10500","599616139575283584","-1007","92","5"
"10501","599616139580159616","-1005","93","8"
"10502","599616139585035776","-1003","94","10"
"10503","599616139589911808","-1003","95","9"
"10504","599616139594787968","-999","98","8"
"10505","599616139599664000","-1001","98","10"
"10506","599616139604540160","-1000","101","10"
"10507","599616139609416320","-1001","101","13"
"10508","599616139614292352","-1000","104","11"
"10509","599616139619168512","-1001","108","9"
"10510","599616139624044544","-1001","107","5"
"10511","599616139628920704","-1000","109","11"
"10512","599616139633796718","-1001","108","10"
"10513","599616139638673664","-1003","109","15"
"10514","599616139643550592","-1000","103","9"
"10515","599616139648427520","-999","108","11"
"10516","599616139653304448","-1002","103","9"
"10517","599616139658181504","-1001","104","9"
"10518","599616139663058432","-999","102","9"
"10519","599616139667935360","-998","100","14"
"10520","599616139672812288","-998","102","10"
"10521","599616139677689216","-1003","103","10"
"10522","599616139682566144","-1003","100","9"
"10523","599616139687443072","-1005","98","6"
"10524","599616139692320000","-1002","93","7"
"10525","599616139697197056","-1006","92","5"
"10526","599616139702073984","-1006","90","4"
"10527","599616139706950912","-1004","89","1"
"10528","599616139711827840","-1002","89","0"
"10529","599616139716704768","-1003","87","0"
"10530","599616139721581696","-1001","87","-2"
"10531","599616139726458624","-1002","86","0"
"10532","599616139731335680","-1002","85","2"
"10533","599616139736212608","-1004","86","0"
"10534","599616139741089536","-1002","85","1"
"10535","599616139745966464","-1003","86","5"
"10536","599616139750843392","-1002","86","6"
"10537","599616139755720320","-1001","88","7"
"10538","599616139760597248","-1002","88","4"
"10539","599616139765474176","-1001","89","6"
"10540","599616139770351232","-1001","90","5"
"10541","599616139775228160","-1001","90","4"
"10542","599616139780105088","-1001","91","5"
"10543","599616139784982016","-1001","93","4"
"10544","599616139789858944","-998","90","5"
"10545","599616139794735872","-995","90","5"
"10546","599616139799612800","-995","87","12"
"10547","599616139804489856","-996","88","3"
"10548","599616139809366746","-1001","86","2"
"10549","599616139814245376","-1005","88","-4"
"10550","599616139819123968","-1015","86","-6"
"10551","599616139824002688","-1025","86","-9"
"10552","599616139828881280","-1026","83","-9"
"10553","599616139833760000","-1008","80","4"
"10554","599616139838638592","-997","77","9"
"10555","599616139843517184","-998","81","14"
"10556","599616139848395904","-995","84","25"
"10557","599616139853274496","-994","85","31"
"10558","599616139858153216","-1002","87","16"
"10559","599616139863031808","-1014","87","3"
"10560","599616139867910400","-1020","87","-7"
"10561","599616139872789120","-1018","88","-12"
"10562","599616139877667712","-1011","88","-16"
"10563","599616139882546304","-1006","87","-17"
"10564","599616139887425024","-1003","88","-19"
"10565","599616139892303616","-999","91","-18"
"10566","599616139897182336","-994","95","-15"
"10567","599616139902060928","-993","97","-13"
"10568","599616139906939520","-992","103","-9"
"10569","599616139911818240","-991","105","-1"
"10570","599616139916696832","-991","100","7"
"10571","599616139921575552","-991","101","8"
"10572","599616139926454144","-993","94","3"
"10573","599616139931332736","-995","90","5"
"10574","599616139936211456","-998","87","0"
"10575","599616139941090048","-999","86","0"
"10576","599616139945968768","-1000","86","-1"
"10577","599616139950847360","-1006","81","0"
"10578","599616139955725952","-1008","80","-1"
"10579","599616139960604672","-1018","79","-1"
"10580","599616139965483264","-1020","79","-3"
"10581","599616139970361856","-1023","78","-1"
"10582","599616139975240576","-1023","77","-2"
"10583","599616139980119168","-1026","74","-3"
"10584","599616139984997856","-1023","70","-4"
"10585","599616139989873152","-1014","68","-1"
"10586","599616139994748416","-1017","66","-6"
"10587","599616139999623680","-1017","69","-2"
"10588","599616140004498944","-1018","69","-4"
"10589","599616140009374208","-1017","72","-5"
"10590","599616140014249344","-1019","67","-4"
"10591","599616140019124608","-1015","74","-3"
"10592","599616140023999872","-1010","69","-5"
"10593","599616140028875136","-1005","70","-1"
"10594","599616140033750400","-1001","70","4"
"10595","599616140038625664","-1001","72","4"
"10596","599616140043500928","-999","71","3"
"10597","599616140048376192","-998","75","6"
"10598","599616140053251456","-996","78","4"
"10599","599616140058126720","-998","76","7"
"10600","599616140063001856","-998","74","0"
"10601","599616140067877120","-998","78","3"
"10602","599616140072752384","-997","77","-1"
"10603","599616140077627648","-996","76","0"
"10604","599616140082502912","-995","75","-3"
"10605","599616140087378176","-994","72","-2"
"10606","599616140092253440","-994","72","-5"
"10607","599616140097128704","-995","68","-5"
"10608","599616140102003968","-996","59","-7"
"10609","599616140106879104","-997","56","-10"
"10610","599616140111754368","-998","45","-12"
"10611","599616140116629632","-999","41","-13"
"10612","599616140121504896","-998","38","-13"
"10613","599616140126380160","-998","34","-11"
"10614","599616140131255424","-997","27","-12"
"10615","599616140136130688","-998","28","-13"
"10616","599616140141005952","-999","23","-15"
"10617","599616140145881216","-1003","21","-15"
"10618","599616140150756352","-1006","14","-18"
"10619","599616140155631616","-1013","17","-18"
"10620","599616140160506870","-1018","15","-19"
"10621","599616140165382144","-1024","16","-20"
"10622","599616140170257408","-1021","17","-21"
"10623","599616140175132672","-1023","14","-20"
"10624","599616140180007936","-1025","17","-21"
"10625","599616140184883200","-1026","19","-22"
"10626","599616140189758336","-1028","22","-22"
"10627","599616140194633600","-1028","25","-23"
"10628","599616140199508864","-1023","29","-26"
"10629","599616140204384128","-1025","32","-25"
"10630","599616140209259392","-1019","32","-24"
"10631","599616140214134656","-1019","32","-23"
"10632","599616140219009920","-1012","38","-22"
"10633","599616140223885184","-1011","43","-21"
"10634","599616140228760448","-1005","42","-21"
"10635","599616140233635712","-1005","44","-23"
"10636","599616140238510848","-1004","44","-22"
"10637","599616140243386112","-1005","43","-23"
"10638","599616140248261376","-1001","51","-26"
"10639","599616140253136640","-1000","47","-24"
"10640","599616140258011904","-999","47","-24"
"10641","599616140262887168","-999","58","-24"
"10642","599616140267762432","-999","53","-26"
"10643","599616140272637696","-1002","53","-22"
"10644","599616140277512960","-1001","64","-25"
"10645","599616140282388096","-1000","60","-24"
"10646","599616140287263360","-997","63","-25"
"10647","599616140292138624","-997","61","-24"
"10648","599616140297013888","-995","65","-24"
"10649","599616140301889152","-994","69","-25"
"10650","599616140306764416","-995","70","-25"
"10651","599616140311639680","-996","66","-28"
"10652","599616140316514944","-1001","67","-25"
"10653","599616140321390208","-1005","65","-24"
"10654","599616140326265472","-1002","63","-21"
"10655","599616140331140608","-999","60","-20"
"10656","599616140336015888","-997","64","-17"
"10657","599616140340893696","-1001","56","-11"
"10658","599616140345771520","-998","56","-11"
"10659","599616140350649344","-1005","50","-16"
"10660","599616140355527040","-1017","55","-18"
"10661","599616140360404864","-1023","57","-21"
"10662","599616140365282688","-1029","55","-22"
"10663","599616140370160512","-1033","56","-29"
"10664","599616140375038208","-1025","48","-28"
"10665","599616140379916032","-1009","39","-22"
"10666","599616140384793856","-1000","35","-21"
"10667","599616140389671680","-995","40","-17"
"10668","599616140394549376","-992","47","-9"
"10669","599616140399427200","-992","48","-6"
"10670","599616140404305024","-995","50","-10"
"10671","599616140409182848","-1005","50","-19"
"10672","599616140414060544","-1014","46","-26"
"10673","599616140418938368","-1014","39","-28"
"10674","599616140423816192","-1010","34","-28"
"10675","599616140428694016","-1011","30","-27"
"10676","599616140433571712","-1010","31","-31"
"10677","599616140438449536","-1007","35","-32"
"10678","599616140443327360","-1007","43","-31"
"10679","599616140448205184","-1000","48","-26"
"10680","599616140453083008","-994","53","-22"
"10681","599616140457960704","-994","55","-15"
"10682","599616140462838528","-994","56","-14"
"10683","599616140467716352","-998","62","-11"
"10684","599616140472594176","-1006","57","-12"
"10685","599616140477471872","-1016","47","-15"
"10686","599616140482349696","-1018","49","-17"
"10687","599616140487227520","-1023","44","-19"
"10688","599616140492105344","-1021","44","-20"
"10689","599616140496983040","-1024","40","-20"
"10690","599616140501860864","-1023","38","-22"
"10691","599616140506738688","-1020","40","-19"
"10692","599616140511616454","-1018","35","-22"
"10693","599616140516493440","-1017","39","-24"
"10694","599616140521370368","-1012","43","-22"
"10695","599616140526247296","-1013","44","-21"
"10696","599616140531124224","-1011","48","-22"
"10697","599616140536001280","-1006","56","-23"
"10698","599616140540878208","-1004","61","-23"
"10699","599616140545755136","-1000","66","-21"
"10700","599616140550632064","-997","76","-20"
"10701","599616140555508992","-995","79","-18"
"10702","599616140560385920","-994","80","-14"
"10703","599616140565262848","-994","80","-11"
"10704","599616140570139904","-993","80","-10"
"10705","599616140575016832","-993","79","-6"
"10706","599616140579893760","-994","74","-6"
"10707","599616140584770688","-994","72","-6"
"10708","599616140589647616","-994","68","-6"
"10709","599616140594524544","-995","64","-1"
"10710","599616140599401472","-997","57","-6"
"10711","599616140604278400","-1004","58","-8"
"10712","599616140609155456","-1009","51","-13"
"10713","599616140614032384","-1015","42","-16"
"10714","599616140618909312","-1015","37","-18"
"10715","599616140623786240","-1016","27","-20"
"10716","599616140628663168","-1011","26","-20"
"10717","599616140633540096","-1009","20","-19"
"10718","599616140638417024","-1011","24","-16"
"10719","599616140643294080","-1014","20","-17"
"10720","599616140648171008","-1021","19","-12"
"10721","599616140653047936","-1025","19","-12"
"10722","599616140657924864","-1029","20","-12"
"10723","599616140662801792","-1035","17","-12"
"10724","599616140667678720","-1039","19","-13"
"10725","599616140672555648","-1041","20","-12"
"10726","599616140677432704","-1040","18","-12"
"10727","599616140682309632","-1040","16","-14"
"10728","599616140687186498","-1039","14","-15"
"10729","599616140692064384","-1036","14","-15"
"10730","599616140696942208","-1030","15","-16"
"10731","599616140701820032","-1020","13","-17"
"10732","599616140706697728","-1009","15","-16"
"10733","599616140711575552","-1003","14","-18"
"10734","599616140716453376","-999","16","-18"
"10735","599616140721331200","-997","20","-18"
"10736","599616140726208896","-997","22","-20"
"10737","599616140731086720","-997","26","-17"
"10738","599616140735964544","-999","26","-14"
"10739","599616140740842368","-1003","33","-11"
"10740","599616140745720064","-1000","39","-12"
"10741","599616140750597888","-1002","52","-8"
"10742","599616140755475712","-999","65","-7"
"10743","599616140760353536","-997","71","-3"
"10744","599616140765231232","-999","77","-2"
"10745","599616140770109056","-999","83","-3"
"10746","599616140774986880","-999","85","-3"
"10747","599616140779864704","-1001","85","-7"
"10748","599616140784742528","-1001","85","-11"
"10749","599616140789620224","-999","85","-11"
"10750","599616140794498048","-999","86","-9"
"10751","599616140799375872","-997","85","-8"
"10752","599616140804253696","-996","84","-3"
"10753","599616140809131392","-995","84","-1"
"10754","599616140814009216","-997","83","0"
"10755","599616140818887040","-998","81","2"
"10756","599616140823764864","-1000","80","0"
"10757","599616140828642560","-1003","76","7"
"10758","599616140833520384","-1008","73","4"
"10759","599616140838398208","-1010","71","3"
"10760","599616140843276032","-1015","68","1"
"10761","599616140848153728","-1020","72","0"
"10762","599616140853031552","-1017","64","3"
"10763","599616140857909376","-1017","62","2"
"10764","599616140862787080","-1014","67","1"
"10765","599616140867664000","-1013","70","8"
"10766","599616140872540928","-1011","73","5"
"10767","599616140877417856","-1013","79","3"
"10768","599616140882294784","-1013","79","8"
"10769","599616140887171840","-1005","74","21"
"10770","599616140892048768","-1005","76","38"
"10771","599616140896925696","-1005","74","41"
"10772","599616140901802624","-1005","76","44"
"10773","599616140906679552","-1021","79","38"
"10774","599616140911556480","-1028","74","34"
"10775","599616140916433408","-1042","78","24"
"10776","599616140921310464","-1054","80","18"
"10777","599616140926187392","-1055","75","14"
"10778","599616140931064320","-1048","73","17"
"10779","599616140935941248","-1040","69","20"
"10780","599616140940818176","-1022","63","16"
"10781","599616140945695104","-1006","59","25"
"10782","599616140950572032","-994","62","41"
"10783","599616140955448960","-995","56","46"
"10784","599616140960326016","-1003","53","41"
"10785","599616140965202944","-1024","49","25"
"10786","599616140970079872","-1036","48","25"
"10787","599616140974956800","-1027","42","23"
"10788","599616140979833728","-1016","39","26"
"10789","599616140984710656","-1009","48","31"
"10790","599616140989587584","-1002","64","42"
"10791","599616140994464640","-995","79","56"
"10792","599616140999341568","-993","87","75"
"10793","599616141004218496","-992","93","86"
"10794","599616141009095424","-990","100","97"
"10795","599616141013972352","-987","113","104"
"10796","599616141018849280","-989","125","114"
"10797","599616141023726208","-990","132","114"
"10798","599616141028603264","-993","131","103"
"10799","599616141033480192","-994","128","99"
"10800","599616141038357124","-997","127","92"
"10801","599616141043234944","-1000","117","73"
"10802","599616141048112768","-1002","114","62"
"10803","599616141052990592","-998","118","54"
"10804","599616141057868288","-997","111","44"
"10805","599616141062746112","-993","118","49"
"10806","599616141067623936","-992","125","47"
"10807","599616141072501760","-990","128","52"
"10808","599616141077379456","-986","126","59"
"10809","599616141082257280","-984","124","66"
"10810","599616141087135104","-981","122","79"
"10811","599616141092012928","-982","125","74"
"10812","599616141096890624","-982","114","79"
"10813","599616141101768448","-985","112","78"
"10814","599616141106646272","-987","104","82"
"10815","599616141111524096","-990","103","77"
"10816","599616141116401792","-991","96","81"
"10817","599616141121279616","-991","90","85"
"10818","599616141126157440","-992","89","79"
"10819","599616141131035264","-992","86","76"
"10820","599616141135913088","-992","85","82"
"10821","599616141140790784","-991","83","86"
"10822","599616141145668608","-990","84","88"
"10823","599616141150546432","-988","76","95"
"10824","599616141155424256","-990","74","98"
"10825","599616141160301952","-992","69","100"
"10826","599616141165179776","-993","54","100"
"10827","599616141170057600","-993","47","98"
"10828","599616141174935424","-994","36","97"
"10829","599616141179813120","-996","28","98"
"10830","599616141184690944","-996","18","96"
"10831","599616141189568768","-1003","16","90"
"10832","599616141194446592","-1004","5","85"
"10833","599616141199324288","-1012","-2","84"
"10834","599616141204202112","-1014","-12","77"
"10835","599616141209079936","-1020","-11","77"
"10836","599616141213957706","-1020","-14","77"
"10837","599616141218835584","-1019","-12","86"
"10838","599616141223713408","-1011","-11","82"
"10839","599616141228591232","-1010","-11","83"
"10840","599616141233468928","-1012","-4","81"
"10841","599616141238346752","-1013","4","80"
"10842","599616141243224576","-1018","11","85"
"10843","599616141248102400","-1017","20","88"
"10844","599616141252980096","-1017","33","89"
"10845","599616141257857920","-1021","49","90"
"10846","599616141262735744","-1017","67","91"
"10847","599616141267613568","-1015","79","93"
"10848","599616141272491264","-1011","86","92"
"10849","599616141277369088","-1003","88","92"
"10850","599616141282246912","-1003","93","91"
"10851","599616141287124736","-998","98","92"
"10852","599616141292002432","-996","107","93"
"10853","599616141296880256","-995","104","93"
"10854","599616141301758080","-993","114","89"
"10855","599616141306635904","-993","114","90"
"10856","599616141311513600","-992","111","98"
"10857","599616141316391424","-992","109","99"
"10858","599616141321269248","-992","119","95"
"10859","599616141326147072","-992","115","98"
"10860","599616141331024896","-993","116","99"
"10861","599616141335902592","-993","115","99"
"10862","599616141340780416","-994","110","100"
"10863","599616141345658240","-993","113","99"
"10864","599616141350536064","-993","113","99"
"10865","599616141355413760","-993","113","99"
"10866","599616141360291584","-994","107","99"
"10867","599616141365169408","-995","104","99"
"10868","599616141370047232","-994","101","101"
"10869","599616141374924928","-995","97","98"
"10870","599616141379802752","-995","94","97"
"10871","599616141384680576","-993","93","94"
"10872","599616141389558278","-994","90","94"
"10873","599616141394436096","-996","91","89"
"10874","599616141399313920","-995","87","92"
"10875","599616141404191744","-994","86","88"
"10876","599616141409069440","-995","86","92"
"10877","599616141413947264","-996","85","89"
"10878","599616141418825088","-996","86","93"
"10879","599616141423702912","-995","85","96"
"10880","599616141428580608","-994","86","96"
"10881","599616141433458432","-993","86","99"
"10882","599616141438336256","-993","87","100"
"10883","599616141443214080","-992","87","103"
"10884","599616141448091776","-991","85","108"
"10885","599616141452969600","-991","86","121"
"10886","599616141457847424","-991","85","113"
"10887","599616141462725248","-993","84","110"
"10888","599616141467602944","-992","85","111"
"10889","599616141472480768","-994","84","114"
"10890","599616141477358592","-996","84","112"
"10891","599616141482236416","-996","83","109"
"10892","599616141487114112","-993","80","117"
"10893","599616141491991936","-992","83","119"
"10894","599616141496869760","-991","83","109"
"10895","599616141501747584","-990","84","111"
"10896","599616141506625408","-987","84","117"
"10897","599616141511503104","-989","83","113"
"10898","599616141516380928","-994","84","101"
"10899","599616141521258752","-1006","85","91"
"10900","599616141526136576","-1027","86","77"
"10901","599616141531014272","-1036","87","69"
"10902","599616141535892096","-1043","89","66"
"10903","599616141540769920","-1038","91","62"
"10904","599616141545647744","-1025","93","60"
"10905","599616141550525440","-1013","98","62"
"10906","599616141555403264","-999","105","66"
"10907","599616141560281088","-993","118","66"
"10908","599616141565158850","-991","116","80"
"10909","599616141570038400","-989","111","93"
"10910","599616141574917888","-983","115","96"
"10911","599616141579797376","-986","116","97"
"10912","599616141584676864","-991","111","96"
"10913","599616141589556352","-994","108","89"
"10914","599616141594435840","-1000","105","81"
"10915","599616141599315328","-1009","101","79"
"10916","599616141604194816","-1011","100","81"
"10917","599616141609074304","-1011","104","74"
"10918","599616141613953792","-1008","102","65"
"10919","599616141618833280","-1006","102","62"
"10920","599616141623712768","-1002","111","61"
"10921","599616141628592256","-1005","109","57"
"10922","599616141633471744","-1002","113","53"
"10923","599616141638351232","-1000","114","53"
"10924","599616141643230720","-1002","110","54"
"10925","599616141648110208","-999","109","48"
"10926","599616141652989696","-997","106","34"
"10927","599616141657869184","-995","104","28"
"10928","599616141662748672","-995","100","27"
"10929","599616141667628160","-996","95","18"
"10930","599616141672507648","-996","92","18"
"10931","599616141677387136","-995","89","10"
"10932","599616141682266624","-995","87","3"
"10933","599616141687146112","-996","85","0"
"10934","599616141692025600","-994","83","-2"
"10935","599616141696905088","-993","79","-1"
"10936","599616141701784576","-992","80","0"
"10937","599616141706664064","-991","80","-2"
"10938","599616141711543552","-991","76","1"
"10939","599616141716423040","-992","73","-4"
"10940","599616141721302528","-992","71","-10"
"10941","599616141726182016","-994","72","-15"
"10942","599616141731061504","-994","71","-19"
"10943","599616141735940992","-995","70","-23"
"10944","599616141740820478","-994","74","-23"
"10945","599616141745699968","-994","72","-23"
"10946","599616141750579456","-995","74","-20"
"10947","599616141755458944","-994","81","-18"
"10948","599616141760338432","-994","80","-18"
"10949","599616141765217920","-994","81","-15"
"10950","599616141770097408","-994","82","-18"
"10951","599616141774976896","-993","84","-21"
"10952","599616141779856384","-992","86","-20"
"10953","599616141784735872","-992","87","-21"
"10954","599616141789615360","-991","87","-22"
"10955","599616141794494848","-991","86","-22"
"10956","599616141799374336","-992","85","-20"
"10957","599616141804253824","-992","85","-21"
"10958","599616141809133312","-992","84","-20"
"10959","599616141814012800","-992","84","-18"
"10960","599616141818892288","-992","81","-17"
"10961","599616141823771776","-991","76","-15"
"10962","599616141828651264","-992","70","-16"
"10963","599616141833530752","-991","59","-16"
"10964","599616141838410240","-992","51","-17"
"10965","599616141843289728","-993","51","-19"
"10966","599616141848169216","-993","50","-19"
"10967","599616141853048704","-995","51","-21"
"10968","599616141857928192","-996","53","-25"
"10969","599616141862807680","-997","57","-29"
"10970","599616141867687168","-1003","54","-33"
"10971","599616141872566656","-1014","53","-43"
"10972","599616141877446144","-1019","55","-54"
"10973","599616141882325632","-1029","55","-63"
"10974","599616141887205120","-1030","66","-72"
"10975","599616141892084608","-1031","64","-73"
"10976","599616141896964096","-1034","65","-73"
"10977","599616141901843584","-1030","61","-71"
"10978","599616141906723072","-1034","57","-75"
"10979","599616141911602560","-1036","50","-67"
"10980","599616141916482086","-1039","47","-67"
"10981","599616141921360640","-1043","39","-70"
"10982","599616141926239232","-1044","32","-67"
"10983","599616141931117952","-1046","24","-71"
"10984","599616141935996544","-1043","23","-82"
"10985","599616141940875264","-1044","17","-85"
"10986","599616141945753856","-1039","16","-95"
"10987","599616141950632448","-1036","10","-108"
"10988","599616141955511168","-1027","4","-109"
"10989","599616141960389760","-1024","-1","-106"
"10990","599616141965268352","-1020","1","-106"
"10991","599616141970147072","-1012","-4","-102"
"10992","599616141975025664","-1014","-3","-105"
"10993","599616141979904384","-1014","-3","-102"
"10994","599616141984782976","-1019","-1","-103"
"10995","599616141989661568","-1021","1","-106"
"10996","599616141994540288","-1019","1","-98"
"10997","599616141999418880","-1013","8","-91"
"10998","599616142004297600","-1009","8","-80"
"10999","599616142009176192","-1007","6","-85"
"11000","599616142014054784","-1009","11","-98"
"11001","599616142018933504","-1014","8","-108"
"11002","599616142023812096","-1011","2","-102"
"11003","599616142028690688","-1018","0","-112"
"11004","599616142033569408","-1023","-9","-116"
"11005","599616142038448000","-1019","-9","-111"
"11006","599616142043326720","-1009","-13","-97"
"11007","599616142048205312","-998","-11","-90"
"11008","599616142053083904","-996","-8","-96"
"11009","599616142057962624","-994","-3","-93"
"11010","599616142062841216","-997","1","-98"
"11011","599616142067719936","-1002","1","-124"
"11012","599616142072598528","-1009","6","-135"
"11013","599616142077477120","-1009","2","-141"
"11014","599616142082355840","-1003","-2","-144"
"11015","599616142087234432","-999","-8","-154"
"11016","599616142092113166","-995","-10","-159"
"11017","599616142096991744","-996","-8","-157"
"11018","599616142101870336","-994","-16","-163"
"11019","599616142106749056","-993","-14","-157"
"11020","599616142111627648","-992","-14","-160"
"11021","599616142116506368","-991","-13","-153"
"11022","599616142121384960","-988","-14","-144"
"11023","599616142126263552","-989","-15","-140"
"11024","599616142131142272","-990","-17","-134"
"11025","599616142136020864","-991","-16","-131"
"11026","599616142140899456","-992","-19","-131"
"11027","599616142145778176","-993","-19","-132"
"11028","599616142150656768","-993","-19","-133"
"11029","599616142155535488","-997","-19","-135"
"11030","599616142160414080","-1002","-19","-143"
"11031","599616142165292672","-1011","-18","-144"
"11032","599616142170171392","-1015","-20","-157"
"11033","599616142175049984","-1022","-19","-164"
"11034","599616142179928704","-1026","-20","-174"
"11035","599616142184807296","-1031","-19","-187"
"11036","599616142189685888","-1030","-19","-196"
"11037","599616142194564608","-1030","-17","-207"
"11038","599616142199443200","-1030","-16","-216"
"11039","599616142204321792","-1028","-14","-222"
"11040","599616142209200512","-1026","-13","-226"
"11041","599616142214079104","-1019","-9","-228"
"11042","599616142218957824","-1015","-8","-231"
"11043","599616142223836416","-1012","-6","-222"
"11044","599616142228715008","-1007","-3","-222"
"11045","599616142233593728","-1003","-6","-217"
"11046","599616142238472320","-1005","-6","-213"
"11047","599616142243351040","-1006","-9","-206"
"11048","599616142248229632","-1006","-12","-205"
"11049","599616142253108224","-1008","-12","-207"
"11050","599616142257986944","-1003","-14","-208"
"11051","599616142262865536","-1002","-13","-208"
"11052","599616142267744256","-998","-14","-213"
"11053","599616142272621184","-998","-17","-214"
"11054","599616142277498112","-997","-14","-218"
"11055","599616142282375040","-996","-15","-220"
"11056","599616142287251968","-995","-19","-219"
"11057","599616142292129024","-994","-18","-230"
"11058","599616142297005952","-992","-18","-234"
"11059","599616142301882880","-992","-17","-235"
"11060","599616142306759808","-988","-16","-237"
"11061","599616142311636736","-982","-17","-236"
"11062","599616142316513664","-977","-13","-235"
"11063","599616142321390592","-974","-11","-231"
"11064","599616142326267520","-973","-7","-231"
"11065","599616142331144576","-977","-2","-227"
"11066","599616142336021504","-979","0","-226"
"11067","599616142340898432","-983","1","-225"
"11068","599616142345775360","-988","7","-227"
"11069","599616142350652288","-991","5","-232"
"11070","599616142355529216","-992","1","-237"
"11071","599616142360406144","-993","6","-240"
"11072","599616142365283200","-993","1","-242"
"11073","599616142370160128","-995","1","-243"
"11074","599616142375037056","-997","2","-243"
"11075","599616142379913984","-997","4","-241"
"11076","599616142384790912","-1000","0","-244"
"11077","599616142389667840","-1004","0","-246"
"11078","599616142394544768","-1004","-2","-247"
"11079","599616142399421824","-1007","-5","-251"
"11080","599616142404298752","-1005","-8","-251"
"11081","599616142409175680","-1003","-11","-252"
"11082","599616142414052608","-1002","-12","-253"
"11083","599616142418929536","-997","-11","-251"
"11084","599616142423806464","-994","-9","-249"
"11085","599616142428683392","-993","-11","-250"
"11086","599616142433560320","-993","-9","-251"
"11087","599616142438437376","-992","-8","-251"
"11088","599616142443314290","-991","-5","-247"
"11089","599616142448192128","-991","-4","-250"
"11090","599616142453069952","-993","-5","-254"
"11091","599616142457947776","-993","-2","-255"
"11092","599616142462825472","-993","-2","-258"
"11093","599616142467703296","-992","7","-258"
"11094","599616142472581120","-992","7","-262"
"11095","599616142477458944","-992","9","-262"
"11096","599616142482336640","-990","13","-262"
"11097","599616142487214464","-990","16","-258"
"11098","599616142492092288","-989","19","-257"
"11099","599616142496970112","-990","25","-258"
"11100","599616142501847808","-990","23","-255"
"11101","599616142506725632","-991","24","-256"
"11102","599616142511603456","-990","28","-253"
"11103","599616142516481280","-990","30","-254"
"11104","599616142521358976","-991","29","-253"
"11105","599616142526236800","-990","30","-255"
"11106","599616142531114624","-990","30","-254"
"11107","599616142535992448","-989","33","-253"
"11108","599616142540870272","-987","39","-256"
"11109","599616142545747968","-986","37","-255"
"11110","599616142550625792","-986","38","-256"
"11111","599616142555503616","-985","38","-255"
"11112","599616142560381440","-987","38","-255"
"11113","599616142565259136","-988","43","-261"
"11114","599616142570136960","-991","47","-266"
"11115","599616142575014784","-991","41","-267"
"11116","599616142579892608","-992","43","-267"
"11117","599616142584770304","-993","43","-277"
"11118","599616142589648128","-994","39","-276"
"11119","599616142594525952","-993","33","-268"
"11120","599616142599403776","-990","31","-259"
"11121","599616142604281472","-988","29","-257"
"11122","599616142609159296","-985","29","-260"
"11123","599616142614037120","-986","27","-256"
"11124","599616142618914872","-989","24","-258"
"11125","599616142623792640","-991","23","-263"
"11126","599616142628670464","-993","22","-269"
"11127","599616142633548288","-994","17","-276"
"11128","599616142638425984","-997","13","-282"
"11129","599616142643303808","-1000","5","-289"
"11130","599616142648181632","-1001","0","-301"
"11131","599616142653059456","-1001","-9","-301"
"11132","599616142657937152","-999","-9","-299"
"11133","599616142662814976","-998","-13","-290"
"11134","599616142667692800","-996","-12","-280"
"11135","599616142672570624","-995","-13","-273"
"11136","599616142677448320","-997","-10","-266"
"11137","599616142682326144","-998","-8","-261"
"11138","599616142687203968","-1002","-8","-262"
"11139","599616142692081792","-1012","-8","-258"
"11140","599616142696959488","-1023","-4","-258"
"11141","599616142701837312","-1032","-4","-259"
"11142","599616142706715136","-1039","2","-259"
"11143","599616142711592960","-1042","2","-259"
"11144","599616142716470656","-1044","3","-258"
"11145","599616142721348480","-1042","0","-260"
"11146","599616142726226304","-1043","1","-259"
"11147","599616142731104128","-1042","0","-261"
"11148","599616142735981952","-1036","0","-261"
"11149","599616142740859648","-1033","2","-264"
"11150","599616142745737472","-1023","3","-262"
"11151","599616142750615296","-1012","2","-261"
"11152","599616142755493120","-1008","6","-261"
"11153","599616142760370816","-1004","9","-260"
"11154","599616142765248640","-998","11","-259"
"11155","599616142770126464","-997","16","-257"
"11156","599616142775004288","-995","16","-256"
"11157","599616142779881984","-994","18","-253"
"11158","599616142784759808","-994","17","-250"
"11159","599616142789637632","-993","15","-247"
"11160","599616142794515444","-993","15","-244"
"11161","599616142799391616","-995","18","-244"
"11162","599616142804267776","-993","13","-237"
"11163","599616142809143808","-994","11","-245"
"11164","599616142814019968","-993","12","-241"
"11165","599616142818896000","-993","10","-241"
"11166","599616142823772160","-994","13","-244"
"11167","599616142828648192","-993","10","-244"
"11168","599616142833524352","-993","9","-246"
"11169","599616142838400384","-993","9","-244"
"11170","599616142843276544","-993","9","-247"
"11171","599616142848152576","-992","11","-247"
"11172","599616142853028736","-993","10","-248"
"11173","599616142857904768","-994","8","-250"
"11174","599616142862780928","-993","8","-252"
"11175","599616142867656960","-993","6","-255"
"11176","599616142872533120","-993","7","-254"
"11177","599616142877409152","-993","1","-254"
"11178","599616142882285312","-993","3","-254"
"11179","599616142887161344","-993","-1","-255"
"11180","599616142892037504","-993","-2","-256"
"11181","599616142896913536","-993","-3","-257"
"11182","599616142901789696","-994","-5","-257"
"11183","599616142906665728","-993","-5","-258"
"11184","599616142911541888","-995","-6","-258"
"11185","599616142916418048","-994","-7","-256"
"11186","599616142921294080","-993","-5","-257"
"11187","599616142926170240","-993","-4","-256"
"11188","599616142931046272","-993","-10","-256"
"11189","599616142935922432","-995","-7","-253"
"11190","599616142940798464","-995","-8","-254"
"11191","599616142945674624","-994","-7","-253"
"11192","599616142950550656","-996","-5","-253"
"11193","599616142955426816","-998","-5","-253"
"11194","599616142960302848","-996","-7","-254"
"11195","599616142965179008","-997","-8","-255"
"11196","599616142970054996","-998","-4","-256"
"11197","599616142974927744","-998","-3","-254"
"11198","599616142979800448","-995","-3","-255"
"11199","599616142984673152","-996","0","-254"
"11200","599616142989545856","-996","1","-255"
"11201","599616142994418560","-995","1","-252"
"11202","599616142999291264","-995","5","-253"
"11203","599616143004163968","-994","9","-251"
"11204","599616143009036672","-995","7","-250"
"11205","599616143013909376","-994","10","-253"
"11206","599616143018782080","-994","11","-253"
"11207","599616143023654784","-995","9","-256"
"11208","599616143028527488","-994","11","-255"
"11209","599616143033400192","-996","11","-255"
"11210","599616143038272896","-994","11","-258"
"11211","599616143043145600","-996","14","-256"
"11212","599616143048018304","-994","12","-258"
"11213","599616143052891008","-995","15","-260"
"11214","599616143057763712","-996","15","-258"
"11215","599616143062636416","-995","18","-260"
"11216","599616143067509120","-995","19","-263"
"11217","599616143072381952","-995","20","-263"
"11218","599616143077254656","-994","20","-262"
"11219","599616143082127360","-996","19","-260"
"11220","599616143087000064","-995","21","-262"
"11221","599616143091872768","-994","23","-261"
"11222","599616143096745472","-994","23","-260"
"11223","599616143101618176","-994","21","-258"
"11224","599616143106490880","-993","21","-255"
"11225","599616143111363584","-991","20","-251"
"11226","599616143116236288","-991","20","-247"
"11227","599616143121108992","-990","18","-243"
"11228","599616143125981696","-991","19","-249"
"11229","599616143130854400","-992","20","-255"
"11230","599616143135727104","-994","14","-253"
"11231","599616143140599808","-1000","9","-262"
"11232","599616143145472456","-1005","9","-266"
"11233","599616143150349440","-1018","13","-268"
"11234","599616143155226368","-1002","8","-258"
"11235","599616143160103296","-993","6","-231"
"11236","599616143164980224","-990","9","-233"
"11237","599616143169857280","-985","11","-230"
"11238","599616143174734208","-973","6","-218"
"11239","599616143179611136","-972","9","-233"
"11240","599616143184488064","-978","11","-254"
"11241","599616143189364992","-987","12","-259"
"11242","599616143194241920","-990","10","-262"
"11243","599616143199118848","-992","7","-261"
"11244","599616143203995776","-993","6","-260"
"11245","599616143208872832","-994","1","-261"
"11246","599616143213749760","-994","0","-260"
"11247","599616143218626688","-994","-1","-256"
"11248","599616143223503616","-994","1","-251"
"11249","599616143228380544","-993","2","-246"
"11250","599616143233257472","-992","3","-243"
"11251","599616143238134400","-993","0","-239"
"11252","599616143243011456","-993","-3","-241"
"11253","599616143247888384","-994","-1","-237"
"11254","599616143252765312","-994","-2","-238"
"11255","599616143257642240","-995","-4","-233"
"11256","599616143262519168","-998","-8","-228"
"11257","599616143267396096","-1001","-9","-227"
"11258","599616143272273024","-1002","-6","-227"
"11259","599616143277150080","-1006","-9","-223"
"11260","599616143282027008","-1005","-9","-227"
"11261","599616143286903936","-1006","-9","-226"
"11262","599616143291780864","-1006","-11","-229"
"11263","599616143296657792","-1002","-11","-223"
"11264","599616143301534720","-997","-10","-229"
"11265","599616143306411648","-995","-9","-228"
"11266","599616143311288576","-996","-7","-226"
"11267","599616143316165632","-993","-4","-227"
"11268","599616143321042488","-994","-2","-226"
"11269","599616143325919360","-998","-2","-226"
"11270","599616143330796288","-994","2","-222"
"11271","599616143335673216","-993","2","-223"
"11272","599616143340550144","-993","5","-217"
"11273","599616143345427200","-993","8","-216"
"11274","599616143350304128","-993","10","-218"
"11275","599616143355181056","-993","12","-224"
"11276","599616143360057984","-992","12","-224"
"11277","599616143364934912","-992","12","-228"
"11278","599616143369811840","-992","11","-232"
"11279","599616143374688768","-993","15","-229"
"11280","599616143379565824","-993","20","-221"
"11281","599616143384442752","-992","20","-225"
"11282","599616143389319680","-993","21","-230"
"11283","599616143394196608","-992","22","-226"
"11284","599616143399073536","-992","26","-226"
"11285","599616143403950464","-992","23","-227"
"11286","599616143408827392","-992","23","-230"
"11287","599616143413704448","-993","19","-227"
"11288","599616143418581376","-991","18","-226"
"11289","599616143423458304","-991","17","-223"
"11290","599616143428335232","-992","13","-221"
"11291","599616143433212160","-992","14","-224"
"11292","599616143438089088","-993","14","-223"
"11293","599616143442966016","-993","12","-225"
"11294","599616143447843072","-994","7","-222"
"11295","599616143452720000","-995","8","-221"
"11296","599616143457596928","-996","3","-221"
"11297","599616143462473856","-996","3","-217"
"11298","599616143467350784","-997","1","-221"
"11299","599616143472227712","-996","0","-220"
"11300","599616143477104640","-997","3","-218"
"11301","599616143481981568","-999","4","-219"
"11302","599616143486858624","-998","2","-218"
"11303","599616143491735552","-1000","1","-219"
"11304","599616143496612542","-1000","-4","-218"
"11305","599616143501489408","-1000","-3","-216"
"11306","599616143506366336","-1000","0","-219"
"11307","599616143511243264","-999","-3","-224"
"11308","599616143516120192","-998","-2","-221"
"11309","599616143520997248","-997","-4","-219"
"11310","599616143525874176","-996","-4","-215"
"11311","599616143530751104","-995","-4","-218"
"11312","599616143535628032","-994","-5","-218"
"11313","599616143540504960","-995","-3","-215"
"11314","599616143545381888","-994","0","-213"
"11315","599616143550258816","-995","-5","-210"
"11316","599616143555135872","-994","-5","-209"
"11317","599616143560012800","-995","-1","-211"
"11318","599616143564889728","-994","-2","-218"
"11319","599616143569766656","-996","0","-217"
"11320","599616143574643584","-994","-1","-218"
"11321","599616143579520512","-995","-5","-217"
"11322","599616143584397440","-993","-5","-214"
"11323","599616143589274496","-993","-6","-215"
"11324","599616143594151424","-993","-4","-215"
"11325","599616143599028352","-994","-5","-214"
"11326","599616143603905280","-994","-4","-216"
"11327","599616143608782208","-994","-5","-222"
"11328","599616143613659136","-994","-5","-219"
"11329","599616143618536064","-996","-2","-222"
"11330","599616143623413120","-994","-3","-221"
"11331","599616143628290048","-995","-3","-225"
"11332","599616143633166976","-995","-4","-225"
"11333","599616143638043904","-994","1","-228"
"11334","599616143642920832","-994","-3","-228"
"11335","599616143647797760","-994","-2","-223"
"11336","599616143652674688","-993","-2","-217"
"11337","599616143657551616","-993","-3","-211"
"11338","599616143662428672","-992","-2","-204"
"11339","599616143667305600","-992","-2","-190"
"11340","599616143672182596","-993","-4","-184"
"11341","599616143677058816","-995","-3","-192"
"11342","599616143681934976","-996","-1","-198"
"11343","599616143686811008","-1003","2","-211"
"11344","599616143691687168","-1002","-1","-203"
"11345","599616143696563200","-1024","-4","-236"
"11346","599616143701439360","-1046","5","-254"
"11347","599616143706315392","-1053","9","-263"
"11348","599616143711191552","-1035","5","-229"
"11349","599616143716067584","-998","0","-159"
"11350","599616143720943744","-994","1","-190"
"11351","599616143725819776","-992","3","-189"
"11352","599616143730695936","-984","2","-173"
"11353","599616143735571968","-984","7","-206"
"11354","599616143740448128","-987","7","-219"
"11355","599616143745324160","-991","9","-227"
"11356","599616143750200320","-992","9","-231"
"11357","599616143755076352","-993","10","-232"
"11358","599616143759952512","-994","6","-227"
"11359","599616143764828544","-997","4","-219"
"11360","599616143769704704","-1001","6","-211"
"11361","599616143774580736","-999","-1","-202"
"11362","599616143779456896","-998","5","-194"
"11363","599616143784333056","-997","8","-184"
"11364","599616143789209088","-997","6","-190"
"11365","599616143794085248","-997","6","-182"
"11366","599616143798961280","-995","9","-185"
"11367","599616143803837440","-996","10","-178"
"11368","599616143808713472","-994","8","-178"
"11369","599616143813589632","-994","13","-175"
"11370","599616143818465664","-996","11","-177"
"11371","599616143823341824","-998","7","-179"
"11372","599616143828217856","-1000","3","-177"
"11373","599616143833094016","-1000","8","-177"
"11374","599616143837970048","-1002","3","-181"
"11375","599616143842846208","-1000","2","-189"
"11376","599616143847722158","-1000","1","-189"
"11377","599616143852596480","-995","-1","-196"
"11378","599616143857470848","-997","-2","-190"
"11379","599616143862345344","-997","-2","-197"
"11380","599616143867219712","-996","-1","-190"
"11381","599616143872094080","-995","-3","-195"
"11382","599616143876968448","-995","-2","-197"
"11383","599616143881842944","-994","-5","-191"
"11384","599616143886717312","-993","-5","-193"
"11385","599616143891591680","-994","-5","-188"
"11386","599616143896466048","-993","-5","-184"
"11387","599616143901340544","-994","-6","-187"
"11388","599616143906214912","-994","-4","-183"
"11389","599616143911089280","-994","-7","-188"
"11390","599616143915963648","-995","-3","-186"
"11391","599616143920838144","-996","-6","-192"
"11392","599616143925712512","-996","-8","-192"
"11393","599616143930586880","-999","-9","-194"
"11394","599616143935461376","-998","-11","-185"
"11395","599616143940335744","-998","-6","-177"
"11396","599616143945210112","-995","-5","-180"
"11397","599616143950084480","-996","-5","-176"
"11398","599616143954958976","-996","0","-188"
"11399","599616143959833344","-995","-6","-195"
"11400","599616143964707712","-997","-8","-192"
"11401","599616143969582080","-995","-10","-184"
"11402","599616143974456576","-994","-11","-171"
"11403","599616143979330944","-993","-9","-166"
"11404","599616143984205312","-995","-11","-160"
"11405","599616143989079680","-997","-11","-166"
"11406","599616143993954176","-1001","-10","-167"
"11407","599616143998828544","-1004","-10","-168"
"11408","599616144003702912","-1003","-9","-172"
"11409","599616144008577408","-1000","-12","-166"
"11410","599616144013451776","-996","-11","-165"
"11411","599616144018326144","-996","-10","-164"
"11412","599616144023200638","-995","-13","-161"
"11413","599616144028075008","-994","-12","-155"
"11414","599616144032949376","-994","-11","-147"
"11415","599616144037823872","-996","-12","-152"
"11416","599616144042698240","-999","-14","-146"
"11417","599616144047572608","-1003","-12","-145"
"11418","599616144052446976","-1008","-8","-144"
"11419","599616144057321472","-1010","-9","-144"
"11420","599616144062195840","-1014","-11","-146"
"11421","599616144067070208","-1016","-9","-143"
"11422","599616144071944576","-1014","-7","-143"
"11423","599616144076819072","-1010","-8","-142"
"11424","599616144081693440","-1008","-6","-143"
"11425","599616144086567808","-1005","-5","-143"
"11426","599616144091442304","-1006","-2","-142"
"11427","599616144096316672","-1003","0","-149"
"11428","599616144101191040","-1007","-5","-155"
"11429","599616144106065408","-1005","-1","-149"
"11430","599616144110939904","-1005","-3","-147"
"11431","599616144115814272","-1003","-1","-146"
"11432","599616144120688640","-1003","0","-141"
"11433","599616144125563008","-1003","-1","-142"
"11434","599616144130437504","-1003","-3","-143"
"11435","599616144135311872","-1003","-2","-145"
"11436","599616144140186240","-1005","0","-145"
"11437","599616144145060736","-1007","-1","-148"
"11438","599616144149935104","-1007","-4","-151"
"11439","599616144154809472","-1006","-2","-146"
"11440","599616144159683840","-1003","-4","-149"
"11441","599616144164558336","-1002","-1","-153"
"11442","599616144169432704","-1001","-1","-155"
"11443","599616144174307072","-1000","-1","-153"
"11444","599616144179181440","-995","0","-151"
"11445","599616144184055936","-996","3","-154"
"11446","599616144188930304","-996","2","-154"
"11447","599616144193804672","-996","3","-150"
"11448","599616144198679138","-995","6","-148"
"11449","599616144203554432","-997","0","-145"
"11450","599616144208429696","-994","5","-137"
"11451","599616144213304960","-993","5","-131"
"11452","599616144218180224","-991","4","-124"
"11453","599616144223055488","-991","2","-117"
"11454","599616144227930624","-991","3","-116"
"11455","599616144232805888","-990","6","-118"
"11456","599616144237681152","-992","11","-117"
"11457","599616144242556416","-993","11","-107"
"11458","599616144247431680","-998","10","-116"
"11459","599616144252306944","-1012","2","-133"
"11460","599616144257182208","-1039","8","-148"
"11461","599616144262057472","-1045","8","-156"
"11462","599616144266932736","-1018","9","-84"
"11463","599616144271808000","-996","9","-52"
"11464","599616144276683136","-995","12","-77"
"11465","599616144281558400","-992","7","-71"
"11466","599616144286433664","-990","6","-80"
"11467","599616144291308928","-991","3","-124"
"11468","599616144296184192","-993","10","-130"
"11469","599616144301059456","-995","15","-131"
"11470","599616144305934720","-1003","7","-135"
"11471","599616144310809984","-1013","7","-130"
"11472","599616144315685248","-1017","-1","-122"
"11473","599616144320560512","-1019","-5","-119"
"11474","599616144325435648","-1020","-7","-106"
"11475","599616144330310912","-1021","-8","-98"
"11476","599616144335186176","-1026","-6","-87"
"11477","599616144340061440","-1028","-4","-87"
"11478","599616144344936704","-1032","-6","-91"
"11479","599616144349811968","-1024","-3","-95"
"11480","599616144354687232","-1017","-3","-88"
"11481","599616144359562496","-1011","1","-93"
"11482","599616144364437760","-1009","4","-89"
"11483","599616144369312896","-1003","6","-88"
"11484","599616144374188166","-1006","5","-84"
"11485","599616144379064320","-1007","7","-92"
"11486","599616144383940480","-1009","6","-86"
"11487","599616144388816512","-1007","6","-92"
"11488","599616144393692672","-1006","3","-86"
"11489","599616144398568704","-1004","4","-93"
"11490","599616144403444864","-1001","1","-90"
"11491","599616144408320896","-998","-1","-88"
"11492","599616144413197056","-996","2","-83"
"11493","599616144418073088","-998","1","-88"
"11494","599616144422949248","-996","0","-85"
"11495","599616144427825280","-995","1","-82"
"11496","599616144432701440","-994","0","-82"
"11497","599616144437577472","-994","0","-79"
"11498","599616144442453632","-993","2","-79"
"11499","599616144447329664","-994","1","-80"
"11500","599616144452205824","-993","3","-80"
"11501","599616144457081856","-994","1","-79"
"11502","599616144461958016","-994","0","-83"
"11503","599616144466834048","-994","2","-85"
"11504","599616144471710208","-995","0","-86"
"11505","599616144476586240","-997","-2","-84"
"11506","599616144481462400","-995","-4","-85"
"11507","599616144486338432","-997","-7","-78"
"11508","599616144491214592","-999","-10","-84"
"11509","599616144496090624","-1001","-10","-71"
"11510","599616144500966784","-999","-7","-66"
"11511","599616144505842944","-1004","-7","-75"
"11512","599616144510718976","-1012","-4","-79"
"11513","599616144515595136","-1012","-7","-73"
"11514","599616144520471168","-1013","-7","-79"
"11515","599616144525347328","-1006","-3","-74"
"11516","599616144530223360","-1000","-6","-73"
"11517","599616144535099520","-995","-4","-67"
"11518","599616144539975552","-995","-2","-61"
"11519","599616144544851712","-1000","-3","-63"
"11520","599616144549727712","-1011","-3","-64"
"11521","599616144554605568","-1025","0","-61"
"11522","599616144559483392","-1023","-2","-60"
"11523","599616144564361216","-1030","-3","-62"
"11524","599616144569238912","-1028","-4","-64"
"11525","599616144574116736","-1021","-1","-62"
"11526","599616144578994560","-1018","-4","-61"
"11527","599616144583872384","-1016","0","-60"
"11528","599616144588750080","-1015","0","-63"
"11529","599616144593627904","-1012","-5","-64"
"11530","599616144598505728","-1008","0","-58"
"11531","599616144603383552","-1005","-1","-67"
"11532","599616144608261248","-1002","-1","-62"
"11533","599616144613139072","-1000","-3","-61"
"11534","599616144618016896","-997","0","-62"
"11535","599616144622894720","-996","1","-60"
"11536","599616144627772416","-994","-2","-63"
"11537","599616144632650240","-994","1","-62"
"11538","599616144637528064","-995","1","-60"
"11539","599616144642405888","-993","3","-63"
"11540","599616144647283584","-993","0","-64"
"11541","599616144652161408","-993","-1","-60"
"11542","599616144657039232","-992","2","-58"
"11543","599616144661917056","-993","-2","-61"
"11544","599616144666794752","-992","0","-56"
"11545","599616144671672576","-993","-2","-52"
"11546","599616144676550400","-993","-6","-57"
"11547","599616144681428224","-993","-7","-53"
"11548","599616144686306048","-993","-9","-53"
"11549","599616144691183744","-993","-9","-55"
"11550","599616144696061568","-994","-13","-52"
"11551","599616144700939392","-994","-13","-51"
"11552","599616144705817216","-994","-13","-53"
"11553","599616144710694912","-995","-15","-51"
"11554","599616144715572736","-995","-16","-49"
"11555","599616144720450560","-995","-18","-51"
"11556","599616144725328268","-996","-16","-54"
"11557","599616144730205184","-998","-16","-54"
"11558","599616144735082112","-996","-13","-54"
"11559","599616144739959040","-995","-12","-50"
"11560","599616144744835968","-994","-9","-44"
"11561","599616144749713024","-996","-8","-40"
"11562","599616144754589952","-997","-5","-40"
"11563","599616144759466880","-1003","-2","-36"
"11564","599616144764343808","-1007","-2","-36"
"11565","599616144769220736","-1002","0","-33"
"11566","599616144774097664","-1000","4","-30"
"11567","599616144778974592","-998","4","-30"
"11568","599616144783851648","-998","3","-31"
"11569","599616144788728576","-1001","5","-33"
"11570","599616144793605504","-1003","4","-42"
"11571","599616144798482432","-1007","11","-50"
"11572","599616144803359360","-1016","10","-63"
"11573","599616144808236288","-1032","1","-86"
"11574","599616144813113216","-1045","2","-106"
"11575","599616144817990144","-1045","3","-113"
"11576","599616144822867200","-1003","5","-38"
"11577","599616144827744128","-986","8","-8"
"11578","599616144832621056","-974","3","-14"
"11579","599616144837497984","-974","0","-17"
"11580","599616144842374912","-983","-4","-25"
"11581","599616144847251840","-992","-2","-46"
"11582","599616144852128768","-993","0","-58"
"11583","599616144857005824","-995","7","-75"
"11584","599616144861882752","-995","6","-106"
"11585","599616144866759680","-994","3","-109"
"11586","599616144871636608","-993","3","-101"
"11587","599616144876513536","-987","-2","-71"
"11588","599616144881390464","-982","1","-53"
"11589","599616144886267392","-989","0","-42"
"11590","599616144891144448","-993","-1","-42"
"11591","599616144896021376","-998","-1","-37"
"11592","599616144900898312","-1014","-4","-36"
"11593","599616144905773568","-1022","-1","-36"
"11594","599616144910648832","-1026","0","-38"
"11595","599616144915524096","-1030","1","-40"
"11596","599616144920399360","-1017","4","-51"
"11597","599616144925274624","-1008","6","-53"
"11598","599616144930149760","-1001","8","-56"
"11599","599616144935025024","-996","11","-55"
"11600","599616144939900288","-996","7","-55"
"11601","599616144944775552","-996","9","-55"
"11602","599616144949650816","-998","6","-54"
"11603","599616144954526080","-1000","7","-57"
"11604","599616144959401344","-1001","8","-62"
"11605","599616144964276608","-1002","6","-67"
"11606","599616144969151872","-1004","4","-74"
"11607","599616144974027136","-1007","7","-75"
"11608","599616144978902272","-1004","6","-80"
"11609","599616144983777536","-1003","8","-82"
"11610","599616144988652800","-1000","9","-86"
"11611","599616144993528064","-998","10","-84"
"11612","599616144998403328","-995","11","-84"
"11613","599616145003278592","-996","14","-82"
"11614","599616145008153856","-995","16","-86"
"11615","599616145013029120","-998","11","-87"
"11616","599616145017904384","-1000","11","-92"
"11617","599616145022779648","-1005","11","-93"
"11618","599616145027654784","-1003","12","-86"
"11619","599616145032530048","-1002","12","-88"
"11620","599616145037405312","-1001","8","-88"
"11621","599616145042280576","-1000","7","-81"
"11622","599616145047155840","-1000","9","-79"
"11623","599616145052031104","-1003","13","-79"
"11624","599616145056906368","-1007","11","-85"
"11625","599616145061781632","-1008","16","-85"
"11626","599616145066656896","-1006","17","-85"
"11627","599616145071532160","-1005","17","-89"
"11628","599616145076407346","-1012","18","-108"
"11629","599616145081282560","-1018","20","-114"
"11630","599616145086157824","-1007","12","-109"
"11631","599616145091033088","-999","11","-105"
"11632","599616145095908352","-996","13","-95"
"11633","599616145100783616","-995","6","-93"
"11634","599616145105658752","-994","11","-97"
"11635","599616145110534016","-995","10","-101"
"11636","599616145115409280","-999","5","-100"
"11637","599616145120284544","-1002","4","-100"
"11638","599616145125159808","-1005","5","-96"
"11639","599616145130035072","-1005","8","-100"
"11640","599616145134910336","-1006","7","-99"
"11641","599616145139785600","-1005","8","-95"
"11642","599616145144660864","-1007","7","-95"
"11643","599616145149536128","-1008","10","-95"
"11644","599616145154411264","-1009","11","-94"
"11645","599616145159286528","-1012","15","-101"
"11646","599616145164161792","-1014","11","-99"
"11647","599616145169037056","-1015","13","-102"
"11648","599616145173912320","-1017","12","-109"
"11649","599616145178787584","-1017","12","-108"
"11650","599616145183662848","-1016","13","-116"
"11651","599616145188538112","-1016","11","-114"
"11652","599616145193413376","-1013","11","-115"
"11653","599616145198288512","-1011","9","-121"
"11654","599616145203163776","-1012","13","-120"
"11655","599616145208039040","-1007","11","-124"
"11656","599616145212914304","-1010","11","-122"
"11657","599616145217789568","-1008","12","-123"
"11658","599616145222664832","-1012","8","-123"
"11659","599616145227540096","-1012","8","-123"
"11660","599616145232415360","-1008","5","-118"
"11661","599616145237290624","-1010","0","-115"
"11662","599616145242165888","-1008","2","-119"
"11663","599616145247041024","-1007","3","-120"
"11664","599616145251916364","-1009","3","-117"
"11665","599616145256790784","-1011","5","-120"
"11666","599616145261665152","-1009","0","-121"
"11667","599616145266539648","-1005","4","-123"
"11668","599616145271414016","-1005","3","-122"
"11669","599616145276288384","-1007","2","-126"
"11670","599616145281162752","-1004","3","-123"
"11671","599616145286037248","-1009","4","-126"
"11672","599616145290911616","-1003","4","-130"
"11673","599616145295785984","-1002","6","-132"
"11674","599616145300660352","-1000","10","-131"
"11675","599616145305534848","-1000","9","-131"
"11676","599616145310409216","-998","13","-130"
"11677","599616145315283584","-995","18","-132"
"11678","599616145320158080","-994","20","-133"
"11679","599616145325032448","-993","21","-132"
"11680","599616145329906816","-995","18","-133"
"11681","599616145334781184","-995","20","-131"
"11682","599616145339655680","-996","23","-128"
"11683","599616145344530048","-994","20","-121"
"11684","599616145349404416","-993","18","-113"
"11685","599616145354278784","-993","16","-111"
"11686","599616145359153280","-994","16","-117"
"11687","599616145364027648","-998","15","-126"
"11688","599616145368902016","-1001","15","-134"
"11689","599616145373776384","-1011","11","-138"
"11690","599616145378650880","-1029","2","-160"
"11691","599616145383525248","-1042","3","-189"
"11692","599616145388399616","-1045","1","-209"
"11693","599616145393274112","-1025","-2","-161"
"11694","599616145398148480","-996","-9","-103"
"11695","599616145403022848","-993","-10","-105"
"11696","599616145407897216","-992","-11","-110"
"11697","599616145412771712","-991","-12","-115"
"11698","599616145417646080","-992","-9","-133"
"11699","599616145422520448","-995","-11","-150"
"11700","599616145427394854","-997","-9","-171"
"11701","599616145432270080","-998","-6","-181"
"11702","599616145437145344","-1001","-6","-187"
"11703","599616145442020608","-999","-8","-182"
"11704","599616145446895872","-998","-10","-164"
"11705","599616145451771136","-996","-11","-153"
"11706","599616145456646272","-998","-12","-144"
"11707","599616145461521536","-998","-12","-136"
"11708","599616145466396800","-1001","-9","-137"
"11709","599616145471272064","-1003","-10","-137"
"11710","599616145476147328","-1003","-11","-134"
"11711","599616145481022592","-1000","-10","-133"
"11712","599616145485897856","-998","-9","-133"
"11713","599616145490773120","-995","-8","-136"
"11714","599616145495648384","-994","-5","-136"
"11715","599616145500523648","-994","-6","-138"
"11716","599616145505398784","-994","-4","-136"
"11717","599616145510274048","-995","-7","-136"
"11718","599616145515149312","-996","-10","-135"
"11719","599616145520024576","-998","-9","-136"
"11720","599616145524899840","-1000","-10","-140"
"11721","599616145529775104","-1001","-10","-139"
"11722","599616145534650368","-1003","-12","-143"
"11723","599616145539525632","-1001","-11","-142"
"11724","599616145544400896","-1001","-12","-145"
"11725","599616145549276160","-999","-10","-144"
"11726","599616145554151296","-1000","-11","-143"
"11727","599616145559026560","-1001","-12","-145"
"11728","599616145563901824","-998","-13","-145"
"11729","599616145568777088","-998","-16","-151"
"11730","599616145573652352","-998","-12","-149"
"11731","599616145578527616","-997","-12","-150"
"11732","599616145583402880","-996","-13","-152"
"11733","599616145588278144","-996","-11","-157"
"11734","599616145593153408","-995","-11","-158"
"11735","599616145598028544","-994","-12","-163"
"11736","599616145602903882","-996","-13","-160"
"11737","599616145607779200","-996","-11","-157"
"11738","599616145612654464","-995","-11","-156"
"11739","599616145617529728","-995","-9","-158"
"11740","599616145622404992","-997","-10","-152"
"11741","599616145627280256","-998","-10","-155"
"11742","599616145632155392","-1001","-10","-164"
"11743","599616145637030656","-1007","-9","-172"
"11744","599616145641905920","-1003","-10","-172"
"11745","599616145646781184","-1000","-12","-174"
"11746","599616145651656448","-998","-10","-169"
"11747","599616145656531712","-996","-14","-172"
"11748","599616145661406976","-996","-14","-171"
"11749","599616145666282240","-997","-13","-169"
"11750","599616145671157504","-997","-10","-175"
"11751","599616145676032768","-998","-10","-179"
"11752","599616145680907904","-999","-10","-181"
"11753","599616145685783168","-1001","-11","-186"
"11754","599616145690658432","-1001","-13","-183"
"11755","599616145695533696","-1000","-14","-179"
"11756","599616145700408960","-999","-12","-178"
"11757","599616145705284224","-998","-12","-176"
"11758","599616145710159488","-998","-12","-184"
"11759","599616145715034752","-999","-14","-179"
"11760","599616145719910016","-999","-17","-176"
"11761","599616145724785152","-1000","-15","-174"
"11762","599616145729660416","-997","-15","-176"
"11763","599616145734535680","-997","-14","-178"
"11764","599616145739410944","-998","-17","-174"
"11765","599616145744286208","-996","-16","-170"
"11766","599616145749161472","-995","-16","-167"
"11767","599616145754036736","-995","-15","-171"
"11768","599616145758912000","-997","-16","-176"
"11769","599616145763787264","-996","-14","-175"
"11770","599616145768662528","-997","-15","-168"
"11771","599616145773537664","-997","-13","-177"
"11772","599616145778412900","-998","-15","-179"
"11773","599616145783289856","-1000","-14","-182"
"11774","599616145788166784","-997","-15","-188"
"11775","599616145793043712","-997","-15","-179"
"11776","599616145797920640","-996","-15","-186"
"11777","599616145802797696","-995","-13","-190"
"11778","599616145807674624","-995","-15","-189"
"11779","599616145812551552","-994","-13","-187"
"11780","599616145817428480","-994","-11","-188"
"11781","599616145822305408","-994","-12","-192"
"11782","599616145827182336","-995","-12","-190"
"11783","599616145832059264","-994","-10","-188"
"11784","599616145836936320","-995","-9","-190"
"11785","599616145841813248","-995","-9","-191"
"11786","599616145846690176","-995","-7","-193"
"11787","599616145851567104","-995","-10","-193"
"11788","599616145856444032","-996","-10","-194"
"11789","599616145861320960","-995","-10","-198"
"11790","599616145866197888","-995","-7","-197"
"11791","599616145871074816","-994","-11","-205"
"11792","599616145875951872","-994","-8","-203"
"11793","599616145880828800","-993","-11","-202"
"11794","599616145885705728","-993","-11","-205"
"11795","599616145890582656","-993","-10","-208"
"11796","599616145895459584","-994","-12","-206"
"11797","599616145900336512","-993","-10","-204"
"11798","599616145905213440","-993","-9","-202"
"11799","599616145910090496","-993","-6","-207"
"11800","599616145914967424","-994","-7","-205"
"11801","599616145919844352","-995","-6","-209"
"11802","599616145924721280","-996","-3","-208"
"11803","599616145929598208","-996","-6","-208"
"11804","599616145934475136","-996","-6","-203"
"11805","599616145939352064","-995","-3","-201"
"11806","599616145944229120","-994","-4","-195"
"11807","599616145949106048","-993","-4","-187"
"11808","599616145953982938","-993","-1","-178"
"11809","599616145958860800","-990","-8","-172"
"11810","599616145963738624","-993","-10","-162"
"11811","599616145968616448","-995","-8","-178"
"11812","599616145973494144","-997","-4","-202"
"11813","599616145978371968","-1003","-2","-205"
"11814","599616145983249792","-1013","-13","-225"
"11815","599616145988127616","-1025","-13","-240"
"11816","599616145993005312","-1040","-8","-252"
"11817","599616145997883136","-1041","-9","-253"
"11818","599616146002760960","-1010","-12","-183"
"11819","599616146007638784","-995","-14","-150"
"11820","599616146012516480","-996","-14","-179"
"11821","599616146017394304","-995","-13","-161"
"11822","599616146022272128","-993","-10","-166"
"11823","599616146027149952","-994","-7","-202"
"11824","599616146032027648","-994","-4","-227"
"11825","599616146036905472","-995","-4","-236"
"11826","599616146041783296","-994","-6","-240"
"11827","599616146046661120","-993","-7","-243"
"11828","599616146051538944","-993","-5","-240"
"11829","599616146056416640","-993","-9","-228"
"11830","599616146061294464","-994","-9","-224"
"11831","599616146066172288","-994","-11","-218"
"11832","599616146071050112","-994","-8","-209"
"11833","599616146075927808","-994","-8","-205"
"11834","599616146080805632","-995","-5","-206"
"11835","599616146085683456","-995","-5","-209"
"11836","599616146090561280","-994","-5","-211"
"11837","599616146095438976","-995","-5","-207"
"11838","599616146100316800","-994","-2","-210"
"11839","599616146105194624","-994","-1","-206"
"11840","599616146110072448","-996","1","-208"
"11841","599616146114950144","-995","1","-206"
"11842","599616146119827968","-994","0","-210"
"11843","599616146124705792","-997","-1","-206"
"11844","599616146129583520","-997","-1","-206"
"11845","599616146134460416","-1001","-3","-210"
"11846","599616146139337344","-999","-4","-210"
"11847","599616146144214272","-998","-6","-211"
"11848","599616146149091200","-998","-6","-215"
"11849","599616146153968256","-996","-7","-218"
"11850","599616146158845184","-994","-8","-216"
"11851","599616146163722112","-995","-10","-220"
"11852","599616146168599040","-996","-7","-219"
"11853","599616146173475968","-994","-6","-219"
"11854","599616146178352896","-995","-2","-220"
"11855","599616146183229824","-995","-6","-219"
"11856","599616146188106880","-994","-7","-222"
"11857","599616146192983808","-993","-5","-224"
"11858","599616146197860736","-994","-6","-221"
"11859","599616146202737664","-993","-7","-225"
"11860","599616146207614592","-993","-7","-226"
"11861","599616146212491520","-993","-8","-230"
"11862","599616146217368448","-992","-10","-231"
"11863","599616146222245376","-993","-11","-237"
"11864","599616146227122432","-993","-15","-242"
"11865","599616146231999360","-993","-10","-231"
"11866","599616146236876288","-994","-10","-231"
"11867","599616146241753216","-994","-8","-230"
"11868","599616146246630144","-996","-9","-231"
"11869","599616146251507072","-995","-9","-232"
"11870","599616146256384000","-996","-8","-228"
"11871","599616146261261056","-994","-6","-228"
"11872","599616146266137984","-995","-8","-227"
"11873","599616146271014912","-995","-6","-226"
"11874","599616146275891840","-993","-7","-224"
"11875","599616146280768768","-994","-7","-225"
"11876","599616146285645696","-993","-9","-224"
"11877","599616146290522624","-994","-8","-225"
"11878","599616146295399680","-994","-8","-230"
"11879","599616146300276608","-993","-9","-230"
"11880","599616146305153564","-993","-10","-229"
"11881","599616146310028800","-996","-10","-231"
"11882","599616146314904064","-993","-11","-233"
"11883","599616146319779328","-993","-11","-231"
"11884","599616146324654592","-994","-12","-229"
"11885","599616146329529856","-993","-12","-231"
"11886","599616146334404992","-993","-11","-230"
"11887","599616146339280256","-993","-13","-235"
"11888","599616146344155520","-994","-11","-233"
"11889","599616146349030784","-995","-13","-234"
"11890","599616146353906048","-996","-15","-237"
"11891","599616146358781312","-996","-12","-241"
"11892","599616146363656576","-996","-14","-238"
"11893","599616146368531840","-995","-12","-237"
"11894","599616146373407104","-995","-12","-238"
"11895","599616146378282368","-995","-12","-239"
"11896","599616146383157504","-995","-12","-238"
"11897","599616146388032768","-994","-10","-240"
"11898","599616146392908032","-993","-11","-243"
"11899","599616146397783296","-994","-10","-240"
"11900","599616146402658560","-993","-11","-235"
"11901","599616146407533824","-993","-10","-238"
"11902","599616146412409088","-994","-11","-237"
"11903","599616146417284352","-993","-10","-236"
"11904","599616146422159616","-995","-11","-235"
"11905","599616146427034880","-994","-9","-237"
"11906","599616146431910016","-995","-11","-233"
"11907","599616146436785280","-995","-12","-235"
"11908","599616146441660544","-994","-10","-237"
"11909","599616146446535808","-994","-10","-236"
"11910","599616146451411072","-994","-11","-239"
"11911","599616146456286336","-993","-8","-239"
"11912","599616146461161600","-993","-11","-237"
"11913","599616146466036864","-993","-10","-239"
"11914","599616146470912128","-994","-11","-242"
"11915","599616146475787392","-994","-11","-239"
"11916","599616146480662598","-994","-13","-243"
"11917","599616146485539584","-993","-9","-235"
"11918","599616146490416512","-993","-15","-244"
"11919","599616146495293440","-994","-14","-243"
"11920","599616146500170368","-993","-14","-241"
"11921","599616146505047424","-993","-16","-240"
"11922","599616146509924352","-994","-17","-238"
"11923","599616146514801280","-993","-18","-234"
"11924","599616146519678208","-996","-20","-233"
"11925","599616146524555136","-1003","-21","-235"
"11926","599616146529432064","-1014","-20","-235"
"11927","599616146534308992","-1026","-17","-237"
"11928","599616146539186048","-1032","-16","-237"
"11929","599616146544062976","-1033","-11","-235"
"11930","599616146548939904","-1025","-9","-235"
"11931","599616146553816832","-1014","-7","-234"
"11932","599616146558693760","-1004","-5","-235"
"11933","599616146563570688","-996","-5","-231"
"11934","599616146568447616","-992","-8","-232"
"11935","599616146573324544","-990","-11","-233"
"11936","599616146578201600","-988","-5","-242"
"11937","599616146583078528","-990","-5","-253"
"11938","599616146587955456","-989","-3","-259"
"11939","599616146592832384","-991","-9","-261"
"11940","599616146597709312","-993","-11","-271"
"11941","599616146602586240","-994","-11","-285"
"11942","599616146607463168","-996","-11","-297"
"11943","599616146612340224","-994","-13","-264"
"11944","599616146617217152","-990","-16","-225"
"11945","599616146622094080","-988","-15","-226"
"11946","599616146626971008","-986","-17","-233"
"11947","599616146631847936","-980","-17","-227"
"11948","599616146636724864","-982","-12","-237"
"11949","599616146641601792","-985","-12","-254"
"11950","599616146646478848","-988","-13","-258"
"11951","599616146651355776","-989","-11","-262"
"11952","599616146656232636","-990","-13","-264"
"11953","599616146661110400","-992","-17","-266"
"11954","599616146665988224","-992","-14","-265"
"11955","599616146670866048","-992","-16","-261"
"11956","599616146675743744","-993","-14","-261"
"11957","599616146680621568","-993","-15","-256"
"11958","599616146685499392","-993","-14","-255"
"11959","599616146690377216","-992","-14","-252"
"11960","599616146695254912","-992","-10","-252"
"11961","599616146700132736","-992","-10","-253"
"11962","599616146705010560","-992","-10","-253"
"11963","599616146709888384","-992","-9","-252"
"11964","599616146714766080","-992","-9","-253"
"11965","599616146719643904","-993","-11","-253"
"11966","599616146724521728","-994","-9","-252"
"11967","599616146729399552","-994","-11","-246"
"11968","599616146734277248","-994","-12","-244"
"11969","599616146739155072","-995","-11","-244"
"11970","599616146744032896","-993","-11","-248"
"11971","599616146748910720","-994","-13","-248"
"11972","599616146753788544","-995","-11","-250"
"11973","599616146758666240","-994","-13","-251"
"11974","599616146763544064","-994","-14","-249"
"11975","599616146768421888","-994","-13","-250"
"11976","599616146773299712","-993","-14","-251"
"11977","599616146778177408","-992","-14","-252"
"11978","599616146783055232","-992","-11","-250"
"11979","599616146787933056","-992","-11","-250"
"11980","599616146792810880","-992","-11","-250"
"11981","599616146797688576","-992","-10","-247"
"11982","599616146802566400","-992","-11","-248"
"11983","599616146807444224","-992","-9","-248"
"11984","599616146812322048","-992","-9","-248"
"11985","599616146817199744","-992","-9","-251"
"11986","599616146822077568","-992","-8","-250"
"11987","599616146826955392","-993","-8","-254"
"11988","599616146831833218","-992","-12","-256"
"11989","599616146836710144","-993","-7","-261"
"11990","599616146841587072","-993","-11","-258"
"11991","599616146846464000","-993","-9","-258"
"11992","599616146851340928","-994","-8","-254"
"11993","599616146856217984","-993","-7","-255"
"11994","599616146861094912","-993","-4","-256"
"11995","599616146865971840","-994","-8","-255"
"11996","599616146870848768","-994","-8","-255"
"11997","599616146875725696","-994","-7","-255"
"11998","599616146880602624","-995","-7","-255"
"11999","599616146885479552","-994","-8","-255"
"12000","599616146890356608","-994","-8","-255"
"12001","599616146895233536","-993","-8","-255"
"12002","599616146900110464","-993","-11","-255"
"12003","599616146904987392","-993","-8","-253"
"12004","599616146909864320","-993","-8","-255"
"12005","599616146914741248","-992","-13","-256"
"12006","599616146919618176","-993","-12","-255"
"12007","599616146924495104","-992","-11","-258"
"12008","599616146929372160","-992","-7","-260"
"12009","599616146934249088","-993","-10","-260"
"12010","599616146939126016","-992","-11","-259"
"12011","599616146944002944","-992","-6","-261"
"12012","599616146948879872","-992","-9","-259"
"12013","599616146953756800","-992","-9","-260"
"12014","599616146958633728","-992","-6","-259"
"12015","599616146963510784","-991","-7","-259"
"12016","599616146968387712","-992","-7","-260"
"12017","599616146973264640","-993","-6","-263"
"12018","599616146978141568","-993","-6","-264"
"12019","599616146983018496","-993","-8","-263"
"12020","599616146987895424","-993","-5","-262"
"12021","599616146992772352","-993","-4","-264"
"12022","599616146997649408","-994","-6","-263"
"12023","599616147002526336","-994","-6","-264"
"12024","599616147007403262","-994","-7","-262"
"12025","599616147012281088","-996","-2","-260"
"12026","599616147017158912","-994","-4","-262"
"12027","599616147022036736","-993","-7","-263"
"12028","599616147026914432","-993","-5","-262"
"12029","599616147031792256","-993","-4","-261"
"12030","599616147036670080","-993","-7","-261"
"12031","599616147041547904","-993","-4","-262"
"12032","599616147046425600","-993","-8","-264"
"12033","599616147051303424","-992","-5","-265"
"12034","599616147056181248","-992","-7","-263"
"12035","599616147061059072","-992","-7","-265"
"12036","599616147065936768","-992","-6","-267"
"12037","599616147070814592","-992","-7","-267"
"12038","599616147075692416","-992","-7","-268"
"12039","599616147080570240","-990","-7","-269"
"12040","599616147085447936","-990","-4","-268"
"12041","599616147090325760","-990","-9","-270"
"12042","599616147095203584","-990","-5","-269"
"12043","599616147100081408","-989","-10","-271"
"12044","599616147104959232","-988","-8","-270"
"12045","599616147109836928","-990","-9","-272"
"12046","599616147114714752","-990","-9","-271"
"12047","599616147119592576","-989","-10","-272"
"12048","599616147124470400","-990","-10","-274"
"12049","599616147129348096","-990","-12","-274"
"12050","599616147134225920","-989","-11","-276"
"12051","599616147139103744","-991","-11","-273"
"12052","599616147143981568","-991","-11","-278"
"12053","599616147148859264","-992","-8","-278"
"12054","599616147153737088","-992","-10","-277"
"12055","599616147158614912","-992","-6","-270"
"12056","599616147163492736","-992","-6","-269"
"12057","599616147168370432","-992","-4","-270"
"12058","599616147173248256","-992","-6","-265"
"12059","599616147178126080","-990","-6","-263"
"12060","599616147183003844","-989","-5","-261"
"12061","599616147187881728","-989","-6","-258"
"12062","599616147192759552","-989","-6","-262"
"12063","599616147197637376","-991","-2","-274"
"12064","599616147202515072","-993","0","-289"
"12065","599616147207392896","-993","-7","-291"
"12066","599616147212270720","-999","-10","-311"
"12067","599616147217148544","-1004","-10","-316"
"12068","599616147222026240","-1002","-7","-318"
"12069","599616147226904064","-995","-11","-283"
"12070","599616147231781888","-991","-10","-257"
"12071","599616147236659712","-990","-13","-257"
"12072","599616147241537408","-991","-12","-265"
"12073","599616147246415232","-990","-14","-258"
"12074","599616147251293056","-987","-9","-257"
"12075","599616147256170880","-992","-4","-280"
"12076","599616147261048576","-992","-3","-285"
"12077","599616147265926400","-993","-7","-292"
"12078","599616147270804224","-993","-9","-303"
"12079","599616147275682048","-992","-10","-305"
"12080","599616147280559744","-993","-9","-302"
"12081","599616147285437568","-992","-8","-295"
"12082","599616147290315392","-992","-7","-293"
"12083","599616147295193216","-992","-7","-290"
"12084","599616147300071040","-991","-5","-283"
"12085","599616147304948736","-991","-1","-283"
"12086","599616147309826560","-990","-5","-282"
"12087","599616147314704384","-990","-3","-278"
"12088","599616147319582208","-991","-2","-279"
"12089","599616147324459904","-991","-3","-282"
"12090","599616147329337728","-991","-1","-281"
"12091","599616147334215552","-991","-4","-283"
"12092","599616147339093376","-992","-5","-275"
"12093","599616147343971072","-991","-5","-281"
"12094","599616147348848896","-992","-3","-275"
"12095","599616147353726720","-992","-3","-276"
"12096","599616147358604416","-992","-4","-277"
"12097","599616147363482240","-991","-4","-279"
"12098","599616147368360064","-992","-2","-279"
"12099","599616147373237888","-992","-1","-280"
"12100","599616147378115584","-991","0","-285"
"12101","599616147382993408","-991","-2","-287"
"12102","599616147387871232","-990","0","-287"
"12103","599616147392749056","-990","3","-284"
"12104","599616147397626752","-990","3","-286"
"12105","599616147402504576","-991","-1","-287"
"12106","599616147407382400","-990","-2","-286"
"12107","599616147412260224","-991","-1","-284"
"12108","599616147417137920","-991","-3","-284"
"12109","599616147422015744","-991","-9","-283"
"12110","599616147426893568","-991","-7","-282"
"12111","599616147431771392","-991","-10","-287"
"12112","599616147436649088","-991","-12","-287"
"12113","599616147441526912","-991","-12","-290"
"12114","599616147446404736","-990","-13","-284"
"12115","599616147451282560","-990","-12","-288"
"12116","599616147456160256","-989","-14","-293"
"12117","599616147461038080","-990","-13","-299"
"12118","599616147465915904","-990","-11","-298"
"12119","599616147470793728","-987","-9","-289"
"12120","599616147475671552","-988","-6","-289"
"12121","599616147480549248","-989","-4","-282"
"12122","599616147485427072","-988","-2","-278"
"12123","599616147490304896","-990","-1","-279"
"12124","599616147495182720","-989","4","-283"
"12125","599616147500060416","-991","5","-282"
"12126","599616147504938240","-991","8","-288"
"12127","599616147509816064","-991","8","-287"
"12128","599616147514693888","-991","7","-288"
"12129","599616147519571584","-991","7","-290"
"12130","599616147524449408","-990","9","-292"
"12131","599616147529327232","-990","12","-293"
"12132","599616147534204988","-988","10","-290"
"12133","599616147539081856","-988","9","-292"
"12134","599616147543958784","-989","8","-291"
"12135","599616147548835712","-989","11","-288"
"12136","599616147553712640","-989","8","-288"
"12137","599616147558589696","-990","13","-286"
"12138","599616147563466624","-990","13","-288"
"12139","599616147568343552","-991","12","-289"
"12140","599616147573220480","-992","9","-289"
"12141","599616147578097408","-992","12","-290"
"12142","599616147582974336","-993","9","-287"
"12143","599616147587851264","-993","7","-287"
"12144","599616147592728320","-993","8","-291"
"12145","599616147597605248","-993","10","-290"
"12146","599616147602482176","-993","10","-295"
"12147","599616147607359104","-993","9","-292"
"12148","599616147612236032","-993","8","-292"
"12149","599616147617112960","-993","8","-292"
"12150","599616147621989888","-993","8","-292"
"12151","599616147626866816","-993","8","-293"
"12152","599616147631743872","-993","8","-295"
"12153","599616147636620800","-992","5","-296"
"12154","599616147641497728","-993","5","-291"
"12155","599616147646374656","-993","2","-287"
"12156","599616147651251584","-992","3","-286"
"12157","599616147656128512","-992","3","-293"
"12158","599616147661005440","-991","3","-289"
"12159","599616147665882496","-992","0","-294"
"12160","599616147670759424","-991","-2","-293"
"12161","599616147675636352","-992","1","-292"
"12162","599616147680513280","-991","0","-291"
"12163","599616147685390208","-989","3","-292"
"12164","599616147690267136","-990","-1","-293"
"12165","599616147695144064","-990","2","-290"
"12166","599616147700021120","-990","1","-291"
"12167","599616147704898048","-989","2","-290"
"12168","599616147709775032","-990","2","-288"
"12169","599616147714653568","-990","4","-289"
"12170","599616147719532160","-986","1","-294"
"12171","599616147724410880","-988","2","-292"
"12172","599616147729289472","-987","0","-295"
"12173","599616147734168192","-987","4","-297"
"12174","599616147739046784","-988","1","-297"
"12175","599616147743925376","-986","6","-298"
"12176","599616147748804096","-988","4","-301"
"12177","599616147753682688","-989","6","-301"
"12178","599616147758561408","-987","9","-299"
"12179","599616147763440000","-989","7","-298"
"12180","599616147768318592","-990","10","-300"
"12181","599616147773197312","-991","10","-301"
"12182","599616147778075904","-992","12","-300"
"12183","599616147782954496","-993","12","-296"
"12184","599616147787833216","-992","13","-295"
"12185","599616147792711808","-992","12","-293"
"12186","599616147797590528","-993","11","-290"
"12187","599616147802469120","-991","10","-285"
"12188","599616147807347712","-989","11","-278"
"12189","599616147812226432","-988","8","-273"
"12190","599616147817105024","-988","3","-275"
"12191","599616147821983744","-991","9","-287"
"12192","599616147826862336","-992","11","-299"
"12193","599616147831740928","-992","7","-299"
"12194","599616147836619648","-993","0","-323"
"12195","599616147841498240","-1000","5","-341"
"12196","599616147846376960","-1001","3","-349"
"12197","599616147851255552","-993","0","-324"
"12198","599616147856134144","-989","-3","-278"
"12199","599616147861012864","-978","-6","-264"
"12200","599616147865891456","-984","-5","-284"
"12201","599616147870770048","-985","-9","-279"
"12202","599616147875648768","-983","-6","-271"
"12203","599616147880527360","-988","0","-285"
"12204","599616147885406142","-991","3","-307"
"12205","599616147890281344","-994","5","-304"
"12206","599616147895156608","-992","3","-318"
"12207","599616147900031872","-992","0","-319"
"12208","599616147904907136","-990","-1","-320"
"12209","599616147909782400","-991","-2","-320"
"12210","599616147914657536","-991","-1","-310"
"12211","599616147919532800","-989","1","-309"
"12212","599616147924408064","-991","7","-309"
"12213","599616147929283328","-989","3","-302"
"12214","599616147934158592","-987","6","-296"
"12215","599616147939033856","-988","7","-296"
"12216","599616147943909120","-988","6","-296"
"12217","599616147948784384","-990","6","-293"
"12218","599616147953659648","-990","2","-296"
"12219","599616147958534912","-991","0","-294"
"12220","599616147963410048","-990","-3","-300"
"12221","599616147968285312","-991","-4","-297"
"12222","599616147973160576","-991","-4","-294"
"12223","599616147978035840","-991","-5","-296"
"12224","599616147982911104","-991","-6","-301"
"12225","599616147987786368","-991","-10","-305"
"12226","599616147992661632","-992","-6","-308"
"12227","599616147997536896","-991","-8","-306"
"12228","599616148002412160","-990","-8","-309"
"12229","599616148007287296","-992","-6","-312"
"12230","599616148012162560","-990","-6","-310"
"12231","599616148017037824","-990","-2","-311"
"12232","599616148021913088","-990","0","-312"
"12233","599616148026788352","-989","1","-308"
"12234","599616148031663616","-989","0","-305"
"12235","599616148036538880","-990","-6","-309"
"12236","599616148041414144","-990","0","-301"
"12237","599616148046289408","-989","0","-300"
"12238","599616148051164544","-990","-3","-299"
"12239","599616148056039808","-991","2","-294"
"12240","599616148060915156","-991","1","-295"
"12241","599616148065790464","-994","-1","-296"
"12242","599616148070665728","-991","-2","-300"
"12243","599616148075540992","-992","0","-300"
"12244","599616148080416256","-991","0","-307"
"12245","599616148085291520","-991","-2","-313"
"12246","599616148090166656","-992","-4","-319"
"12247","599616148095041920","-991","-5","-307"
"12248","599616148099917184","-991","-3","-303"
"12249","599616148104792448","-990","-1","-305"
"12250","599616148109667712","-990","-3","-305"
"12251","599616148114542976","-991","1","-305"
"12252","599616148119418240","-991","-2","-302"
"12253","599616148124293504","-990","-5","-305"
"12254","599616148129168768","-991","-4","-302"
"12255","599616148134044032","-991","-3","-304"
"12256","599616148138919168","-991","-4","-303"
"12257","599616148143794432","-990","-3","-306"
"12258","599616148148669696","-990","-7","-304"
"12259","599616148153544960","-989","-3","-304"
"12260","599616148158420224","-990","-6","-302"
"12261","599616148163295488","-989","-4","-304"
"12262","599616148168170752","-989","-3","-301"
"12263","599616148173046016","-988","-4","-300"
"12264","599616148177921280","-989","-1","-303"
"12265","599616148182796416","-989","-1","-299"
"12266","599616148187671680","-986","-1","-299"
"12267","599616148192546944","-990","0","-300"
"12268","599616148197422208","-990","0","-303"
"12269","599616148202297472","-988","-2","-300"
"12270","599616148207172736","-989","2","-303"
"12271","599616148212048000","-990","2","-307"
"12272","599616148216923264","-991","-1","-304"
"12273","599616148221798528","-990","0","-302"
"12274","599616148226673792","-990","1","-304"
"12275","599616148231548928","-990","-1","-301"
"12276","599616148236424174","-991","2","-301"
"12277","599616148241300352","-991","-6","-300"
"12278","599616148246176512","-990","2","-302"
"12279","599616148251052544","-990","0","-301"
"12280","599616148255928704","-990","1","-297"
"12281","599616148260804736","-990","1","-300"
"12282","599616148265680896","-991","-1","-306"
"12283","599616148270556928","-991","1","-300"
"12284","599616148275433088","-991","1","-299"
"12285","599616148280309120","-990","-1","-296"
"12286","599616148285185280","-990","0","-300"
"12287","599616148290061312","-990","-1","-296"
"12288","599616148294937472","-991","2","-292"
"12289","599616148299813504","-991","-2","-299"
"12290","599616148304689664","-990","1","-293"
"12291","599616148309565696","-991","1","-298"
"12292","599616148314441856","-991","-2","-297"
"12293","599616148319317888","-991","2","-295"
"12294","599616148324194048","-990","1","-299"
"12295","599616148329070080","-990","3","-296"
"12296","599616148333946240","-991","1","-296"
"12297","599616148338822272","-990","3","-294"
"12298","599616148343698432","-991","1","-298"
"12299","599616148348574464","-991","1","-294"
"12300","599616148353450624","-991","2","-299"
"12301","599616148358326656","-990","0","-300"
"12302","599616148363202816","-990","4","-299"
"12303","599616148368078976","-989","5","-306"
"12304","599616148372955008","-989","7","-304"
"12305","599616148377831168","-989","5","-309"
"12306","599616148382707200","-987","4","-304"
"12307","599616148387583360","-987","9","-307"
"12308","599616148392459392","-987","5","-309"
"12309","599616148397335552","-990","5","-311"
"12310","599616148402211584","-990","2","-311"
"12311","599616148407087744","-991","2","-310"
"12312","599616148411963720","-992","2","-306"
"12313","599616148416839040","-991","6","-301"
"12314","599616148421714304","-990","1","-299"
"12315","599616148426589568","-991","-2","-296"
"12316","599616148431464832","-990","3","-289"
"12317","599616148436340096","-988","0","-286"
"12318","599616148441215232","-984","-4","-281"
"12319","599616148446090496","-987","-2","-280"
"12320","599616148450965760","-988","-2","-284"
"12321","599616148455841024","-991","-2","-301"
"12322","599616148460716288","-991","-3","-306"
"12323","599616148465591552","-993","-7","-325"
"12324","599616148470466816","-994","-7","-345"
"12325","599616148475342080","-996","-5","-338"
"12326","599616148480217344","-994","-5","-331"
"12327","599616148485092480","-990","-11","-285"
"12328","599616148489967744","-981","-11","-267"
"12329","599616148494843008","-980","-11","-273"
"12330","599616148499718272","-984","-9","-284"
"12331","599616148504593536","-980","-10","-274"
"12332","599616148509468800","-983","-7","-281"
"12333","599616148514344064","-989","-1","-304"
"12334","599616148519219328","-992","-2","-314"
"12335","599616148524094592","-990","0","-310"
"12336","599616148528969856","-990","-3","-319"
"12337","599616148533844992","-989","-6","-320"
"12338","599616148538720256","-991","-7","-320"
"12339","599616148543595520","-991","-5","-311"
"12340","599616148548470784","-990","-5","-310"
"12341","599616148553346048","-990","0","-304"
"12342","599616148558221312","-989","0","-300"
"12343","599616148563096576","-988","2","-300"
"12344","599616148567971840","-988","4","-297"
"12345","599616148572847104","-988","6","-293"
"12346","599616148577722240","-989","5","-297"
"12347","599616148582597504","-990","0","-294"
"12348","599616148587472728","-991","0","-295"
"12349","599616148592348032","-988","0","-293"
"12350","599616148597223296","-992","-3","-293"
"12351","599616148602098560","-992","-2","-292"
"12352","599616148606973824","-992","-6","-290"
"12353","599616148611849088","-992","-5","-292"
"12354","599616148616724224","-992","-6","-292"
"12355","599616148621599488","-992","-5","-293"
"12356","599616148626474752","-992","-5","-298"
"12357","599616148631350016","-991","-6","-299"
"12358","599616148636225280","-991","-4","-303"
"12359","599616148641100544","-991","-4","-306"
"12360","599616148645975808","-990","-3","-305"
"12361","599616148650851072","-990","-2","-304"
"12362","599616148655726336","-988","-4","-302"
"12363","599616148660601600","-988","-2","-301"
"12364","599616148665476736","-987","-2","-305"
"12365","599616148670352000","-987","-1","-301"
"12366","599616148675227264","-986","-2","-297"
"12367","599616148680102528","-986","-2","-293"
"12368","599616148684977792","-989","-1","-296"
"12369","599616148689853056","-990","-5","-291"
"12370","599616148694728320","-990","-5","-296"
"12371","599616148699603584","-990","-3","-300"
"12372","599616148704478848","-990","-5","-301"
"12373","599616148709353984","-989","-11","-303"
"12374","599616148714229248","-990","-11","-309"
"12375","599616148719104512","-992","-12","-315"
"12376","599616148723979776","-991","-11","-305"
"12377","599616148728855040","-992","-9","-304"
"12378","599616148733730304","-990","-9","-303"
"12379","599616148738605568","-990","-10","-304"
"12380","599616148743480832","-992","-13","-303"
"12381","599616148748356096","-992","-11","-297"
"12382","599616148753231360","-991","-11","-304"
"12383","599616148758106496","-991","-11","-310"
"12384","599616148762981746","-991","-15","-305"
"12385","599616148767857920","-991","-10","-302"
"12386","599616148772734080","-990","-11","-303"
"12387","599616148777610112","-989","-14","-303"
"12388","599616148782486272","-988","-12","-303"
"12389","599616148787362304","-989","-12","-306"
"12390","599616148792238464","-988","-11","-303"
"12391","599616148797114496","-988","-9","-302"
"12392","599616148801990656","-987","-10","-304"
"12393","599616148806866688","-986","-7","-308"
"12394","599616148811742848","-985","-9","-305"
"12395","599616148816618880","-985","-10","-305"
"12396","599616148821495040","-986","-6","-301"
"12397","599616148826371072","-986","-6","-304"
"12398","599616148831247232","-985","-4","-304"
"12399","599616148836123264","-986","-7","-303"
"12400","599616148840999424","-986","-3","-306"
"12401","599616148845875456","-988","-7","-305"
"12402","599616148850751616","-988","-2","-306"
"12403","599616148855627648","-988","-3","-305"
"12404","599616148860503808","-990","-3","-305"
"12405","599616148865379840","-989","0","-306"
"12406","599616148870256000","-990","-1","-308"
"12407","599616148875132032","-990","-4","-311"
"12408","599616148880008192","-991","-4","-307"
"12409","599616148884884224","-991","-7","-308"
"12410","599616148889760384","-991","-8","-312"
"12411","599616148894636544","-991","-7","-308"
"12412","599616148899512576","-991","-8","-306"
"12413","599616148904388736","-992","-8","-305"
"12414","599616148909264768","-992","-9","-301"
"12415","599616148914140928","-991","-6","-309"
"12416","599616148919016960","-992","-9","-304"
"12417","599616148923893120","-991","-10","-308"
"12418","599616148928769152","-992","-10","-303"
"12419","599616148933645312","-990","-10","-306"
"12420","599616148938521292","-990","-9","-301"
"12421","599616148943395712","-990","-11","-299"
"12422","599616148948270080","-990","-6","-303"
"12423","599616148953144576","-989","-9","-303"
"12424","599616148958018944","-989","-7","-301"
"12425","599616148962893312","-990","-6","-302"
"12426","599616148967767680","-988","-4","-304"
"12427","599616148972642176","-987","-2","-302"
"12428","599616148977516544","-988","-7","-304"
"12429","599616148982390912","-989","-7","-301"
"12430","599616148987265280","-988","-4","-305"
"12431","599616148992139776","-989","-5","-306"
"12432","599616148997014144","-987","-2","-307"
"12433","599616149001888512","-988","-2","-308"
"12434","599616149006762880","-987","-2","-309"
"12435","599616149011637376","-987","-4","-308"
"12436","599616149016511744","-987","-3","-307"
"12437","599616149021386112","-988","-4","-314"
"12438","599616149026260608","-989","-2","-311"
"12439","599616149031134976","-991","-1","-314"
"12440","599616149036009344","-991","-1","-312"
"12441","599616149040883712","-991","2","-310"
"12442","599616149045758208","-990","2","-310"
"12443","599616149050632576","-991","-1","-304"
"12444","599616149055506944","-991","-1","-300"
"12445","599616149060381312","-990","-3","-296"
"12446","599616149065255808","-988","-5","-290"
"12447","599616149070130176","-986","-1","-283"
"12448","599616149075004544","-988","-4","-284"
"12449","599616149079878912","-988","-3","-296"
"12450","599616149084753408","-992","1","-312"
"12451","599616149089627776","-992","2","-317"
"12452","599616149094502144","-993","-3","-334"
"12453","599616149099376640","-995","-4","-356"
"12454","599616149104251008","-996","-1","-355"
"12455","599616149109125376","-994","-5","-334"
"12456","599616149113999772","-988","-5","-293"
"12457","599616149118875008","-975","-11","-270"
"12458","599616149123750272","-979","-8","-279"
"12459","599616149128625536","-980","-7","-290"
"12460","599616149133500800","-981","-7","-277"
"12461","599616149138376064","-985","-4","-290"
"12462","599616149143251200","-990","2","-313"
"12463","599616149148126464","-991","4","-316"
"12464","599616149153001728","-991","2","-317"
"12465","599616149157876992","-990","-2","-322"
"12466","599616149162752256","-990","-4","-323"
"12467","599616149167627520","-990","-7","-326"
"12468","599616149172502784","-990","-3","-323"
"12469","599616149177378048","-990","-3","-318"
"12470","599616149182253312","-989","0","-313"
"12471","599616149187128576","-987","0","-309"
"12472","599616149192003712","-987","3","-302"
"12473","599616149196878976","-987","2","-302"
"12474","599616149201754240","-987","3","-299"
"12475","599616149206629504","-988","3","-303"
"12476","599616149211504768","-989","1","-303"
"12477","599616149216380032","-990","-2","-301"
"12478","599616149221255296","-990","-1","-301"
"12479","599616149226130560","-991","0","-299"
"12480","599616149231005824","-991","-4","-297"
"12481","599616149235881088","-991","-2","-299"
"12482","599616149240756224","-990","-3","-300"
"12483","599616149245631488","-991","-4","-303"
"12484","599616149250506752","-991","-4","-301"
"12485","599616149255382016","-992","-4","-305"
"12486","599616149260257280","-991","-4","-308"
"12487","599616149265132544","-990","-3","-313"
"12488","599616149270007808","-990","0","-308"
"12489","599616149274883072","-987","2","-311"
"12490","599616149279758336","-988","-1","-315"
"12491","599616149284633472","-988","2","-312"
"12492","599616149289508800","-988","3","-308"
"12493","599616149294385792","-987","3","-308"
"12494","599616149299262720","-987","8","-307"
"12495","599616149304139648","-989","4","-304"
"12496","599616149309016576","-989","3","-301"
"12497","599616149313893632","-989","4","-300"
"12498","599616149318770560","-989","2","-303"
"12499","599616149323647488","-990","2","-302"
"12500","599616149328524416","-990","1","-300"
"12501","599616149333401344","-990","2","-302"
"12502","599616149338278272","-990","0","-307"
"12503","599616149343155200","-990","-3","-311"
"12504","599616149348032256","-990","-3","-315"
"12505","599616149352909184","-991","-5","-304"
"12506","599616149357786112","-990","-5","-304"
"12507","599616149362663040","-991","-2","-303"
"12508","599616149367539968","-991","-2","-306"
"12509","599616149372416896","-990","-2","-298"
"12510","599616149377293824","-991","-4","-303"
"12511","599616149382170752","-991","-3","-302"
"12512","599616149387047808","-990","-3","-306"
"12513","599616149391924736","-992","-9","-307"
"12514","599616149396801664","-991","-6","-302"
"12515","599616149401678592","-991","-7","-306"
"12516","599616149406555520","-990","-7","-305"
"12517","599616149411432448","-991","-7","-304"
"12518","599616149416309376","-992","-7","-305"
"12519","599616149421186432","-991","-7","-302"
"12520","599616149426063360","-991","-7","-303"
"12521","599616149430940288","-991","-5","-299"
"12522","599616149435817216","-991","-5","-299"
"12523","599616149440694144","-990","-1","-304"
"12524","599616149445571072","-990","-2","-303"
"12525","599616149450448000","-990","-1","-305"
"12526","599616149455325056","-990","-3","-305"
"12527","599616149460201984","-991","-1","-302"
"12528","599616149465078838","-990","-2","-301"
"12529","599616149469955712","-990","-3","-305"
"12530","599616149474832640","-991","2","-305"
"12531","599616149479709568","-992","2","-303"
"12532","599616149484586496","-992","-1","-302"
"12533","599616149489463552","-991","0","-304"
"12534","599616149494340480","-991","2","-301"
"12535","599616149499217408","-992","0","-299"
"12536","599616149504094336","-991","2","-299"
"12537","599616149508971264","-991","-2","-297"
"12538","599616149513848192","-991","0","-292"
"12539","599616149518725120","-991","1","-295"
"12540","599616149523602176","-990","-4","-297"
"12541","599616149528479104","-991","0","-294"
"12542","599616149533356032","-991","-2","-294"
"12543","599616149538232960","-991","1","-294"
"12544","599616149543109888","-991","-1","-295"
"12545","599616149547986816","-990","1","-294"
"12546","599616149552863744","-990","-1","-293"
"12547","599616149557740800","-991","-2","-292"
"12548","599616149562617728","-991","-4","-290"
"12549","599616149567494656","-991","-3","-292"
"12550","599616149572371584","-991","-1","-290"
"12551","599616149577248512","-990","-4","-293"
"12552","599616149582125440","-990","-6","-295"
"12553","599616149587002368","-991","-5","-294"
"12554","599616149591879424","-990","-5","-294"
"12555","599616149596756352","-990","-3","-293"
"12556","599616149601633280","-990","-4","-288"
"12557","599616149606510208","-990","-2","-293"
"12558","599616149611387136","-989","-2","-291"
"12559","599616149616264064","-991","-7","-295"
"12560","599616149621140992","-991","-4","-295"
"12561","599616149626017920","-991","-4","-297"
"12562","599616149630894976","-992","-3","-294"
"12563","599616149635771904","-992","-3","-298"
"12564","599616149640648892","-991","-2","-297"
"12565","599616149645523200","-990","-8","-295"
"12566","599616149650397568","-992","-5","-299"
"12567","599616149655272064","-992","-4","-302"
"12568","599616149660146432","-992","-3","-301"
"12569","599616149665020800","-992","-3","-297"
"12570","599616149669895168","-992","-4","-294"
"12571","599616149674769664","-991","-3","-294"
"12572","599616149679644032","-991","-2","-288"
"12573","599616149684518400","-990","-1","-280"
"12574","599616149689392768","-990","-3","-282"
"12575","599616149694267264","-988","-4","-275"
"12576","599616149699141632","-986","-3","-267"
"12577","599616149704016000","-986","-3","-269"
"12578","599616149708890496","-987","0","-279"
"12579","599616149713764864","-991","5","-290"
"12580","599616149718639232","-992","-3","-297"
"12581","599616149723513600","-995","-4","-321"
"12582","599616149728388096","-1002","-2","-329"
"12583","599616149733262464","-1003","-4","-336"
"12584","599616149738136832","-996","-7","-315"
"12585","599616149743011200","-992","-6","-268"
"12586","599616149747885696","-988","-8","-263"
"12587","599616149752760064","-987","-5","-266"
"12588","599616149757634432","-981","-7","-259"
"12589","599616149762508928","-973","-8","-261"
"12590","599616149767383296","-979","-4","-280"
"12591","599616149772257664","-982","-2","-298"
"12592","599616149777132032","-985","-4","-303"
"12593","599616149782006528","-990","0","-312"
"12594","599616149786880896","-992","-7","-313"
"12595","599616149791755264","-991","-4","-311"
"12596","599616149796629632","-992","-5","-301"
"12597","599616149801504128","-992","-7","-298"
"12598","599616149806378496","-992","-6","-290"
"12599","599616149811252864","-992","-3","-285"
"12600","599616149816127398","-991","0","-276"
"12601","599616149821005184","-992","-4","-282"
"12602","599616149825883008","-991","-4","-271"
"12603","599616149830760832","-991","-4","-276"
"12604","599616149835638528","-992","-3","-275"
"12605","599616149840516352","-992","-1","-275"
"12606","599616149845394176","-992","-2","-273"
"12607","599616149850272000","-993","-1","-272"
"12608","599616149855149696","-992","-4","-271"
"12609","599616149860027520","-992","-4","-271"
"12610","599616149864905344","-993","-4","-275"
"12611","599616149869783168","-992","-4","-273"
"12612","599616149874660864","-993","-7","-275"
"12613","599616149879538688","-992","-5","-275"
"12614","599616149884416512","-992","-6","-278"
"12615","599616149889294336","-992","-5","-280"
"12616","599616149894172032","-991","-6","-280"
"12617","599616149899049856","-990","-5","-280"
"12618","599616149903927680","-990","-2","-277"
"12619","599616149908805504","-990","-5","-277"
"12620","599616149913683328","-990","-3","-275"
"12621","599616149918561024","-989","-2","-273"
"12622","599616149923438848","-990","1","-271"
"12623","599616149928316672","-990","-1","-272"
"12624","599616149933194496","-991","0","-271"
"12625","599616149938072192","-990","0","-273"
"12626","599616149942950016","-991","1","-270"
"12627","599616149947827840","-991","1","-274"
"12628","599616149952705664","-991","-2","-274"
"12629","599616149957583360","-990","-2","-275"
"12630","599616149962461184","-991","-5","-283"
"12631","599616149967339008","-992","-7","-286"
"12632","599616149972216832","-991","-6","-282"
"12633","599616149977094528","-990","-5","-274"
"12634","599616149981972352","-991","-4","-272"
"12635","599616149986850176","-991","-5","-272"
"12636","599616149991727974","-992","-1","-274"
"12637","599616149996606592","-991","-6","-274"
"12638","599616150001485184","-992","-4","-272"
"12639","599616150006363904","-991","-6","-271"
"12640","599616150011242496","-991","-3","-271"
"12641","599616150016121216","-991","-5","-270"
"12642","599616150020999808","-990","-5","-268"
"12643","599616150025878400","-991","-6","-271"
"12644","599616150030757120","-992","-6","-273"
"12645","599616150035635712","-992","-8","-271"
"12646","599616150040514304","-992","-7","-271"
"12647","599616150045393024","-993","-6","-271"
"12648","599616150050271616","-993","-6","-271"
"12649","599616150055150336","-992","-5","-275"
"12650","599616150060028928","-993","-4","-272"
"12651","599616150064907520","-992","-6","-271"
"12652","599616150069786240","-993","-4","-267"
"12653","599616150074664832","-992","-2","-268"
"12654","599616150079543552","-992","-2","-267"
"12655","599616150084422144","-992","-2","-268"
"12656","599616150089300736","-992","-2","-270"
"12657","599616150094179456","-992","-1","-269"
"12658","599616150099058048","-992","-5","-272"
"12659","599616150103936768","-992","-4","-271"
"12660","599616150108815360","-993","-2","-274"
"12661","599616150113693952","-992","0","-271"
"12662","599616150118572672","-992","-3","-271"
"12663","599616150123451264","-991","-5","-270"
"12664","599616150128329856","-992","-6","-270"
"12665","599616150133208576","-992","-4","-270"
"12666","599616150138087168","-992","-3","-270"
"12667","599616150142965888","-991","-1","-271"
"12668","599616150147844480","-991","-2","-271"
"12669","599616150152723072","-991","-2","-267"
"12670","599616150157601792","-992","-2","-268"
"12671","599616150162480384","-991","-1","-268"
"12672","599616150167359074","-990","-4","-264"
"12673","599616150172237696","-991","-1","-268"
"12674","599616150177116288","-990","-3","-267"
"12675","599616150181995008","-991","-2","-267"
"12676","599616150186873600","-991","-3","-268"
"12677","599616150191752320","-990","-4","-269"
"12678","599616150196630912","-991","-2","-268"
"12679","599616150201509504","-990","-2","-268"
"12680","599616150206388224","-991","-3","-268"
"12681","599616150211266816","-992","-4","-266"
"12682","599616150216145408","-990","-6","-264"
"12683","599616150221024128","-990","-2","-264"
"12684","599616150225902720","-989","-2","-269"
"12685","599616150230781440","-990","-3","-271"
"12686","599616150235660032","-991","-4","-273"
"12687","599616150240538624","-991","-1","-274"
"12688","599616150245417344","-991","-1","-273"
"12689","599616150250295936","-991","-2","-277"
"12690","599616150255174656","-991","-5","-279"
"12691","599616150260053248","-992","-7","-284"
"12692","599616150264931840","-992","-1","-284"
"12693","599616150269810560","-992","-3","-281"
"12694","599616150274689152","-993","-4","-279"
"12695","599616150279567744","-992","-7","-276"
"12696","599616150284446464","-992","-3","-271"
"12697","599616150289325056","-992","1","-269"
"12698","599616150294203776","-991","1","-267"
"12699","599616150299082368","-990","-1","-264"
"12700","599616150303960960","-986","-1","-260"
"12701","599616150308839680","-985","-4","-260"
"12702","599616150313718272","-984","-3","-255"
"12703","599616150318596992","-985","-3","-260"
"12704","599616150323475584","-990","2","-265"
"12705","599616150328354176","-992","2","-272"
"12706","599616150333232896","-993","-3","-277"
"12707","599616150338111488","-998","-5","-304"
"12708","599616150342990164","-1006","1","-324"
"12709","599616150347868800","-1009","1","-336"
"12710","599616150352747392","-996","-3","-299"
"12711","599616150357626112","-990","-5","-253"
"12712","599616150362504704","-988","-7","-258"
"12713","599616150367383424","-987","-6","-262"
"12714","599616150372262016","-980","-6","-253"
"12715","599616150377140608","-975","-5","-255"
"12716","599616150382019328","-977","-2","-268"
"12717","599616150386897920","-981","4","-276"
"12718","599616150391776512","-986","3","-282"
"12719","599616150396655232","-988","0","-288"
"12720","599616150401533824","-990","1","-295"
"12721","599616150406412544","-992","0","-293"
"12722","599616150411291136","-992","-1","-289"
"12723","599616150416169728","-992","-2","-281"
"12724","599616150421048448","-993","-5","-276"
"12725","599616150425927040","-993","-2","-271"
"12726","599616150430805760","-992","-1","-266"
"12727","599616150435684352","-992","-1","-271"
"12728","599616150440562944","-992","-2","-270"
"12729","599616150445441664","-992","-3","-269"
"12730","599616150450320256","-993","0","-269"
"12731","599616150455198848","-992","0","-268"
"12732","599616150460077568","-992","0","-265"
"12733","599616150464956160","-993","0","-266"
"12734","599616150469834880","-993","0","-264"
"12735","599616150474713472","-992","-2","-262"
"12736","599616150479592064","-993","-3","-264"
"12737","599616150484470784","-993","-1","-264"
"12738","599616150489349376","-993","-4","-265"
"12739","599616150494228096","-993","-4","-268"
"12740","599616150499106688","-992","-3","-271"
"12741","599616150503985280","-991","-6","-273"
"12742","599616150508864000","-991","-4","-274"
"12743","599616150513742592","-990","-5","-277"
"12744","599616150518621254","-990","-3","-273"
"12745","599616150523498240","-992","-3","-271"
"12746","599616150528375168","-990","-1","-274"
"12747","599616150533252096","-990","1","-273"
"12748","599616150538129024","-990","2","-272"
"12749","599616150543006080","-990","0","-271"
"12750","599616150547883008","-991","0","-270"
"12751","599616150552759936","-991","0","-269"
"12752","599616150557636864","-991","0","-270"
"12753","599616150562513792","-990","-2","-270"
"12754","599616150567390720","-991","1","-270"
"12755","599616150572267648","-991","0","-270"
"12756","599616150577144576","-991","-4","-269"
"12757","599616150582021632","-992","-7","-280"
"12758","599616150586898560","-991","-5","-274"
"12759","599616150591775488","-992","-6","-269"
"12760","599616150596652416","-993","-5","-270"
"12761","599616150601529344","-993","-2","-268"
"12762","599616150606406272","-993","-6","-267"
"12763","599616150611283200","-993","-5","-268"
"12764","599616150616160256","-994","-4","-269"
"12765","599616150621037184","-994","-8","-269"
"12766","599616150625914112","-994","-6","-267"
"12767","599616150630791040","-993","-5","-268"
"12768","599616150635667968","-992","-3","-270"
"12769","599616150640544896","-992","-5","-271"
"12770","599616150645421824","-991","-5","-271"
"12771","599616150650298880","-991","-4","-273"
"12772","599616150655175808","-992","-4","-275"
"12773","599616150660052736","-990","-5","-276"
"12774","599616150664929664","-991","-4","-278"
"12775","599616150669806592","-991","-7","-281"
"12776","599616150674683520","-991","-9","-282"
"12777","599616150679560448","-991","-7","-282"
"12778","599616150684437376","-990","-7","-278"
"12779","599616150689314432","-991","-7","-274"
"12780","599616150694191288","-991","-9","-278"
"12781","599616150699068160","-992","-8","-275"
"12782","599616150703945088","-992","-7","-272"
"12783","599616150708822016","-992","-6","-271"
"12784","599616150713698944","-992","-7","-269"
"12785","599616150718576000","-993","-6","-267"
"12786","599616150723452928","-993","-6","-268"
"12787","599616150728329856","-993","-6","-268"
"12788","599616150733206784","-993","-1","-270"
"12789","599616150738083712","-992","-4","-270"
"12790","599616150742960640","-993","-1","-268"
"12791","599616150747837568","-992","-1","-270"
"12792","599616150752714624","-993","0","-267"
"12793","599616150757591552","-992","0","-270"
"12794","599616150762468480","-992","1","-267"
"12795","599616150767345408","-992","-1","-269"
"12796","599616150772222336","-991","-1","-265"
"12797","599616150777099264","-991","1","-271"
"12798","599616150781976192","-992","2","-268"
"12799","599616150786853248","-992","1","-270"
"12800","599616150791730176","-992","0","-268"
"12801","599616150796607104","-992","2","-270"
"12802","599616150801484032","-992","-2","-269"
"12803","599616150806360960","-991","2","-271"
"12804","599616150811237888","-991","5","-271"
"12805","599616150816114816","-991","1","-274"
"12806","599616150820991872","-991","0","-272"
"12807","599616150825868800","-990","2","-273"
"12808","599616150830745728","-990","2","-272"
"12809","599616150835622656","-991","2","-276"
"12810","599616150840499584","-991","-2","-273"
"12811","599616150845376512","-992","0","-277"
"12812","599616150850253440","-992","0","-274"
"12813","599616150855130368","-992","1","-274"
"12814","599616150860007424","-991","-2","-275"
"12815","599616150864884352","-992","-2","-277"
"12816","599616150869761342","-992","-6","-279"
"12817","599616150874640768","-994","-2","-278"
"12818","599616150879520256","-992","-7","-280"
"12819","599616150884399744","-993","-2","-284"
"12820","599616150889279232","-993","-1","-284"
"12821","599616150894158720","-992","5","-282"
"12822","599616150899038208","-992","0","-280"
"12823","599616150903917696","-991","4","-278"
"12824","599616150908797184","-991","0","-276"
"12825","599616150913676672","-991","0","-273"
"12826","599616150918556160","-990","2","-270"
"12827","599616150923435648","-990","0","-265"
"12828","599616150928315136","-990","-3","-263"
"12829","599616150933194624","-990","-3","-266"
"12830","599616150938074112","-992","0","-280"
"12831","599616150942953600","-993","2","-288"
"12832","599616150947833088","-994","-4","-298"
"12833","599616150952712576","-999","-1","-318"
"12834","599616150957592064","-1002","-1","-322"
"12835","599616150962471552","-1000","-4","-319"
"12836","599616150967351040","-993","-5","-280"
"12837","599616150972230528","-988","-9","-254"
"12838","599616150977110016","-986","-6","-265"
"12839","599616150981989504","-986","-7","-265"
"12840","599616150986868992","-983","-9","-261"
"12841","599616150991748480","-986","-7","-267"
"12842","599616150996627968","-991","0","-283"
"12843","599616151001507456","-992","0","-291"
"12844","599616151006386944","-991","-5","-299"
"12845","599616151011266432","-992","-7","-302"
"12846","599616151016145920","-992","-11","-306"
"12847","599616151021025408","-991","-8","-307"
"12848","599616151025904896","-991","-11","-303"
"12849","599616151030784384","-991","-12","-299"
"12850","599616151035664000","-990","-11","-294"
"12851","599616151040543488","-989","-10","-292"
"12852","599616151045422980","-987","-10","-282"
"12853","599616151050295680","-984","-10","-286"
"12854","599616151055168384","-986","-12","-276"
"12855","599616151060041088","-986","-10","-277"
"12856","599616151064913792","-990","-13","-272"
"12857","599616151069786496","-990","-11","-273"
"12858","599616151074659200","-991","-12","-272"
"12859","599616151079531904","-992","-14","-273"
"12860","599616151084404608","-992","-11","-273"
"12861","599616151089277312","-992","-14","-270"
"12862","599616151094150016","-992","-11","-271"
"12863","599616151099022720","-993","-11","-271"
"12864","599616151103895424","-993","-11","-275"
"12865","599616151108768128","-993","-9","-278"
"12866","599616151113640832","-993","-7","-281"
"12867","599616151118513536","-993","-4","-284"
"12868","599616151123386240","-993","-4","-282"
"12869","599616151128258944","-991","1","-290"
"12870","599616151133131648","-991","5","-286"
"12871","599616151138004352","-991","5","-283"
"12872","599616151142877056","-989","7","-283"
"12873","599616151147749760","-990","3","-282"
"12874","599616151152622592","-989","10","-281"
"12875","599616151157495296","-989","10","-279"
"12876","599616151162368000","-990","9","-280"
"12877","599616151167240704","-989","10","-279"
"12878","599616151172113408","-990","11","-281"
"12879","599616151176986112","-991","9","-281"
"12880","599616151181858816","-990","5","-280"
"12881","599616151186731520","-991","7","-283"
"12882","599616151191604224","-991","4","-285"
"12883","599616151196476928","-991","3","-293"
"12884","599616151201349632","-992","2","-299"
"12885","599616151206222336","-992","6","-295"
"12886","599616151211095040","-992","5","-287"
"12887","599616151215967744","-991","6","-290"
"12888","599616151220840436","-992","6","-293"
"12889","599616151225713152","-994","8","-287"
"12890","599616151230585856","-992","7","-286"
"12891","599616151235458560","-993","6","-284"
"12892","599616151240331264","-993","3","-286"
"12893","599616151245203968","-993","4","-284"
"12894","599616151250076672","-992","3","-287"
"12895","599616151254949376","-991","3","-285"
"12896","599616151259822080","-991","0","-286"
"12897","599616151264694784","-991","4","-285"
"12898","599616151269567488","-992","2","-287"
"12899","599616151274440192","-991","1","-288"
"12900","599616151279312896","-992","0","-288"
"12901","599616151284185600","-992","2","-288"
"12902","599616151289058304","-990","2","-290"
"12903","599616151293931008","-990","6","-292"
"12904","599616151298803712","-991","3","-292"
"12905","599616151303676416","-990","3","-290"
"12906","599616151308549120","-989","3","-292"
"12907","599616151313421824","-991","4","-289"
"12908","599616151318294528","-990","4","-291"
"12909","599616151323167360","-991","6","-287"
"12910","599616151328040064","-991","8","-287"
"12911","599616151332912768","-991","7","-286"
"12912","599616151337785472","-990","6","-285"
"12913","599616151342658176","-991","7","-289"
"12914","599616151347530880","-991","9","-290"
"12915","599616151352403584","-991","9","-284"
"12916","599616151357276288","-991","10","-288"
"12917","599616151362148992","-992","10","-289"
"12918","599616151367021696","-992","8","-286"
"12919","599616151371894400","-992","8","-285"
"12920","599616151376767104","-992","10","-285"
"12921","599616151381639808","-991","10","-289"
"12922","599616151386512512","-990","6","-284"
"12923","599616151391385216","-990","9","-284"
"12924","599616151396257900","-991","6","-284"
"12925","599616151401131520","-990","5","-285"
"12926","599616151406005120","-991","4","-284"
"12927","599616151410878592","-991","6","-281"
"12928","599616151415752192","-990","3","-285"
"12929","599616151420625792","-991","3","-284"
"12930","599616151425499264","-990","5","-285"
"12931","599616151430372864","-991","5","-287"
"12932","599616151435246464","-991","3","-286"
"12933","599616151440119936","-991","3","-286"
"12934","599616151444993536","-991","3","-288"
"12935","599616151449867136","-990","1","-289"
"12936","599616151454740608","-991","2","-291"
"12937","599616151459614208","-991","3","-286"
"12938","599616151464487680","-991","3","-292"
"12939","599616151469361280","-990","0","-296"
"12940","599616151474234880","-991","1","-292"
"12941","599616151479108352","-990","1","-296"
"12942","599616151483981952","-990","0","-295"
"12943","599616151488855552","-990","-1","-296"
"12944","599616151493729024","-990","-2","-302"
"12945","599616151498602624","-991","0","-304"
"12946","599616151503476224","-992","-1","-301"
"12947","599616151508349696","-992","0","-298"
"12948","599616151513223296","-992","-1","-292"
"12949","599616151518096896","-992","-2","-293"
"12950","599616151522970368","-991","-3","-292"
"12951","599616151527843968","-990","-5","-287"
"12952","599616151532717568","-990","-3","-281"
"12953","599616151537591040","-986","-6","-274"
"12954","599616151542464640","-989","-8","-272"
"12955","599616151547338240","-989","-3","-275"
"12956","599616151552211712","-992","-4","-295"
"12957","599616151557085312","-992","-1","-300"
"12958","599616151561958784","-994","-9","-308"
"12959","599616151566832384","-996","-6","-330"
"12960","599616151571705892","-997","-7","-330"
"12961","599616151576577664","-991","-4","-318"
"12962","599616151581449472","-990","-8","-280"
"12963","599616151586321408","-981","-14","-259"
"12964","599616151591193216","-980","-12","-272"
"12965","599616151596065152","-985","-13","-280"
"12966","599616151600936960","-982","-12","-271"
"12967","599616151605808768","-986","-8","-271"
"12968","599616151610680704","-991","-4","-289"
"12969","599616151615552512","-992","-2","-299"
"12970","599616151620424448","-992","-5","-299"
"12971","599616151625296256","-992","-9","-308"
"12972","599616151630168064","-993","-8","-309"
"12973","599616151635040000","-992","-10","-307"
"12974","599616151639911808","-992","-8","-306"
"12975","599616151644783744","-991","-7","-303"
"12976","599616151649655552","-991","-7","-301"
"12977","599616151654527360","-991","-6","-296"
"12978","599616151659399296","-989","-2","-287"
"12979","599616151664271104","-990","1","-287"
"12980","599616151669143040","-990","1","-284"
"12981","599616151674014848","-991","3","-287"
"12982","599616151678886656","-991","0","-293"
"12983","599616151683758592","-991","0","-286"
"12984","599616151688630400","-992","-1","-289"
"12985","599616151693502336","-992","-4","-285"
"12986","599616151698374144","-993","-3","-289"
"12987","599616151703245952","-992","0","-282"
"12988","599616151708117888","-992","-6","-293"
"12989","599616151712989696","-992","-2","-301"
"12990","599616151717861632","-991","2","-302"
"12991","599616151722733440","-991","-1","-295"
"12992","599616151727605248","-990","0","-292"
"12993","599616151732477184","-989","0","-290"
"12994","599616151737348992","-989","5","-293"
"12995","599616151742220928","-989","5","-295"
"12996","599616151747092818","-989","6","-304"
"12997","599616151751965568","-991","5","-303"
"12998","599616151756838272","-991","7","-299"
"12999","599616151761710976","-991","8","-301"
"13000","599616151766583680","-990","10","-298"
"13001","599616151771456384","-989","10","-292"
"13002","599616151776329088","-988","6","-295"
"13003","599616151781201792","-988","7","-294"
"13004","599616151786074496","-988","4","-291"
"13005","599616151790947200","-989","7","-292"
"13006","599616151795819904","-991","10","-292"
"13007","599616151800692608","-990","6","-292"
"13008","599616151805565312","-991","9","-292"
"13009","599616151810438016","-992","8","-293"
"13010","599616151815310720","-991","8","-300"
"13011","599616151820183424","-991","9","-303"
"13012","599616151825056128","-991","12","-298"
"13013","599616151829928832","-991","13","-290"
"13014","599616151834801536","-992","13","-289"
"13015","599616151839674368","-992","13","-283"
"13016","599616151844547072","-992","13","-284"
"13017","599616151849419776","-992","11","-285"
"13018","599616151854292480","-992","10","-290"
"13019","599616151859165184","-992","3","-292"
"13020","599616151864037888","-991","2","-294"
"13021","599616151868910592","-991","1","-297"
"13022","599616151873783296","-990","3","-298"
"13023","599616151878656000","-990","0","-298"
"13024","599616151883528704","-990","0","-300"
"13025","599616151888401408","-989","0","-297"
"13026","599616151893274112","-989","-2","-300"
"13027","599616151898146816","-986","3","-301"
"13028","599616151903019520","-985","0","-303"
"13029","599616151907892224","-987","0","-303"
"13030","599616151912764928","-985","-5","-305"
"13031","599616151917637632","-985","-1","-300"
"13032","599616151922510292","-986","-9","-300"
"13033","599616151927382144","-988","-5","-299"
"13034","599616151932253952","-988","-7","-296"
"13035","599616151937125888","-990","-7","-296"
"13036","599616151941997696","-990","-5","-300"
"13037","599616151946869632","-991","-9","-297"
"13038","599616151951741440","-991","-5","-297"
"13039","599616151956613248","-991","-3","-296"
"13040","599616151961485184","-991","-8","-292"
"13041","599616151966356992","-992","-4","-292"
"13042","599616151971228928","-992","-6","-294"
"13043","599616151976100736","-992","-7","-292"
"13044","599616151980972544","-991","-4","-293"
"13045","599616151985844480","-992","-6","-293"
"13046","599616151990716288","-992","-4","-292"
"13047","599616151995588224","-992","-6","-296"
"13048","599616152000460032","-992","-3","-292"
"13049","599616152005331840","-992","-3","-292"
"13050","599616152010203776","-992","-5","-289"
"13051","599616152015075584","-992","-2","-290"
"13052","599616152019947520","-992","-4","-294"
"13053","599616152024819328","-991","-1","-290"
"13054","599616152029691136","-991","-4","-291"
"13055","599616152034563072","-991","-1","-290"
"13056","599616152039434880","-991","-2","-284"
"13057","599616152044306816","-991","-2","-284"
"13058","599616152049178624","-990","-3","-285"
"13059","599616152054050432","-991","-4","-286"
"13060","599616152058922368","-991","-3","-285"
"13061","599616152063794176","-991","-6","-285"
"13062","599616152068666112","-991","-4","-290"
"13063","599616152073537920","-991","-6","-289"
"13064","599616152078409728","-991","-9","-291"
"13065","599616152083281664","-990","-8","-291"
"13066","599616152088153472","-991","-8","-293"
"13067","599616152093025408","-990","-9","-296"
"13068","599616152097897228","-990","-12","-294"
"13069","599616152102768256","-990","-12","-298"
"13070","599616152107639296","-990","-11","-300"
"13071","599616152112510336","-991","-10","-301"
"13072","599616152117381248","-992","-11","-303"
"13073","599616152122252288","-992","-11","-297"
"13074","599616152127123328","-992","-11","-294"
"13075","599616152131994368","-993","-11","-290"
"13076","599616152136865280","-991","-10","-287"
"13077","599616152141736320","-991","-9","-287"
"13078","599616152146607360","-990","-10","-282"
"13079","599616152151478400","-989","-12","-276"
"13080","599616152156349440","-989","-12","-273"
"13081","599616152161220352","-989","-9","-277"
"13082","599616152166091392","-992","-10","-291"
"13083","599616152170962432","-993","-8","-299"
"13084","599616152175833472","-994","-13","-299"
"13085","599616152180704384","-999","-14","-325"
"13086","599616152185575424","-1000","-14","-332"
"13087","599616152190446464","-1000","-12","-324"
"13088","599616152195317504","-994","-11","-299"
"13089","599616152200188544","-990","-16","-270"
"13090","599616152205059456","-983","-15","-267"
"13091","599616152209930496","-987","-15","-281"
"13092","599616152214801536","-986","-13","-270"
"13093","599616152219672576","-983","-15","-264"
"13094","599616152224543488","-989","-10","-282"
"13095","599616152229414528","-992","-11","-298"
"13096","599616152234285568","-992","-10","-306"
"13097","599616152239156608","-992","-12","-306"
"13098","599616152244027648","-992","-12","-308"
"13099","599616152248898560","-992","-14","-313"
"13100","599616152253769600","-991","-16","-308"
"13101","599616152258640640","-991","-15","-305"
"13102","599616152263511680","-991","-15","-302"
"13103","599616152268382592","-990","-13","-302"
"13104","599616152273253646","-988","-9","-293"
"13105","599616152278124672","-988","-10","-289"
"13106","599616152282995712","-989","-7","-284"
"13107","599616152287866752","-989","-5","-285"
"13108","599616152292737664","-990","-5","-282"
"13109","599616152297608704","-991","-8","-282"
"13110","599616152302479744","-991","-9","-276"
"13111","599616152307350784","-992","-4","-276"
"13112","599616152312221696","-993","-8","-279"
"13113","599616152317092736","-993","-9","-276"
"13114","599616152321963776","-992","-7","-277"
"13115","599616152326834816","-992","-8","-275"
"13116","599616152331705856","-992","-7","-280"
"13117","599616152336576768","-992","-6","-280"
"13118","599616152341447808","-992","-6","-288"
"13119","599616152346318848","-991","-5","-284"
"13120","599616152351189888","-991","-6","-289"
"13121","599616152356060800","-991","-2","-285"
"13122","599616152360931840","-991","-3","-285"
"13123","599616152365802880","-991","1","-283"
"13124","599616152370673920","-991","4","-281"
"13125","599616152375544960","-991","4","-283"
"13126","599616152380415872","-991","2","-282"
"13127","599616152385286912","-991","3","-278"
"13128","599616152390157952","-992","4","-281"
"13129","599616152395028992","-992","3","-281"
"13130","599616152399900032","-991","5","-279"
"13131","599616152404770944","-992","0","-284"
"13132","599616152409641984","-991","1","-286"
"13133","599616152414513024","-990","1","-285"
"13134","599616152419384064","-990","-4","-292"
"13135","599616152424254976","-988","-3","-289"
"13136","599616152429126016","-990","-7","-295"
"13137","599616152433997056","-990","-9","-300"
"13138","599616152438868096","-988","-5","-287"
"13139","599616152443739136","-989","-6","-283"
"13140","599616152448610074","-989","-5","-284"
"13141","599616152453481856","-988","-4","-279"
"13142","599616152458353664","-989","-4","-272"
"13143","599616152463225600","-990","-4","-274"
"13144","599616152468097408","-991","-3","-275"
"13145","599616152472969344","-992","-1","-275"
"13146","599616152477841152","-991","-2","-278"
"13147","599616152482712960","-991","-2","-279"
"13148","599616152487584896","-991","-3","-281"
"13149","599616152492456704","-991","-5","-279"
"13150","599616152497328640","-992","-3","-284"
"13151","599616152502200448","-992","-5","-282"
"13152","599616152507072256","-990","-5","-281"
"13153","599616152511944192","-992","-3","-276"
"13154","599616152516816000","-992","-3","-277"
"13155","599616152521687936","-991","-2","-277"
"13156","599616152526559744","-992","2","-277"
"13157","599616152531431552","-992","-4","-274"
"13158","599616152536303488","-991","-1","-273"
"13159","599616152541175296","-992","-2","-274"
"13160","599616152546047232","-993","-3","-275"
"13161","599616152550919040","-992","-5","-273"
"13162","599616152555790976","-992","-3","-272"
"13163","599616152560662784","-992","-4","-270"
"13164","599616152565534592","-992","-5","-273"
"13165","599616152570406528","-993","-6","-273"
"13166","599616152575278336","-993","-8","-276"
"13167","599616152580150272","-993","-7","-277"
"13168","599616152585022080","-993","-7","-276"
"13169","599616152589893888","-993","-8","-276"
"13170","599616152594765824","-992","-8","-276"
"13171","599616152599637632","-992","-8","-277"
"13172","599616152604509568","-992","-5","-276"
"13173","599616152609381376","-992","-10","-278"
"13174","599616152614253184","-992","-9","-275"
"13175","599616152619125120","-991","-10","-273"
"13176","599616152623997030","-992","-7","-274"
"13177","599616152628868096","-992","-11","-272"
"13178","599616152633739136","-992","-9","-276"
"13179","599616152638610176","-991","-9","-276"
"13180","599616152643481088","-991","-8","-271"
"13181","599616152648352128","-992","-9","-274"
"13182","599616152653223168","-991","-9","-272"
"13183","599616152658094208","-990","-3","-274"
"13184","599616152662965120","-991","-11","-277"
"13185","599616152667836160","-991","-10","-274"
"13186","599616152672707200","-990","-10","-273"
"13187","599616152677578240","-991","-8","-276"
"13188","599616152682449280","-991","-9","-277"
"13189","599616152687320192","-991","-10","-277"
"13190","599616152692191232","-991","-10","-277"
"13191","599616152697062272","-992","-12","-279"
"13192","599616152701933312","-991","-11","-281"
"13193","599616152706804224","-992","-11","-282"
"13194","599616152711675264","-991","-10","-279"
"13195","599616152716546304","-991","-9","-282"
"13196","599616152721417344","-992","-8","-286"
"13197","599616152726288384","-992","-9","-287"
"13198","599616152731159296","-993","-8","-286"
"13199","599616152736030336","-993","-7","-293"
"13200","599616152740901376","-993","-7","-285"
"13201","599616152745772416","-993","-6","-284"
"13202","599616152750643328","-992","-2","-280"
"13203","599616152755514368","-992","-3","-273"
"13204","599616152760385408","-990","-2","-272"
"13205","599616152765256448","-989","-6","-268"
"13206","599616152770127488","-987","-6","-264"
"13207","599616152774998400","-986","-6","-260"
"13208","599616152779869440","-988","-9","-262"
"13209","599616152784740480","-990","-2","-270"
"13210","599616152789611520","-991","-1","-275"
"13211","599616152794482432","-992","-6","-276"
"13212","599616152799353448","-998","-6","-308"
"13213","599616152804224512","-1005","-3","-320"
"13214","599616152809095552","-1008","-4","-322"
"13215","599616152813966592","-998","-6","-297"
"13216","599616152818837504","-992","-7","-264"
"13217","599616152823708544","-987","-6","-259"
"13218","599616152828579584","-990","-8","-271"
"13219","599616152833450624","-983","-9","-260"
"13220","599616152838321536","-971","-7","-254"
"13221","599616152843192576","-977","-5","-268"
"13222","599616152848063616","-981","-1","-282"
"13223","599616152852934656","-983","-3","-285"
"13224","599616152857805696","-987","-6","-293"
"13225","599616152862676608","-991","-5","-296"
"13226","599616152867547648","-991","-7","-299"
"13227","599616152872418688","-992","-7","-288"
"13228","599616152877289728","-993","-10","-280"
"13229","599616152882160640","-993","-8","-274"
"13230","599616152887031680","-993","-5","-272"
"13231","599616152891902720","-993","-7","-267"
"13232","599616152896773760","-992","-6","-268"
"13233","599616152901644800","-993","-5","-264"
"13234","599616152906515712","-992","-6","-265"
"13235","599616152911386752","-993","-5","-263"
"13236","599616152916257792","-993","-3","-262"
"13237","599616152921128832","-994","-4","-263"
"13238","599616152925999872","-993","-5","-265"
"13239","599616152930870784","-993","-3","-263"
"13240","599616152935741824","-993","-6","-262"
"13241","599616152940612864","-993","-5","-263"
"13242","599616152945483904","-993","-7","-263"
"13243","599616152950354816","-992","-8","-265"
"13244","599616152955225856","-993","-3","-268"
"13245","599616152960096896","-992","-8","-268"
"13246","599616152964967936","-992","-5","-269"
"13247","599616152969838976","-991","-4","-267"
"13248","599616152974709876","-991","-3","-271"
"13249","599616152979580928","-989","-3","-270"
"13250","599616152984451968","-990","-7","-272"
"13251","599616152989323008","-991","-4","-268"
"13252","599616152994193920","-990","-6","-266"
"13253","599616152999064960","-990","-4","-268"
"13254","599616153003936000","-991","-1","-266"
"13255","599616153008807040","-991","-3","-265"
"13256","599616153013677952","-989","0","-265"
"13257","599616153018548992","-990","0","-265"
"13258","599616153023420032","-990","0","-265"
"13259","599616153028291072","-990","-2","-269"
"13260","599616153033162112","-991","-4","-269"
"13261","599616153038033024","-990","-1","-271"
"13262","599616153042904064","-990","-6","-273"
"13263","599616153047775104","-991","-10","-277"
"13264","599616153052646144","-990","-11","-273"
"13265","599616153057517056","-990","-9","-267"
"13266","599616153062388096","-989","-9","-265"
"13267","599616153067259136","-988","-7","-267"
"13268","599616153072130176","-990","-6","-266"
"13269","599616153077001216","-990","-7","-266"
"13270","599616153081872128","-991","-7","-264"
"13271","599616153086743168","-989","-6","-265"
"13272","599616153091614208","-990","-9","-265"
"13273","599616153096485248","-991","-11","-264"
"13274","599616153101356288","-991","-11","-262"
"13275","599616153106227200","-992","-11","-265"
"13276","599616153111098240","-993","-8","-261"
"13277","599616153115969280","-994","-8","-262"
"13278","599616153120840320","-994","-8","-262"
"13279","599616153125711232","-994","-10","-264"
"13280","599616153130582272","-995","-10","-264"
"13281","599616153135453312","-994","-10","-262"
"13282","599616153140324352","-995","-8","-262"
"13283","599616153145195392","-993","-6","-263"
"13284","599616153150066304","-993","-6","-265"
"13285","599616153154937344","-993","-3","-265"
"13286","599616153159808384","-993","-6","-264"
"13287","599616153164679424","-993","-6","-265"
"13288","599616153169550336","-992","-8","-267"
"13289","599616153174421376","-993","-5","-269"
"13290","599616153179292416","-992","-2","-267"
"13291","599616153184163456","-992","-2","-271"
"13292","599616153189034368","-991","-4","-272"
"13293","599616153193905408","-992","-6","-270"
"13294","599616153198776448","-991","-4","-271"
"13295","599616153203647488","-991","-5","-272"
"13296","599616153208518528","-991","-5","-269"
"13297","599616153213389440","-992","-7","-273"
"13298","599616153218260480","-992","-4","-271"
"13299","599616153223131520","-991","-3","-272"
"13300","599616153228002560","-990","-7","-272"
"13301","599616153232873472","-990","-6","-271"
"13302","599616153237744512","-991","-4","-270"
"13303","599616153242615552","-990","-4","-270"
"13304","599616153247486592","-991","-3","-267"
"13305","599616153252357632","-991","-2","-265"
"13306","599616153257228544","-991","-2","-264"
"13307","599616153262099584","-991","0","-266"
"13308","599616153266970624","-991","-3","-265"
"13309","599616153271841664","-990","-1","-266"
"13310","599616153276712704","-991","-3","-264"
"13311","599616153281583616","-991","-1","-266"
"13312","599616153286454656","-992","-3","-266"
"13313","599616153291325696","-991","-2","-265"
"13314","599616153296196736","-991","-8","-266"
"13315","599616153301067648","-991","-8","-264"
"13316","599616153305938688","-992","-9","-264"
"13317","599616153310809728","-992","-8","-267"
"13318","599616153315680768","-992","-8","-267"
"13319","599616153320551808","-993","-6","-267"
"13320","599616153325422732","-992","-10","-267"
"13321","599616153330293760","-996","-6","-268"
"13322","599616153335164800","-993","-6","-270"
"13323","599616153340035840","-993","-4","-271"
"13324","599616153344906752","-993","-6","-271"
"13325","599616153349777792","-993","-5","-270"
"13326","599616153354648832","-993","-5","-266"
"13327","599616153359519872","-993","-3","-268"
"13328","599616153364390784","-992","-1","-267"
"13329","599616153369261824","-991","-2","-262"
"13330","599616153374132864","-990","-1","-260"
"13331","599616153379003904","-989","-3","-257"
"13332","599616153383874944","-988","-4","-253"
"13333","599616153388745856","-988","-5","-254"
"13334","599616153393616896","-990","0","-258"
"13335","599616153398487936","-992","3","-265"
"13336","599616153403358976","-993","2","-264"
"13337","599616153408229888","-996","-3","-277"
"13338","599616153413100928","-1007","-2","-303"
"13339","599616153417971968","-1016","0","-309"
"13340","599616153422843008","-1011","0","-304"
"13341","599616153427714048","-995","-4","-267"
"13342","599616153432584960","-991","-5","-251"
"13343","599616153437456000","-991","-1","-257"
"13344","599616153442327040","-990","-8","-256"
"13345","599616153447198080","-984","-3","-252"
"13346","599616153452069120","-983","-3","-256"
"13347","599616153456940032","-988","0","-268"
"13348","599616153461811072","-990","0","-275"
"13349","599616153466682112","-991","1","-280"
"13350","599616153471553152","-992","-2","-286"
"13351","599616153476424064","-992","-2","-292"
"13352","599616153481295104","-993","-3","-291"
"13353","599616153486166144","-993","-3","-287"
"13354","599616153491037184","-993","-4","-282"
"13355","599616153495908224","-993","-5","-274"
"13356","599616153500779160","-992","-7","-266"
"13357","599616153505649280","-995","-4","-270"
"13358","599616153510519424","-991","-4","-268"
"13359","599616153515389568","-992","-5","-269"
"13360","599616153520259712","-992","-5","-267"
"13361","599616153525129984","-992","-2","-267"
"13362","599616153530000128","-992","-1","-266"
"13363","599616153534870272","-992","-2","-265"
"13364","599616153539740416","-992","-1","-265"
"13365","599616153544610560","-993","-2","-262"
"13366","599616153549480704","-993","-3","-264"
"13367","599616153554350976","-993","-4","-265"
"13368","599616153559221120","-993","-4","-264"
"13369","599616153564091264","-993","-5","-268"
"13370","599616153568961408","-992","-3","-269"
"13371","599616153573831552","-992","-2","-269"
"13372","599616153578701696","-993","-3","-273"
"13373","599616153583571968","-991","-1","-272"
"13374","599616153588442112","-991","0","-274"
"13375","599616153593312256","-991","0","-277"
"13376","599616153598182400","-991","1","-271"
"13377","599616153603052544","-991","3","-272"
"13378","599616153607922688","-992","3","-271"
"13379","599616153612792960","-992","2","-271"
"13380","599616153617663104","-992","3","-267"
"13381","599616153622533248","-992","3","-269"
"13382","599616153627403392","-992","2","-271"
"13383","599616153632273536","-992","1","-271"
"13384","599616153637143680","-991","2","-270"
"13385","599616153642013952","-992","1","-269"
"13386","599616153646884096","-992","2","-269"
"13387","599616153651754240","-991","-4","-270"
"13388","599616153656624384","-992","-2","-273"
"13389","599616153661494528","-992","-6","-279"
"13390","599616153666364672","-992","-5","-274"
"13391","599616153671234944","-991","0","-271"
"13392","599616153676105096","-991","-1","-271"
"13393","599616153680977792","-990","1","-275"
"13394","599616153685850496","-992","1","-270"
"13395","599616153690723200","-993","-2","-272"
"13396","599616153695595904","-993","0","-273"
"13397","599616153700468608","-992","-5","-272"
"13398","599616153705341312","-992","-5","-273"
"13399","599616153710214016","-992","-8","-272"
"13400","599616153715086720","-992","-6","-272"
"13401","599616153719959424","-992","-6","-271"
"13402","599616153724832128","-991","-6","-271"
"13403","599616153729704832","-992","-7","-273"
"13404","599616153734577536","-992","-8","-271"
"13405","599616153739450240","-992","-8","-275"
"13406","599616153744322944","-992","-5","-277"
"13407","599616153749195648","-992","-6","-278"
"13408","599616153754068352","-991","-6","-278"
"13409","599616153758941056","-991","-4","-276"
"13410","599616153763813760","-991","-3","-276"
"13411","599616153768686464","-992","-6","-271"
"13412","599616153773559168","-992","-5","-272"
"13413","599616153778431872","-992","0","-271"
"13414","599616153783304704","-992","-5","-270"
"13415","599616153788177408","-992","-4","-268"
"13416","599616153793050112","-992","-2","-270"
"13417","599616153797922816","-992","0","-270"
"13418","599616153802795520","-992","-2","-273"
"13419","599616153807668224","-992","-2","-271"
"13420","599616153812540928","-991","0","-271"
"13421","599616153817413632","-992","0","-271"
"13422","599616153822286336","-992","-1","-269"
"13423","599616153827159040","-993","4","-271"
"13424","599616153832031744","-993","0","-270"
"13425","599616153836904448","-993","1","-267"
"13426","599616153841777152","-993","1","-269"
"13427","599616153846649856","-993","3","-269"
"13428","599616153851522554","-992","-1","-271"
"13429","599616153856395264","-990","1","-267"
"13430","599616153861267968","-992","-1","-269"
"13431","599616153866140672","-992","-2","-271"
"13432","599616153871013376","-992","-2","-271"
"13433","599616153875886080","-991","-2","-275"
"13434","599616153880758784","-991","-1","-274"
"13435","599616153885631488","-991","-2","-277"
"13436","599616153890504192","-992","-3","-277"
"13437","599616153895376896","-992","-2","-278"
"13438","599616153900249600","-992","-6","-278"
"13439","599616153905122304","-992","-3","-279"
"13440","599616153909995008","-991","-5","-277"
"13441","599616153914867712","-991","-4","-280"
"13442","599616153919740416","-991","-4","-281"
"13443","599616153924613120","-992","-5","-281"
"13444","599616153929485824","-992","-6","-284"
"13445","599616153934358528","-992","-5","-281"
"13446","599616153939231232","-991","-4","-284"
"13447","599616153944103936","-991","-7","-282"
"13448","599616153948976640","-991","-2","-282"
"13449","599616153953849472","-991","-3","-287"
"13450","599616153958722176","-992","-4","-292"
"13451","599616153963594880","-992","-1","-290"
"13452","599616153968467584","-993","-2","-293"
"13453","599616153973340288","-992","-3","-286"
"13454","599616153978212992","-993","-1","-287"
"13455","599616153983085696","-993","0","-284"
"13456","599616153987958400","-993","2","-284"
"13457","599616153992831104","-992","2","-284"
"13458","599616153997703808","-991","-1","-279"
"13459","599616154002576512","-990","1","-278"
"13460","599616154007449216","-990","0","-271"
"13461","599616154012321920","-989","2","-271"
"13462","599616154017194624","-991","0","-286"
"13463","599616154022067328","-992","6","-292"
"13464","599616154026940018","-992","0","-287"
"13465","599616154031812736","-997","0","-314"
"13466","599616154036685440","-995","3","-324"
"13467","599616154041558144","-994","0","-327"
"13468","599616154046430848","-991","1","-297"
"13469","599616154051303552","-983","-8","-269"
"13470","599616154056176256","-977","-10","-264"
"13471","599616154061048960","-980","-7","-273"
"13472","599616154065921664","-982","-11","-269"
"13473","599616154070794368","-981","-8","-270"
"13474","599616154075667072","-989","0","-291"
"13475","599616154080539776","-990","5","-293"
"13476","599616154085412480","-990","8","-300"
"13477","599616154090285184","-990","5","-309"
"13478","599616154095157888","-991","1","-317"
"13479","599616154100030592","-989","1","-325"
"13480","599616154104903296","-991","-3","-322"
"13481","599616154109776000","-988","-5","-322"
"13482","599616154114648704","-990","-9","-323"
"13483","599616154119521408","-991","-7","-321"
"13484","599616154124394112","-991","-6","-312"
"13485","599616154129266944","-992","-6","-308"
"13486","599616154134139648","-992","-3","-308"
"13487","599616154139012352","-992","0","-308"
"13488","599616154143885056","-992","-1","-312"
"13489","599616154148757760","-991","1","-310"
"13490","599616154153630464","-992","-2","-312"
"13491","599616154158503168","-991","-3","-312"
"13492","599616154163375872","-990","-2","-313"
"13493","599616154168248576","-990","-1","-318"
"13494","599616154173121280","-989","-1","-316"
"13495","599616154177993984","-991","0","-313"
"13496","599616154182866688","-990","-2","-317"
"13497","599616154187739392","-989","-1","-319"
"13498","599616154192612096","-990","0","-320"
"13499","599616154197484800","-989","0","-320"
"13500","599616154202357482","-987","2","-325"
"13501","599616154207229312","-986","-1","-328"
"13502","599616154212101120","-984","-1","-329"
"13503","599616154216973056","-985","2","-331"
"13504","599616154221844864","-985","4","-330"
"13505","599616154226716800","-985","3","-328"
"13506","599616154231588608","-984","7","-322"
"13507","599616154236460416","-983","3","-323"
"13508","599616154241332352","-982","4","-323"
"13509","599616154246204160","-984","5","-323"
"13510","599616154251076096","-985","5","-325"
"13511","599616154255947904","-984","3","-325"
"13512","599616154260819712","-987","3","-326"
"13513","599616154265691648","-986","2","-331"
"13514","599616154270563456","-988","0","-332"
"13515","599616154275435392","-988","2","-329"
"13516","599616154280307200","-985","5","-342"
"13517","599616154285179008","-987","-2","-342"
"13518","599616154290050944","-986","0","-355"
"13519","599616154294922752","-984","2","-347"
"13520","599616154299794688","-984","7","-330"
"13521","599616154304666496","-982","6","-336"
"13522","599616154309538304","-982","2","-335"
"13523","599616154314410240","-978","5","-320"
"13524","599616154319282048","-977","2","-325"
"13525","599616154324153984","-977","2","-333"
"13526","599616154329025792","-975","-1","-340"
"13527","599616154333897600","-978","-2","-346"
"13528","599616154338769536","-985","-4","-344"
"13529","599616154343641344","-986","-4","-350"
"13530","599616154348513280","-988","-4","-354"
"13531","599616154353385088","-990","-4","-358"
"13532","599616154358256896","-990","-4","-365"
"13533","599616154363128832","-990","-4","-362"
"13534","599616154368000640","-991","-2","-373"
"13535","599616154372872576","-989","-2","-367"
"13536","599616154377744418","-988","0","-375"
"13537","599616154382615424","-987","1","-370"
"13538","599616154387486464","-986","0","-377"
"13539","599616154392357504","-981","1","-380"
"13540","599616154397228416","-982","-1","-382"
"13541","599616154402099456","-979","2","-375"
"13542","599616154406970496","-979","5","-377"
"13543","599616154411841536","-980","3","-382"
"13544","599616154416712448","-980","6","-387"
"13545","599616154421583488","-979","4","-378"
"13546","599616154426454528","-980","6","-386"
"13547","599616154431325568","-977","8","-377"
"13548","599616154436196608","-978","9","-382"
"13549","599616154441067520","-977","10","-385"
"13550","599616154445938560","-978","11","-381"
"13551","599616154450809600","-979","12","-378"
"13552","599616154455680640","-980","12","-382"
"13553","599616154460551552","-981","13","-383"
"13554","599616154465422592","-985","10","-383"
"13555","599616154470293632","-983","11","-383"
"13556","599616154475164672","-983","8","-382"
"13557","599616154480035712","-983","4","-386"
"13558","599616154484906624","-983","5","-383"
"13559","599616154489777664","-982","5","-381"
"13560","599616154494648704","-980","3","-386"
"13561","599616154499519744","-982","5","-385"
"13562","599616154504390656","-981","4","-386"
"13563","599616154509261696","-979","6","-385"
"13564","599616154514132736","-980","4","-391"
"13565","599616154519003776","-977","5","-386"
"13566","599616154523874816","-978","5","-385"
"13567","599616154528745728","-975","5","-389"
"13568","599616154533616768","-979","3","-387"
"13569","599616154538487808","-980","4","-391"
"13570","599616154543358848","-979","6","-389"
"13571","599616154548229760","-980","2","-390"
"13572","599616154553100836","-981","3","-391"
"13573","599616154557971840","-980","-4","-396"
"13574","599616154562842880","-979","2","-393"
"13575","599616154567713920","-978","3","-395"
"13576","599616154572584832","-976","3","-393"
"13577","599616154577455872","-974","3","-388"
"13578","599616154582326912","-972","1","-388"
"13579","599616154587197952","-979","3","-387"
"13580","599616154592068864","-980","3","-389"
"13581","599616154596939904","-984","1","-391"
"13582","599616154601810944","-986","3","-385"
"13583","599616154606681984","-986","4","-381"
"13584","599616154611553024","-984","5","-380"
"13585","599616154616423936","-984","6","-380"
"13586","599616154621294976","-982","6","-376"
"13587","599616154626166016","-980","7","-376"
"13588","599616154631037056","-979","3","-371"
"13589","599616154635907968","-976","4","-357"
"13590","599616154640779008","-978","5","-362"
"13591","599616154645650048","-982","6","-369"
"13592","599616154650521088","-986","8","-382"
"13593","599616154655392128","-987","2","-386"
"13594","599616154660263040","-991","8","-398"
"13595","599616154665134080","-991","8","-402"
"13596","599616154670005120","-990","9","-395"
"13597","599616154674876160","-982","7","-382"
"13598","599616154679747200","-974","1","-356"
"13599","599616154684618112","-970","2","-353"
"13600","599616154689489152","-974","-2","-354"
"13601","599616154694360192","-978","2","-356"
"13602","599616154699231232","-975","3","-322"
"13603","599616154704102144","-981","4","-323"
"13604","599616154708973184","-988","8","-356"
"13605","599616154713844224","-989","10","-377"
"13606","599616154718715264","-990","8","-378"
"13607","599616154723586304","-989","7","-383"
"13608","599616154728457264","-989","5","-384"
"13609","599616154733328256","-984","2","-380"
"13610","599616154738199296","-987","0","-375"
"13611","599616154743070336","-984","2","-369"
"13612","599616154747941248","-983","5","-363"
"13613","599616154752812288","-980","5","-350"
"13614","599616154757683328","-981","6","-339"
"13615","599616154762554368","-982","8","-334"
"13616","599616154767425280","-986","8","-335"
"13617","599616154772296320","-985","6","-326"
"13618","599616154777167360","-987","9","-318"
"13619","599616154782038400","-989","5","-319"
"13620","599616154786909440","-989","5","-314"
"13621","599616154791780352","-990","7","-308"
"13622","599616154796651392","-991","5","-310"
"13623","599616154801522432","-991","2","-306"
"13624","599616154806393472","-990","5","-303"
"13625","599616154811264384","-990","3","-306"
"13626","599616154816135424","-990","4","-312"
"13627","599616154821006464","-989","1","-311"
"13628","599616154825877504","-989","4","-314"
"13629","599616154830748544","-989","3","-313"
"13630","599616154835619456","-988","6","-314"
"13631","599616154840490496","-988","9","-317"
"13632","599616154845361536","-986","6","-310"
"13633","599616154850232576","-986","7","-314"
"13634","599616154855103616","-985","8","-308"
"13635","599616154859974528","-985","8","-305"
"13636","599616154864845568","-986","9","-303"
"13637","599616154869716608","-987","8","-300"
"13638","599616154874587648","-988","7","-297"
"13639","599616154879458560","-989","7","-300"
"13640","599616154884329600","-990","5","-296"
"13641","599616154889200640","-989","5","-299"
"13642","599616154894071680","-990","3","-303"
"13643","599616154898942720","-989","2","-302"
"13644","599616154903813692","-990","1","-300"
"13645","599616154908686336","-987","0","-304"
"13646","599616154913559040","-990","-3","-307"
"13647","599616154918431744","-991","-2","-313"
"13648","599616154923304448","-991","1","-312"
"13649","599616154928177152","-990","0","-302"
"13650","599616154933049856","-990","1","-294"
"13651","599616154937922560","-989","1","-288"
"13652","599616154942795264","-988","4","-286"
"13653","599616154947667968","-989","1","-287"
"13654","599616154952540672","-990","3","-289"
"13655","599616154957413376","-990","1","-289"
"13656","599616154962286080","-991","2","-291"
"13657","599616154967158784","-991","0","-294"
"13658","599616154972031488","-991","1","-292"
"13659","599616154976904192","-991","2","-292"
"13660","599616154981776896","-990","-2","-291"
"13661","599616154986649600","-992","-1","-290"
"13662","599616154991522432","-991","-4","-292"
"13663","599616154996395136","-992","0","-288"
"13664","599616155001267840","-991","-2","-290"
"13665","599616155006140544","-991","-1","-287"
"13666","599616155011013248","-992","-2","-285"
"13667","599616155015885952","-991","-1","-286"
"13668","599616155020758656","-992","-3","-281"
"13669","599616155025631360","-990","-1","-280"
"13670","599616155030504064","-991","-5","-282"
"13671","599616155035376768","-991","0","-280"
"13672","599616155040249472","-991","-1","-281"
"13673","599616155045122176","-992","2","-279"
"13674","599616155049994880","-991","-2","-285"
"13675","599616155054867584","-991","0","-280"
"13676","599616155059740288","-991","3","-280"
"13677","599616155064612992","-991","0","-281"
"13678","599616155069485696","-992","1","-282"
"13679","599616155074358400","-992","-3","-278"
"13680","599616155079231176","-992","-2","-277"
"13681","599616155084099712","-990","0","-274"
"13682","599616155088968192","-992","-1","-281"
"13683","599616155093836672","-991","1","-276"
"13684","599616155098705152","-991","1","-277"
"13685","599616155103573632","-991","3","-276"
"13686","599616155108442112","-991","-3","-273"
"13687","599616155113310464","-993","2","-275"
"13688","599616155118178944","-992","0","-277"
"13689","599616155123047424","-992","5","-273"
"13690","599616155127915904","-993","2","-274"
"13691","599616155132784384","-992","-1","-277"
"13692","599616155137652864","-991","3","-275"
"13693","599616155142521344","-992","-1","-275"
"13694","599616155147389824","-992","2","-273"
"13695","599616155152258304","-991","0","-274"
"13696","599616155157126784","-992","2","-270"
"13697","599616155161995264","-992","-1","-269"
"13698","599616155166863616","-992","-2","-271"
"13699","599616155171732096","-993","-4","-272"
"13700","599616155176600576","-992","-5","-273"
"13701","599616155181469056","-992","-2","-268"
"13702","599616155186337536","-992","-8","-274"
"13703","599616155191206016","-992","-7","-274"
"13704","599616155196074496","-992","-9","-276"
"13705","599616155200942976","-993","-8","-276"
"13706","599616155205811456","-993","-8","-273"
"13707","599616155210679936","-992","-8","-274"
"13708","599616155215548416","-992","-7","-277"
"13709","599616155220416768","-993","-6","-281"
"13710","599616155225285248","-992","-6","-284"
"13711","599616155230153728","-993","-7","-281"
"13712","599616155235022208","-993","-4","-280"
"13713","599616155239890688","-992","-1","-273"
"13714","599616155244759168","-992","-5","-271"
"13715","599616155249627648","-993","-1","-271"
"13716","599616155254496036","-991","-2","-270"
"13717","599616155259368704","-991","-1","-261"
"13718","599616155264241408","-989","-4","-261"
"13719","599616155269114112","-989","-7","-259"
"13720","599616155273986816","-989","-6","-260"
"13721","599616155278859520","-990","0","-262"
"13722","599616155283732224","-993","-2","-272"
"13723","599616155288604928","-993","-5","-269"
"13724","599616155293477632","-996","-10","-287"
"13725","599616155298350336","-1005","-3","-310"
"13726","599616155303223040","-1012","-1","-317"
"13727","599616155308095744","-1001","-2","-303"
"13728","599616155312968448","-993","-2","-271"
"13729","599616155317841152","-990","-6","-261"
"13730","599616155322713856","-990","-4","-269"
"13731","599616155327586560","-988","1","-267"
"13732","599616155332459264","-979","-4","-253"
"13733","599616155337331968","-977","-6","-256"
"13734","599616155342204672","-984","-1","-269"
"13735","599616155347077504","-987","0","-276"
"13736","599616155351950208","-990","2","-278"
"13737","599616155356822912","-990","-5","-286"
"13738","599616155361695616","-992","-1","-288"
"13739","599616155366568320","-993","-7","-287"
"13740","599616155371441024","-993","-5","-280"
"13741","599616155376313728","-993","-5","-274"
"13742","599616155381186432","-993","-9","-272"
"13743","599616155386059136","-993","-4","-268"
"13744","599616155390931840","-992","0","-266"
"13745","599616155395804544","-992","-2","-268"
"13746","599616155400677248","-992","0","-268"
"13747","599616155405549952","-992","0","-264"
"13748","599616155410422656","-992","0","-265"
"13749","599616155415295360","-992","1","-263"
"13750","599616155420168064","-993","-3","-265"
"13751","599616155425040768","-993","-2","-261"
"13752","599616155429913514","-993","0","-260"
"13753","599616155434786176","-990","-3","-265"
"13754","599616155439658880","-993","-3","-262"
"13755","599616155444531584","-993","-3","-263"
"13756","599616155449404288","-993","-5","-266"
"13757","599616155454276992","-993","-5","-265"
"13758","599616155459149696","-993","-5","-267"
"13759","599616155464022400","-992","-4","-268"
"13760","599616155468895104","-992","-6","-269"
"13761","599616155473767808","-990","-2","-268"
"13762","599616155478640512","-991","-2","-268"
"13763","599616155483513216","-990","0","-263"
"13764","599616155488385920","-991","-6","-265"
"13765","599616155493258624","-991","-2","-264"
"13766","599616155498131328","-992","-4","-263"
"13767","599616155503004032","-991","-6","-263"
"13768","599616155507876736","-991","-3","-265"
"13769","599616155512749440","-992","-5","-263"
"13770","599616155517622144","-991","-4","-264"
"13771","599616155522494848","-991","-2","-265"
"13772","599616155527367552","-992","-6","-264"
"13773","599616155532240384","-992","-6","-264"
"13774","599616155537113088","-991","-5","-265"
"13775","599616155541985792","-991","-6","-265"
"13776","599616155546858496","-991","-6","-263"
"13777","599616155551731200","-991","-9","-270"
"13778","599616155556603904","-991","-8","-267"
"13779","599616155561476608","-991","-8","-261"
"13780","599616155566349312","-991","-6","-261"
"13781","599616155571222016","-992","-2","-263"
"13782","599616155576094720","-992","-3","-263"
"13783","599616155580967424","-991","-2","-264"
"13784","599616155585840128","-992","-2","-266"
"13785","599616155590712832","-991","-5","-266"
"13786","599616155595585536","-992","-6","-265"
"13787","599616155600458240","-991","-6","-266"
"13788","599616155605330978","-992","-8","-264"
"13789","599616155610203648","-990","-7","-267"
"13790","599616155615076352","-991","-6","-269"
"13791","599616155619949056","-993","-7","-266"
"13792","599616155624821760","-992","-8","-267"
"13793","599616155629694464","-992","-6","-268"
"13794","599616155634567168","-992","-5","-265"
"13795","599616155639439872","-992","-7","-265"
"13796","599616155644312576","-992","-7","-264"
"13797","599616155649185280","-992","-3","-264"
"13798","599616155654057984","-991","2","-261"
"13799","599616155658930688","-991","-2","-265"
"13800","599616155663803392","-991","1","-266"
"13801","599616155668676096","-992","0","-264"
"13802","599616155673548800","-992","1","-264"
"13803","599616155678421504","-992","-1","-265"
"13804","599616155683294208","-992","-2","-265"
"13805","599616155688166912","-992","-4","-263"
"13806","599616155693039616","-991","0","-264"
"13807","599616155697912320","-992","-3","-265"
"13808","599616155702785024","-992","-5","-264"
"13809","599616155707657856","-992","-7","-265"
"13810","599616155712530560","-992","0","-263"
"13811","599616155717403264","-992","-5","-265"
"13812","599616155722275968","-992","-4","-266"
"13813","599616155727148672","-992","-2","-264"
"13814","599616155732021376","-992","-6","-264"
"13815","599616155736894080","-992","-5","-265"
"13816","599616155741766784","-992","-4","-266"
"13817","599616155746639488","-992","-3","-263"
"13818","599616155751512192","-992","0","-264"
"13819","599616155756384896","-992","-4","-264"
"13820","599616155761257600","-993","-3","-264"
"13821","599616155766130304","-992","-3","-263"
"13822","599616155771003008","-991","-1","-265"
"13823","599616155775875712","-992","-1","-266"
"13824","599616155780748442","-991","1","-265"
"13825","599616155785620224","-992","-5","-266"
"13826","599616155790492032","-992","-5","-263"
"13827","599616155795363968","-992","-10","-263"
"13828","599616155800235776","-992","-8","-264"
"13829","599616155805107712","-993","-6","-262"
"13830","599616155809979520","-992","-6","-263"
"13831","599616155814851328","-992","-9","-267"
"13832","599616155819723264","-992","-6","-266"
"13833","599616155824595072","-993","-6","-265"
"13834","599616155829467008","-993","-9","-266"
"13835","599616155834338816","-992","-7","-267"
"13836","599616155839210624","-993","-6","-266"
"13837","599616155844082560","-993","-6","-265"
"13838","599616155848954368","-993","-6","-268"
"13839","599616155853826304","-993","-6","-274"
"13840","599616155858698112","-993","-4","-277"
"13841","599616155863569920","-993","-1","-273"
"13842","599616155868441856","-993","-2","-271"
"13843","599616155873313664","-993","2","-266"
"13844","599616155878185600","-993","1","-265"
"13845","599616155883057408","-992","4","-262"
"13846","599616155887929216","-991","1","-261"
"13847","599616155892801152","-992","0","-259"
"13848","599616155897672960","-991","3","-258"
"13849","599616155902544896","-990","1","-253"
"13850","599616155907416704","-989","0","-254"
"13851","599616155912288512","-990","2","-256"
"13852","599616155917160448","-993","4","-263"
"13853","599616155922032256","-993","3","-264"
"13854","599616155926904192","-994","0","-267"
"13855","599616155931776000","-1000","-2","-291"
"13856","599616155936647808","-1010","1","-306"
"13857","599616155941519744","-1007","1","-306"
"13858","599616155946391552","-996","-1","-279"
"13859","599616155951263488","-991","-1","-256"
"13860","599616155956135378","-990","-3","-264"
"13861","599616155961003904","-987","-5","-259"
"13862","599616155965872384","-984","-7","-252"
"13863","599616155970740864","-978","-9","-253"
"13864","599616155975609344","-983","-3","-263"
"13865","599616155980477824","-986","-5","-266"
"13866","599616155985346304","-988","-4","-275"
"13867","599616155990214656","-991","-2","-283"
"13868","599616155995083136","-991","-4","-290"
"13869","599616155999951616","-992","-3","-293"
"13870","599616156004820096","-993","-6","-287"
"13871","599616156009688576","-993","-8","-279"
"13872","599616156014557056","-993","-7","-273"
"13873","599616156019425536","-992","-5","-272"
"13874","599616156024294016","-993","0","-269"
"13875","599616156029162496","-992","-7","-266"
"13876","599616156034030976","-993","-2","-266"
"13877","599616156038899456","-993","-4","-266"
"13878","599616156043767808","-993","-2","-263"
"13879","599616156048636288","-992","-1","-261"
"13880","599616156053504768","-992","-2","-263"
"13881","599616156058373248","-993","-3","-261"
"13882","599616156063241728","-993","-2","-260"
"13883","599616156068110208","-993","-2","-260"
"13884","599616156072978688","-993","-2","-261"
"13885","599616156077847168","-993","-3","-261"
"13886","599616156082715648","-993","-2","-262"
"13887","599616156087584128","-993","-5","-264"
"13888","599616156092452608","-993","-1","-267"
"13889","599616156097321088","-992","-2","-266"
"13890","599616156102189440","-992","1","-266"
"13891","599616156107057920","-992","0","-268"
"13892","599616156111926400","-992","1","-267"
"13893","599616156116794880","-992","5","-270"
"13894","599616156121663360","-992","3","-267"
"13895","599616156126531840","-991","3","-267"
"13896","599616156131400248","-991","1","-263"
"13897","599616156136267776","-990","3","-265"
"13898","599616156141135360","-991","6","-265"
"13899","599616156146003072","-990","4","-264"
"13900","599616156150870656","-991","3","-265"
"13901","599616156155738240","-991","2","-267"
"13902","599616156160605824","-992","-1","-265"
"13903","599616156165473536","-990","0","-265"
"13904","599616156170341120","-991","-1","-265"
"13905","599616156175208704","-991","0","-266"
"13906","599616156180076416","-991","1","-266"
"13907","599616156184944000","-991","0","-268"
"13908","599616156189811584","-992","-6","-275"
"13909","599616156194679296","-992","-1","-271"
"13910","599616156199546880","-991","-1","-265"
"13911","599616156204414464","-992","-1","-264"
"13912","599616156209282048","-993","0","-265"
"13913","599616156214149760","-993","3","-267"
"13914","599616156219017344","-993","-1","-267"
"13915","599616156223884928","-993","1","-264"
"13916","599616156228752640","-993","-2","-265"
"13917","599616156233620224","-992","0","-264"
"13918","599616156238487808","-993","-6","-266"
"13919","599616156243355392","-993","-7","-267"
"13920","599616156248223104","-992","-6","-268"
"13921","599616156253090688","-993","-4","-269"
"13922","599616156257958272","-992","-4","-268"
"13923","599616156262825984","-993","-5","-267"
"13924","599616156267693568","-993","-6","-267"
"13925","599616156272561152","-993","-5","-268"
"13926","599616156277428864","-993","-2","-265"
"13927","599616156282296448","-993","-6","-266"
"13928","599616156287164032","-992","-2","-268"
"13929","599616156292031616","-992","0","-265"
"13930","599616156296899328","-992","1","-265"
"13931","599616156301766912","-992","2","-266"
"13932","599616156306634630","-992","5","-268"
"13933","599616156311505664","-994","4","-270"
"13934","599616156316376704","-992","5","-269"
"13935","599616156321247744","-992","2","-268"
"13936","599616156326118656","-992","2","-270"
"13937","599616156330989696","-992","4","-269"
"13938","599616156335860736","-992","1","-268"
"13939","599616156340731776","-992","3","-268"
"13940","599616156345602688","-992","3","-269"
"13941","599616156350473728","-992","4","-268"
"13942","599616156355344768","-992","2","-266"
"13943","599616156360215808","-992","-2","-269"
"13944","599616156365086848","-992","1","-264"
"13945","599616156369957760","-993","-3","-265"
"13946","599616156374828800","-993","-4","-263"
"13947","599616156379699840","-993","-3","-263"
"13948","599616156384570880","-992","-3","-262"
"13949","599616156389441792","-992","-2","-263"
"13950","599616156394312832","-992","0","-264"
"13951","599616156399183872","-992","-1","-266"
"13952","599616156404054912","-991","0","-266"
"13953","599616156408925824","-991","-3","-266"
"13954","599616156413796864","-991","0","-265"
"13955","599616156418667904","-992","0","-268"
"13956","599616156423538944","-991","-2","-269"
"13957","599616156428409984","-991","-1","-268"
"13958","599616156433280896","-992","1","-270"
"13959","599616156438151936","-992","0","-272"
"13960","599616156443022976","-991","0","-271"
"13961","599616156447894016","-991","0","-272"
"13962","599616156452764928","-991","-5","-273"
"13963","599616156457635968","-991","-3","-273"
"13964","599616156462507008","-991","-5","-273"
"13965","599616156467378048","-992","-5","-272"
"13966","599616156472249088","-992","-8","-271"
"13967","599616156477120000","-992","-10","-273"
"13968","599616156481991026","-992","-9","-270"
"13969","599616156486859520","-991","-10","-274"
"13970","599616156491728000","-992","-10","-269"
"13971","599616156496596480","-992","-11","-271"
"13972","599616156501464960","-992","-12","-275"
"13973","599616156506333440","-992","-9","-279"
"13974","599616156511201920","-993","-9","-279"
"13975","599616156516070272","-992","-10","-279"
"13976","599616156520938752","-991","-8","-280"
"13977","599616156525807232","-990","-8","-282"
"13978","599616156530675712","-990","-6","-284"
"13979","599616156535544192","-988","-6","-285"
"13980","599616156540412672","-985","0","-283"
"13981","599616156545281152","-983","0","-279"
"13982","599616156550149632","-985","4","-283"
"13983","599616156555018112","-988","2","-288"
"13984","599616156559886592","-991","6","-293"
"13985","599616156564755072","-994","11","-301"
"13986","599616156569623552","-995","8","-296"
"13987","599616156574491904","-1000","4","-320"
"13988","599616156579360384","-1006","7","-325"
"13989","599616156584228864","-1006","9","-335"
"13990","599616156589097344","-995","9","-308"
"13991","599616156593965824","-991","6","-278"
"13992","599616156598834304","-988","7","-277"
"13993","599616156603702784","-989","5","-289"
"13994","599616156608571264","-989","4","-278"
"13995","599616156613439744","-986","2","-262"
"13996","599616156618308224","-987","7","-276"
"13997","599616156623176704","-990","9","-296"
"13998","599616156628045056","-991","2","-306"
"13999","599616156632913536","-990","-1","-318"
"14000","599616156637782016","-990","-2","-322"
"14001","599616156642650496","-989","-5","-334"
"14002","599616156647518976","-988","-7","-340"
"14003","599616156652387456","-987","-8","-335"
"14004","599616156657255906","-986","-8","-332"
"14005","599616156662124416","-980","-10","-326"
"14006","599616156666992896","-981","-9","-327"
"14007","599616156671861376","-978","-8","-324"
"14008","599616156676729856","-982","-6","-324"
"14009","599616156681598336","-984","-7","-324"
"14010","599616156686466816","-987","-8","-322"
"14011","599616156691335168","-988","-4","-322"
"14012","599616156696203648","-989","-8","-323"
"14013","599616156701072128","-990","-7","-319"
"14014","599616156705940608","-991","-8","-322"
"14015","599616156710809088","-991","-4","-314"
"14016","599616156715677568","-991","-4","-316"
"14017","599616156720546048","-991","-4","-315"
"14018","599616156725414528","-991","-4","-312"
"14019","599616156730283008","-991","-7","-316"
"14020","599616156735151488","-991","0","-319"
"14021","599616156740019968","-991","-1","-316"
"14022","599616156744888448","-990","-1","-320"
"14023","599616156749756800","-990","2","-323"
"14024","599616156754625280","-989","5","-324"
"14025","599616156759493760","-989","2","-325"
"14026","599616156764362240","-986","3","-320"
"14027","599616156769230720","-986","7","-318"
"14028","599616156774099200","-985","8","-319"
"14029","599616156778967680","-986","9","-320"
"14030","599616156783836160","-985","10","-323"
"14031","599616156788704640","-984","9","-324"
"14032","599616156793573120","-985","6","-320"
"14033","599616156798441600","-987","8","-321"
"14034","599616156803309952","-988","8","-321"
"14035","599616156808178432","-987","6","-322"
"14036","599616156813046912","-987","2","-329"
"14037","599616156817915392","-987","6","-329"
"14038","599616156822783872","-987","5","-334"
"14039","599616156827652352","-986","3","-335"
"14040","599616156832520780","-987","2","-340"
"14041","599616156837390208","-987","3","-346"
"14042","599616156842259584","-987","2","-353"
"14043","599616156847128832","-984","0","-332"
"14044","599616156851998208","-984","2","-327"
"14045","599616156856867456","-985","7","-332"
"14046","599616156861736832","-987","3","-326"
"14047","599616156866606080","-984","1","-323"
"14048","599616156871475456","-986","3","-326"
"14049","599616156876344704","-987","-1","-329"
"14050","599616156881214080","-988","-1","-330"
"14051","599616156886083328","-988","-4","-335"
"14052","599616156890952704","-988","-4","-332"
"14053","599616156895821952","-987","-5","-332"
"14054","599616156900691328","-988","-3","-334"
"14055","599616156905560704","-987","-4","-331"
"14056","599616156910429952","-990","-2","-332"
"14057","599616156915299328","-990","-5","-331"
"14058","599616156920168576","-986","-4","-333"
"14059","599616156925037952","-988","-2","-335"
"14060","599616156929907200","-986","-3","-337"
"14061","599616156934776576","-987","-3","-338"
"14062","599616156939645824","-986","-4","-335"
"14063","599616156944515200","-986","-3","-335"
"14064","599616156949384448","-987","-3","-334"
"14065","599616156954253824","-987","-4","-334"
"14066","599616156959123072","-988","-1","-335"
"14067","599616156963992448","-989","0","-332"
"14068","599616156968861696","-987","1","-331"
"14069","599616156973731072","-988","0","-328"
"14070","599616156978600448","-987","-1","-335"
"14071","599616156983469696","-986","1","-332"
"14072","599616156988339072","-988","-1","-333"
"14073","599616156993208320","-987","-1","-324"
"14074","599616156998077696","-987","1","-324"
"14075","599616157002946944","-989","-2","-325"
"14076","599616157007816182","-989","3","-332"
"14077","599616157012686336","-983","-3","-327"
"14078","599616157017556480","-989","3","-330"
"14079","599616157022426624","-988","0","-335"
"14080","599616157027296768","-989","-1","-325"
"14081","599616157032167040","-985","0","-325"
"14082","599616157037037184","-986","-1","-330"
"14083","599616157041907328","-987","0","-325"
"14084","599616157046777472","-986","-1","-328"
"14085","599616157051647616","-984","0","-331"
"14086","599616157056517760","-985","-2","-336"
"14087","599616157061388032","-984","0","-334"
"14088","599616157066258176","-984","-5","-329"
"14089","599616157071128320","-985","-3","-330"
"14090","599616157075998464","-985","-2","-330"
"14091","599616157080868608","-986","-2","-335"
"14092","599616157085738752","-987","-1","-334"
"14093","599616157090609024","-987","-1","-335"
"14094","599616157095479168","-986","-3","-335"
"14095","599616157100349312","-989","-2","-333"
"14096","599616157105219456","-989","-5","-338"
"14097","599616157110089600","-989","-4","-336"
"14098","599616157114959744","-988","-5","-342"
"14099","599616157119830016","-989","-4","-343"
"14100","599616157124700160","-990","-5","-343"
"14101","599616157129570304","-988","-6","-351"
"14102","599616157134440448","-986","-3","-345"
"14103","599616157139310592","-988","-1","-346"
"14104","599616157144180736","-986","-6","-346"
"14105","599616157149050880","-986","-4","-348"
"14106","599616157153921152","-988","-1","-347"
"14107","599616157158791296","-989","0","-344"
"14108","599616157163661440","-990","-1","-342"
"14109","599616157168531584","-990","1","-342"
"14110","599616157173401728","-990","-4","-334"
"14111","599616157178271872","-990","-1","-335"
"14112","599616157183142102","-991","0","-329"
"14113","599616157188015744","-993","0","-322"
"14114","599616157192889344","-987","-2","-323"
"14115","599616157197762816","-986","-1","-317"
"14116","599616157202636416","-988","-5","-316"
"14117","599616157207510016","-988","-3","-325"
"14118","599616157212383488","-990","1","-330"
"14119","599616157217257088","-990","2","-336"
"14120","599616157222130688","-991","-1","-347"
"14121","599616157227004160","-993","4","-374"
"14122","599616157231877760","-993","3","-370"
"14123","599616157236751232","-989","4","-343"
"14124","599616157241624832","-980","0","-312"
"14125","599616157246498432","-981","-2","-313"
"14126","599616157251371904","-979","3","-318"
"14127","599616157256245504","-978","-1","-320"
"14128","599616157261119104","-976","2","-311"
"14129","599616157265992576","-976","6","-295"
"14130","599616157270866176","-979","2","-304"
"14131","599616157275739776","-986","7","-330"
"14132","599616157280613248","-986","5","-349"
"14133","599616157285486848","-987","4","-357"
"14134","599616157290360448","-987","2","-361"
"14135","599616157295233920","-983","2","-366"
"14136","599616157300107520","-984","-1","-362"
"14137","599616157304981120","-983","-3","-358"
"14138","599616157309854592","-981","-5","-348"
"14139","599616157314728192","-980","-9","-342"
"14140","599616157319601792","-982","-3","-331"
"14141","599616157324475264","-984","-3","-329"
"14142","599616157329348864","-986","-1","-318"
"14143","599616157334222336","-987","2","-316"
"14144","599616157339095936","-989","1","-311"
"14145","599616157343969536","-990","1","-307"
"14146","599616157348843008","-992","4","-301"
"14147","599616157353716608","-992","0","-300"
"14148","599616157358590088","-992","-1","-296"
"14149","599616157363463680","-995","-1","-291"
"14150","599616157368337280","-993","-1","-287"
"14151","599616157373210752","-993","-3","-292"
"14152","599616157378084352","-993","-1","-292"
"14153","599616157382957952","-993","2","-289"
"14154","599616157387831424","-992","2","-294"
"14155","599616157392705024","-992","-2","-299"
"14156","599616157397578624","-992","5","-297"
"14157","599616157402452096","-992","8","-298"
"14158","599616157407325696","-990","9","-297"
"14159","599616157412199168","-990","15","-292"
"14160","599616157417072768","-990","14","-299"
"14161","599616157421946368","-990","17","-289"
"14162","599616157426819840","-990","15","-288"
"14163","599616157431693440","-990","19","-288"
"14164","599616157436567040","-991","19","-291"
"14165","599616157441440512","-991","14","-290"
"14166","599616157446314112","-991","13","-293"
"14167","599616157451187712","-992","11","-288"
"14168","599616157456061184","-992","9","-289"
"14169","599616157460934784","-993","11","-291"
"14170","599616157465808384","-993","7","-299"
"14171","599616157470681856","-992","6","-298"
"14172","599616157475555456","-993","4","-302"
"14173","599616157480429056","-993","5","-298"
"14174","599616157485302528","-993","6","-306"
"14175","599616157490176128","-994","6","-312"
"14176","599616157495049728","-994","6","-309"
"14177","599616157499923200","-993","12","-292"
"14178","599616157504796800","-993","13","-292"
"14179","599616157509670272","-992","16","-287"
"14180","599616157514543872","-992","18","-290"
"14181","599616157519417472","-992","19","-294"
"14182","599616157524290944","-993","22","-294"
"14183","599616157529164544","-994","26","-293"
"14184","599616157534038070","-993","32","-297"
"14185","599616157538913280","-995","38","-291"
"14186","599616157543788544","-993","36","-294"
"14187","599616157548663808","-994","39","-291"
"14188","599616157553539072","-994","37","-290"
"14189","599616157558414336","-993","35","-285"
"14190","599616157563289472","-994","32","-286"
"14191","599616157568164736","-993","28","-285"
"14192","599616157573040000","-994","22","-283"
"14193","599616157577915264","-993","15","-282"
"14194","599616157582790528","-993","9","-286"
"14195","599616157587665792","-993","4","-284"
"14196","599616157592541056","-993","-4","-284"
"14197","599616157597416320","-991","-3","-285"
"14198","599616157602291584","-991","-7","-279"
"14199","599616157607166720","-989","-8","-277"
"14200","599616157612041984","-987","-8","-281"
"14201","599616157616917248","-985","-11","-280"
"14202","599616157621792512","-982","-9","-282"
"14203","599616157626667776","-979","-9","-284"
"14204","599616157631543040","-977","-10","-287"
"14205","599616157636418304","-976","-9","-288"
"14206","599616157641293568","-976","-10","-291"
"14207","599616157646168832","-977","-10","-287"
"14208","599616157651043968","-979","-12","-292"
"14209","599616157655919232","-979","-10","-285"
"14210","599616157660794496","-983","-13","-286"
"14211","599616157665669760","-983","-12","-284"
"14212","599616157670545024","-988","-10","-282"
"14213","599616157675420288","-989","-11","-283"
"14214","599616157680295552","-990","-10","-279"
"14215","599616157685170816","-992","-9","-280"
"14216","599616157690046080","-992","-8","-280"
"14217","599616157694921344","-994","-10","-282"
"14218","599616157699796480","-993","-7","-278"
"14219","599616157704671744","-996","-6","-279"
"14220","599616157709547072","-997","-3","-271"
"14221","599616157714422272","-1004","0","-275"
"14222","599616157719297536","-999","8","-265"
"14223","599616157724172800","-1000","11","-264"
"14224","599616157729048064","-1005","20","-263"
"14225","599616157733923328","-1009","25","-261"
"14226","599616157738798464","-1013","29","-260"
"14227","599616157743673728","-1022","38","-261"
"14228","599616157748548992","-1029","40","-260"
"14229","599616157753424256","-1037","42","-262"
"14230","599616157758299520","-1046","39","-267"
"14231","599616157763174784","-1052","35","-270"
"14232","599616157768050048","-1059","30","-270"
"14233","599616157772925312","-1069","25","-266"
"14234","599616157777800576","-1078","25","-264"
"14235","599616157782675840","-1081","23","-258"
"14236","599616157787550976","-1081","20","-255"
"14237","599616157792426240","-1074","16","-251"
"14238","599616157797301504","-1073","12","-250"
"14239","599616157802176768","-1069","4","-250"
"14240","599616157807052032","-1069","-5","-246"
"14241","599616157811927296","-1068","-12","-243"
"14242","599616157816802560","-1071","-18","-237"
"14243","599616157821677824","-1075","-22","-219"
"14244","599616157826553088","-1076","-26","-206"
"14245","599616157831428224","-1081","-27","-190"
"14246","599616157836303488","-1089","-29","-166"
"14247","599616157841178752","-1074","-31","-144"
"14248","599616157846054016","-1072","-32","-133"
"14249","599616157850929280","-1060","-36","-126"
"14250","599616157855804544","-1049","-36","-121"
"14251","599616157860679808","-1038","-34","-119"
"14252","599616157865555072","-1028","-30","-128"
"14253","599616157870430336","-1020","-25","-132"
"14254","599616157875305600","-1004","-19","-135"
"14255","599616157880180736","-995","-11","-144"
"14256","599616157885056090","-992","11","-163"
"14257","599616157889931392","-989","31","-175"
"14258","599616157894806656","-981","54","-184"
"14259","599616157899681920","-959","70","-148"
"14260","599616157904557184","-943","75","-145"
"14261","599616157909432448","-933","79","-142"
"14262","599616157914307584","-932","81","-149"
"14263","599616157919182848","-922","81","-144"
"14264","599616157924058112","-902","82","-131"
"14265","599616157928933376","-900","81","-135"
"14266","599616157933808640","-915","84","-144"
"14267","599616157938683904","-912","85","-146"
"14268","599616157943559168","-910","86","-139"
"14269","599616157948434432","-908","85","-137"
"14270","599616157953309696","-911","84","-136"
"14271","599616157958184960","-918","83","-134"
"14272","599616157963060096","-938","81","-134"
"14273","599616157967935360","-951","83","-132"
"14274","599616157972810624","-967","83","-130"
"14275","599616157977685888","-984","81","-128"
"14276","599616157982561152","-991","80","-129"
"14277","599616157987436416","-993","77","-126"
"14278","599616157992311680","-999","68","-123"
"14279","599616157997186944","-1011","65","-124"
"14280","599616158002062208","-1025","59","-118"
"14281","599616158006937344","-1038","55","-121"
"14282","599616158011812608","-1050","49","-114"
"14283","599616158016687872","-1056","41","-110"
"14284","599616158021563136","-1062","32","-106"
"14285","599616158026438400","-1068","24","-101"
"14286","599616158031313664","-1075","17","-104"
"14287","599616158036188928","-1080","9","-106"
"14288","599616158041064192","-1087","-1","-105"
"14289","599616158045939456","-1083","-10","-98"
"14290","599616158050814720","-1077","-17","-91"
"14291","599616158055689856","-1068","-24","-88"
"14292","599616158060565108","-1065","-30","-85"
"14293","599616158065441280","-1054","-37","-75"
"14294","599616158070317440","-1054","-40","-69"
"14295","599616158075193472","-1047","-41","-66"
"14296","599616158080069632","-1044","-45","-63"
"14297","599616158084945664","-1039","-44","-67"
"14298","599616158089821824","-1034","-42","-73"
"14299","599616158094697856","-1027","-40","-76"
"14300","599616158099574016","-1027","-38","-83"
"14301","599616158104450048","-1024","-36","-97"
"14302","599616158109326208","-1019","-33","-98"
"14303","599616158114202240","-1012","-29","-104"
"14304","599616158119078400","-1005","-23","-105"
"14305","599616158123954432","-1000","-21","-107"
"14306","599616158128830592","-994","-18","-111"
"14307","599616158133706624","-993","-15","-108"
"14308","599616158138582784","-992","-16","-103"
"14309","599616158143458816","-991","-13","-104"
"14310","599616158148334976","-990","-11","-105"
"14311","599616158153211008","-987","-8","-100"
"14312","599616158158087168","-986","2","-94"
"14313","599616158162963200","-983","10","-88"
"14314","599616158167839360","-980","15","-77"
"14315","599616158172715392","-980","17","-68"
"14316","599616158177591552","-981","19","-65"
"14317","599616158182467584","-984","19","-61"
"14318","599616158187343744","-987","20","-63"
"14319","599616158192219904","-988","26","-59"
"14320","599616158197095936","-990","34","-64"
"14321","599616158201972096","-992","43","-62"
"14322","599616158206848128","-991","60","-66"
"14323","599616158211724288","-992","68","-63"
"14324","599616158216600320","-992","68","-59"
"14325","599616158221476480","-993","71","-58"
"14326","599616158226352512","-995","80","-50"
"14327","599616158231228672","-995","79","-42"
"14328","599616158236104654","-993","82","-35"
"14329","599616158240979072","-993","76","-34"
"14330","599616158245853440","-993","81","-31"
"14331","599616158250727936","-994","79","-34"
"14332","599616158255602304","-993","78","-37"
"14333","599616158260476672","-994","76","-39"
"14334","599616158265351040","-994","78","-43"
"14335","599616158270225536","-994","73","-43"
"14336","599616158275099904","-993","70","-41"
"14337","599616158279974272","-993","66","-39"
"14338","599616158284848640","-992","64","-30"
"14339","599616158289723136","-990","65","-22"
"14340","599616158294597504","-991","66","-18"
"14341","599616158299471872","-991","60","-13"
"14342","599616158304346240","-991","61","-7"
"14343","599616158309220736","-993","58","-6"
"14344","599616158314095104","-994","51","-3"
"14345","599616158318969472","-995","43","0"
"14346","599616158323843968","-996","42","-2"
"14347","599616158328718336","-997","48","0"
"14348","599616158333592704","-999","46","-2"
"14349","599616158338467072","-1004","46","-4"
"14350","599616158343341568","-1005","48","-3"
"14351","599616158348215936","-1008","47","3"
"14352","599616158353090304","-1005","41","7"
"14353","599616158357964672","-999","44","9"
"14354","599616158362839168","-995","41","16"
"14355","599616158367713536","-994","42","18"
"14356","599616158372587904","-993","46","12"
"14357","599616158377462272","-993","49","13"
"14358","599616158382336768","-993","43","13"
"14359","599616158387211136","-993","47","14"
"14360","599616158392085504","-994","47","20"
"14361","599616158396960000","-994","47","22"
"14362","599616158401834368","-995","50","23"
"14363","599616158406708736","-998","47","22"
"14364","599616158411583134","-998","46","22"
"14365","599616158416458368","-1002","49","20"
"14366","599616158421333632","-1001","48","19"
"14367","599616158426208896","-999","55","19"
"14368","599616158431084160","-999","58","28"
"14369","599616158435959424","-998","70","30"
"14370","599616158440834560","-996","74","32"
"14371","599616158445709824","-995","77","33"
"14372","599616158450585088","-996","83","34"
"14373","599616158455460352","-995","80","34"
"14374","599616158460335616","-995","81","33"
"14375","599616158465210880","-993","82","33"
"14376","599616158470086144","-993","81","32"
"14377","599616158474961408","-993","74","38"
"14378","599616158479836672","-991","71","42"
"14379","599616158484711936","-992","69","47"
"14380","599616158489587072","-990","58","59"
"14381","599616158494462336","-989","57","65"
"14382","599616158499337600","-990","51","74"
"14383","599616158504212864","-992","53","62"
"14384","599616158509088128","-994","52","56"
"14385","599616158513963392","-995","52","50"
"14386","599616158518838656","-999","54","39"
"14387","599616158523713920","-1004","63","37"
"14388","599616158528589184","-1013","74","26"
"14389","599616158533464448","-1015","79","24"
"14390","599616158538339584","-1001","83","31"
"14391","599616158543214848","-994","86","42"
"14392","599616158548090112","-993","90","45"
"14393","599616158552965376","-992","92","53"
"14394","599616158557840640","-991","94","52"
"14395","599616158562715904","-991","96","47"
"14396","599616158567591168","-992","103","31"
"14397","599616158572466432","-992","106","24"
"14398","599616158577341696","-993","110","17"
"14399","599616158582216832","-993","116","13"
"14400","599616158587092162","-993","115","11"
"14401","599616158591966592","-997","118","18"
"14402","599616158596840960","-995","119","5"
"14403","599616158601715456","-995","117","4"
"14404","599616158606589824","-996","121","6"
"14405","599616158611464192","-996","124","8"
"14406","599616158616338560","-995","132","14"
"14407","599616158621213056","-993","132","15"
"14408","599616158626087424","-993","138","14"
"14409","599616158630961792","-992","141","16"
"14410","599616158635836160","-992","145","14"
"14411","599616158640710656","-991","148","15"
"14412","599616158645585024","-991","149","11"
"14413","599616158650459392","-992","152","6"
"14414","599616158655333888","-992","155","4"
"14415","599616158660208256","-993","155","0"
"14416","599616158665082624","-992","159","-1"
"14417","599616158669956992","-992","151","-3"
"14418","599616158674831488","-991","155","-4"
"14419","599616158679705856","-992","146","-9"
"14420","599616158684580224","-991","144","-9"
"14421","599616158689454592","-991","134","-13"
"14422","599616158694329088","-991","131","-13"
"14423","599616158699203456","-992","128","-15"
"14424","599616158704077824","-992","116","-15"
"14425","599616158708952192","-993","114","-16"
"14426","599616158713826688","-993","113","-17"
"14427","599616158718701056","-994","107","-13"
"14428","599616158723575424","-993","106","-17"
"14429","599616158728449920","-994","102","-15"
"14430","599616158733324288","-997","98","-12"
"14431","599616158738198656","-998","95","-13"
"14432","599616158743073024","-997","101","-10"
"14433","599616158747947520","-999","101","-7"
"14434","599616158752821888","-997","101","-7"
"14435","599616158757696256","-997","99","-5"
"14436","599616158762570652","-998","96","-5"
"14437","599616158767443328","-1004","97","-9"
"14438","599616158772316032","-1000","98","-13"
"14439","599616158777188736","-1000","100","-18"
"14440","599616158782061440","-1003","100","-23"
"14441","599616158786934144","-1004","109","-24"
"14442","599616158791806848","-1003","117","-23"
"14443","599616158796679552","-998","131","-25"
"14444","599616158801552256","-1000","146","-27"
"14445","599616158806424960","-1001","147","-26"
"14446","599616158811297664","-1008","157","-28"
"14447","599616158816170368","-1013","163","-32"
"14448","599616158821043072","-1015","167","-33"
"14449","599616158825915776","-1017","174","-33"
"14450","599616158830788480","-1011","176","-31"
"14451","599616158835661184","-1006","182","-31"
"14452","599616158840533888","-1004","189","-27"
"14453","599616158845406592","-1000","191","-25"
"14454","599616158850279424","-1001","197","-26"
"14455","599616158855152128","-999","200","-28"
"14456","599616158860024832","-1000","203","-31"
"14457","599616158864897536","-998","205","-33"
"14458","599616158869770240","-998","207","-36"
"14459","599616158874642944","-999","207","-36"
"14460","599616158879515648","-999","206","-41"
"14461","599616158884388352","-998","208","-44"
"14462","599616158889261056","-1000","209","-41"
"14463","599616158894133760","-997","210","-41"
"14464","599616158899006464","-997","212","-37"
"14465","599616158903879168","-994","213","-36"
"14466","599616158908751872","-993","216","-38"
"14467","599616158913624576","-994","216","-41"
"14468","599616158918497280","-994","215","-42"
"14469","599616158923369984","-993","220","-44"
"14470","599616158928242688","-993","220","-45"
"14471","599616158933115392","-993","222","-52"
"14472","599616158937988132","-992","222","-52"
"14473","599616158942862464","-994","223","-53"
"14474","599616158947736832","-991","225","-57"
"14475","599616158952611328","-993","225","-66"
"14476","599616158957485696","-993","222","-64"
"14477","599616158962360064","-993","223","-76"
"14478","599616158967234432","-994","223","-82"
"14479","599616158972108928","-994","222","-89"
"14480","599616158976983296","-993","233","-93"
"14481","599616158981857664","-992","229","-93"
"14482","599616158986732032","-992","229","-97"
"14483","599616158991606528","-992","231","-103"
"14484","599616158996480896","-993","230","-102"
"14485","599616159001355264","-993","233","-105"
"14486","599616159006229632","-994","232","-115"
"14487","599616159011104128","-995","235","-119"
"14488","599616159015978496","-994","232","-130"
"14489","599616159020852864","-994","232","-132"
"14490","599616159025727360","-994","232","-137"
"14491","599616159030601728","-995","225","-139"
"14492","599616159035476096","-994","227","-149"
"14493","599616159040350464","-994","224","-147"
"14494","599616159045224960","-993","222","-146"
"14495","599616159050099328","-993","222","-139"
"14496","599616159054973696","-993","219","-137"
"14497","599616159059848064","-992","223","-145"
"14498","599616159064722560","-992","223","-145"
"14499","599616159069596928","-992","221","-150"
"14500","599616159074471296","-993","221","-156"
"14501","599616159079345792","-992","224","-157"
"14502","599616159084220160","-992","221","-166"
"14503","599616159089094528","-992","219","-166"
"14504","599616159093968896","-991","218","-162"
"14505","599616159098843392","-990","215","-170"
"14506","599616159103717760","-988","214","-175"
"14507","599616159108592128","-988","214","-171"
"14508","599616159113466616","-987","212","-162"
"14509","599616159118341888","-983","210","-163"
"14510","599616159123217152","-982","210","-157"
"14511","599616159128092416","-983","211","-165"
"14512","599616159132967680","-984","211","-176"
"14513","599616159137842944","-987","211","-180"
"14514","599616159142718080","-989","211","-191"
"14515","599616159147593344","-992","211","-192"
"14516","599616159152468608","-994","210","-204"
"14517","599616159157343872","-998","209","-205"
"14518","599616159162219136","-994","209","-194"
"14519","599616159167094400","-993","209","-184"
"14520","599616159171969664","-992","210","-178"
"14521","599616159176844928","-992","210","-175"
"14522","599616159181720192","-992","212","-174"
"14523","599616159186595456","-993","215","-190"
"14524","599616159191470592","-993","217","-195"
"14525","599616159196345856","-993","218","-209"
"14526","599616159201221120","-994","217","-214"
"14527","599616159206096384","-993","221","-224"
"14528","599616159210971648","-995","219","-238"
"14529","599616159215846912","-995","217","-242"
"14530","599616159220722176","-995","216","-242"
"14531","599616159225597440","-995","217","-238"
"14532","599616159230472704","-994","217","-235"
"14533","599616159235347968","-995","218","-225"
"14534","599616159240223104","-993","221","-222"
"14535","599616159245098368","-993","223","-219"
"14536","599616159249973632","-993","225","-217"
"14537","599616159254848896","-994","221","-219"
"14538","599616159259724160","-995","222","-217"
"14539","599616159264599424","-996","221","-224"
"14540","599616159269474688","-999","219","-228"
"14541","599616159274349952","-1001","219","-227"
"14542","599616159279225216","-1000","217","-234"
"14543","599616159284100352","-999","216","-231"
"14544","599616159288975644","-997","215","-229"
"14545","599616159293850880","-999","218","-229"
"14546","599616159298726144","-994","217","-230"
"14547","599616159303601408","-993","219","-229"
"14548","599616159308476672","-993","219","-231"
"14549","599616159313351936","-993","224","-235"
"14550","599616159318227072","-993","230","-243"
"14551","599616159323102336","-993","234","-240"
"14552","599616159327977600","-993","237","-239"
"14553","599616159332852864","-993","240","-242"
"14554","599616159337728128","-993","251","-241"
"14555","599616159342603392","-993","252","-246"
"14556","599616159347478656","-992","259","-245"
"14557","599616159352353920","-991","263","-248"
"14558","599616159357229184","-989","269","-245"
"14559","599616159362104448","-984","269","-242"
"14560","599616159366979584","-983","274","-240"
"14561","599616159371854848","-983","273","-237"
"14562","599616159376730112","-981","279","-239"
"14563","599616159381605376","-983","280","-242"
"14564","599616159386480640","-987","282","-245"
"14565","599616159391355904","-988","290","-243"
"14566","599616159396231168","-988","290","-243"
"14567","599616159401106432","-989","295","-245"
"14568","599616159405981696","-989","295","-242"
"14569","599616159410856832","-991","303","-244"
"14570","599616159415732096","-991","299","-247"
"14571","599616159420607360","-992","304","-238"
"14572","599616159425482624","-990","297","-234"
"14573","599616159430357888","-991","298","-228"
"14574","599616159435233152","-992","296","-224"
"14575","599616159440108416","-992","288","-224"
"14576","599616159444983680","-992","285","-221"
"14577","599616159449858944","-993","284","-224"
"14578","599616159454734208","-992","281","-223"
"14579","599616159459609344","-992","275","-226"
"14580","599616159464484662","-991","270","-232"
"14581","599616159469361536","-991","272","-234"
"14582","599616159474238464","-990","268","-234"
"14583","599616159479115392","-990","267","-236"
"14584","599616159483992320","-987","270","-240"
"14585","599616159488869376","-986","265","-241"
"14586","599616159493746304","-985","266","-243"
"14587","599616159498623232","-982","269","-242"
"14588","599616159503500160","-982","271","-242"
"14589","599616159508377088","-979","271","-242"
"14590","599616159513254016","-980","270","-239"
"14591","599616159518130944","-973","271","-235"
"14592","599616159523008000","-974","272","-234"
"14593","599616159527884928","-974","270","-235"
"14594","599616159532761856","-978","275","-235"
"14595","599616159537638784","-982","277","-236"
"14596","599616159542515712","-983","277","-238"
"14597","599616159547392640","-987","281","-242"
"14598","599616159552269568","-987","288","-245"
"14599","599616159557146496","-989","283","-242"
"14600","599616159562023552","-991","286","-247"
"14601","599616159566900480","-991","290","-247"
"14602","599616159571777408","-991","293","-247"
"14603","599616159576654336","-991","293","-246"
"14604","599616159581531264","-991","291","-246"
"14605","599616159586408192","-992","291","-248"
"14606","599616159591285120","-992","291","-246"
"14607","599616159596162176","-992","286","-242"
"14608","599616159601039104","-992","286","-243"
"14609","599616159605916032","-992","282","-243"
"14610","599616159610792960","-994","276","-240"
"14611","599616159615669888","-993","269","-238"
"14612","599616159620546816","-993","269","-242"
"14613","599616159625423744","-994","260","-240"
"14614","599616159630300800","-994","255","-236"
"14615","599616159635177728","-993","252","-232"
"14616","599616159640054700","-993","248","-226"
"14617","599616159644929024","-992","244","-217"
"14618","599616159649803392","-992","241","-216"
"14619","599616159654677888","-992","240","-211"
"14620","599616159659552256","-992","236","-215"
"14621","599616159664426624","-992","235","-220"
"14622","599616159669300992","-991","237","-221"
"14623","599616159674175488","-989","237","-225"
"14624","599616159679049856","-984","240","-222"
"14625","599616159683924224","-983","240","-220"
"14626","599616159688798592","-983","242","-223"
"14627","599616159693673088","-983","245","-224"
"14628","599616159698547456","-987","250","-218"
"14629","599616159703421824","-990","254","-215"
"14630","599616159708296320","-990","257","-208"
"14631","599616159713170688","-991","259","-199"
"14632","599616159718045056","-991","264","-197"
"14633","599616159722919424","-991","264","-190"
"14634","599616159727793920","-990","265","-189"
"14635","599616159732668288","-990","266","-186"
"14636","599616159737542656","-989","267","-179"
"14637","599616159742417024","-990","264","-176"
"14638","599616159747291520","-990","267","-176"
"14639","599616159752165888","-992","263","-182"
"14640","599616159757040256","-994","265","-177"
"14641","599616159761914752","-997","266","-188"
"14642","599616159766789120","-1003","268","-192"
"14643","599616159771663488","-1008","271","-194"
"14644","599616159776537856","-1009","275","-186"
"14645","599616159781412352","-1002","279","-176"
"14646","599616159786286720","-995","283","-177"
"14647","599616159791161088","-993","280","-173"
"14648","599616159796035456","-992","279","-156"
"14649","599616159800909952","-990","279","-146"
"14650","599616159805784320","-988","276","-147"
"14651","599616159810658688","-988","274","-156"
"14652","599616159815533206","-991","276","-171"
"14653","599616159820404992","-990","272","-176"
"14654","599616159825276800","-993","268","-181"
"14655","599616159830148736","-994","268","-179"
"14656","599616159835020544","-993","265","-172"
"14657","599616159839892480","-992","262","-156"
"14658","599616159844764288","-990","263","-144"
"14659","599616159849636096","-981","264","-135"
"14660","599616159854508032","-976","266","-136"
"14661","599616159859379840","-971","265","-138"
"14662","599616159864251776","-974","267","-138"
"14663","599616159869123584","-976","266","-139"
"14664","599616159873995392","-984","265","-137"
"14665","599616159878867328","-990","265","-135"
"14666","599616159883739136","-992","261","-132"
"14667","599616159888611072","-994","259","-134"
"14668","599616159893482880","-998","253","-135"
"14669","599616159898354688","-999","257","-134"
"14670","599616159903226624","-1005","256","-137"
"14671","599616159908098432","-1006","259","-135"
"14672","599616159912970368","-1008","260","-136"
"14673","599616159917842176","-1001","267","-134"
"14674","599616159922713984","-998","268","-134"
"14675","599616159927585920","-997","277","-134"
"14676","599616159932457728","-996","277","-135"
"14677","599616159937329664","-995","283","-137"
"14678","599616159942201472","-994","286","-138"
"14679","599616159947073408","-994","285","-138"
"14680","599616159951945216","-993","288","-138"
"14681","599616159956817024","-993","281","-139"
"14682","599616159961688960","-993","284","-139"
"14683","599616159966560768","-992","281","-138"
"14684","599616159971432704","-992","281","-138"
"14685","599616159976304512","-993","276","-136"
"14686","599616159981176320","-991","274","-133"
"14687","599616159986048256","-991","272","-134"
"14688","599616159990920158","-991","268","-132"
"14689","599616159995793792","-990","266","-135"
"14690","599616160000667392","-989","264","-134"
"14691","599616160005540864","-990","260","-132"
"14692","599616160010414464","-988","261","-132"
"14693","599616160015288064","-987","263","-131"
"14694","599616160020161536","-987","262","-129"
"14695","599616160025035136","-987","265","-128"
"14696","599616160029908736","-986","264","-128"
"14697","599616160034782208","-990","266","-126"
"14698","599616160039655808","-990","268","-121"
"14699","599616160044529408","-989","267","-124"
"14700","599616160049402880","-987","272","-115"
"14701","599616160054276480","-985","275","-107"
"14702","599616160059149952","-984","270","-107"
"14703","599616160064023552","-985","275","-99"
"14704","599616160068897152","-989","271","-102"
"14705","599616160073770624","-991","274","-103"
"14706","599616160078644224","-991","271","-103"
"14707","599616160083517824","-991","271","-103"
"14708","599616160088391296","-990","272","-103"
"14709","599616160093264896","-989","272","-96"
"14710","599616160098138496","-989","275","-97"
"14711","599616160103011968","-990","271","-92"
"14712","599616160107885568","-990","272","-93"
"14713","599616160112759168","-991","266","-89"
"14714","599616160117632640","-992","264","-92"
"14715","599616160122506240","-991","266","-87"
"14716","599616160127379840","-992","263","-86"
"14717","599616160132253312","-993","260","-81"
"14718","599616160137126912","-993","256","-84"
"14719","599616160142000512","-993","256","-86"
"14720","599616160146873984","-995","251","-92"
"14721","599616160151747584","-995","250","-86"
"14722","599616160156621184","-995","244","-90"
"14723","599616160161494656","-996","245","-87"
"14724","599616160166368160","-998","241","-91"
"14725","599616160171240832","-998","236","-91"
"14726","599616160176113536","-999","235","-91"
"14727","599616160180986240","-997","233","-78"
"14728","599616160185858944","-997","231","-85"
"14729","599616160190731648","-998","227","-84"
"14730","599616160195604352","-996","228","-80"
"14731","599616160200477056","-996","226","-82"
"14732","599616160205349760","-997","226","-77"
"14733","599616160210222464","-996","223","-77"
"14734","599616160215095168","-995","221","-73"
"14735","599616160219967872","-997","222","-73"
"14736","599616160224840576","-997","220","-71"
"14737","599616160229713280","-996","224","-65"
"14738","599616160234585984","-995","222","-60"
"14739","599616160239458688","-993","225","-56"
"14740","599616160244331392","-994","231","-53"
"14741","599616160249204096","-994","236","-48"
"14742","599616160254076800","-993","243","-42"
"14743","599616160258949504","-993","246","-41"
"14744","599616160263822208","-993","256","-40"
"14745","599616160268694912","-995","260","-42"
"14746","599616160273567744","-995","267","-42"
"14747","599616160278440448","-994","268","-43"
"14748","599616160283313152","-994","270","-44"
"14749","599616160288185856","-994","267","-46"
"14750","599616160293058560","-996","261","-50"
"14751","599616160297931264","-996","261","-59"
"14752","599616160302803968","-998","255","-64"
"14753","599616160307676672","-1000","252","-72"
"14754","599616160312549376","-1002","244","-77"
"14755","599616160317422080","-1002","239","-75"
"14756","599616160322294784","-1000","230","-72"
"14757","599616160327167488","-998","223","-67"
"14758","599616160332040192","-996","220","-67"
"14759","599616160336912896","-995","217","-63"
"14760","599616160341785614","-994","215","-58"
"14761","599616160346662528","-993","216","-50"
"14762","599616160351539456","-993","214","-46"
"14763","599616160356416384","-993","214","-41"
"14764","599616160361293312","-993","215","-43"
"14765","599616160366170368","-997","213","-42"
"14766","599616160371047296","-1000","212","-43"
"14767","599616160375924224","-1007","211","-55"
"14768","599616160380801152","-1026","213","-68"
"14769","599616160385678080","-1035","214","-76"
"14770","599616160390555008","-1031","217","-83"
"14771","599616160395431936","-1002","216","-63"
"14772","599616160400308864","-993","214","-52"
"14773","599616160405185920","-990","214","-54"
"14774","599616160410062848","-990","215","-50"
"14775","599616160414939776","-989","213","-41"
"14776","599616160419816704","-987","213","-42"
"14777","599616160424693632","-985","214","-56"
"14778","599616160429570560","-987","213","-66"
"14779","599616160434447488","-985","214","-69"
"14780","599616160439324544","-980","212","-65"
"14781","599616160444201472","-980","214","-59"
"14782","599616160449078400","-980","214","-51"
"14783","599616160453955328","-980","212","-43"
"14784","599616160458832256","-980","213","-37"
"14785","599616160463709184","-984","214","-32"
"14786","599616160468586112","-988","213","-31"
"14787","599616160473463168","-989","213","-31"
"14788","599616160478340096","-991","214","-28"
"14789","599616160483217024","-992","215","-29"
"14790","599616160488093952","-991","214","-28"
"14791","599616160492970880","-992","214","-26"
"14792","599616160497847808","-993","215","-24"
"14793","599616160502724736","-992","215","-25"
"14794","599616160507601664","-992","214","-23"
"14795","599616160512478720","-993","216","-21"
"14796","599616160517355646","-993","215","-21"
"14797","599616160522230912","-992","217","-24"
"14798","599616160527106176","-993","215","-22"
"14799","599616160531981440","-993","217","-21"
"14800","599616160536856704","-993","217","-19"
"14801","599616160541731968","-993","218","-18"
"14802","599616160546607104","-993","216","-15"
"14803","599616160551482368","-994","215","-16"
"14804","599616160556357632","-994","214","-17"
"14805","599616160561232896","-995","214","-13"
"14806","599616160566108160","-994","212","-13"
"14807","599616160570983424","-994","212","-11"
"14808","599616160575858688","-993","211","-13"
"14809","599616160580733952","-994","210","-12"
"14810","599616160585609216","-993","207","-14"
"14811","599616160590484480","-993","204","-13"
"14812","599616160595359616","-993","201","-12"
"14813","599616160600234880","-994","197","-15"
"14814","599616160605110144","-994","193","-14"
"14815","599616160609985408","-993","192","-13"
"14816","599616160614860672","-993","189","-12"
"14817","599616160619735936","-993","194","-13"
"14818","599616160624611200","-993","187","-14"
"14819","599616160629486464","-993","189","-12"
"14820","599616160634361728","-993","189","-11"
"14821","599616160639236992","-993","191","-9"
"14822","599616160644112128","-993","189","-8"
"14823","599616160648987392","-993","185","-10"
"14824","599616160653862656","-994","185","-7"
"14825","599616160658737920","-996","185","-7"
"14826","599616160663613184","-995","181","-6"
"14827","599616160668488448","-994","184","-4"
"14828","599616160673363712","-995","179","0"
"14829","599616160678238976","-994","179","-1"
"14830","599616160683114240","-995","177","0"
"14831","599616160687989504","-995","173","3"
"14832","599616160692864680","-997","172","3"
"14833","599616160697740800","-1000","167","3"
"14834","599616160702616960","-996","169","6"
"14835","599616160707492992","-998","174","5"
"14836","599616160712369152","-999","177","4"
"14837","599616160717245184","-998","179","7"
"14838","599616160722121344","-997","178","8"
"14839","599616160726997376","-997","182","10"
"14840","599616160731873536","-995","183","12"
"14841","599616160736749568","-995","188","19"
"14842","599616160741625728","-994","189","25"
"14843","599616160746501760","-993","194","28"
"14844","599616160751377920","-993","197","33"
"14845","599616160756253952","-993","196","37"
"14846","599616160761130112","-993","199","38"
"14847","599616160766006144","-993","202","44"
"14848","599616160770882304","-993","203","34"
"14849","599616160775758336","-993","203","36"
"14850","599616160780634496","-992","206","35"
"14851","599616160785510528","-993","205","40"
"14852","599616160790386688","-993","203","35"
"14853","599616160795262720","-993","202","42"
"14854","599616160800138880","-993","204","45"
"14855","599616160805014912","-993","202","47"
"14856","599616160809891072","-993","200","48"
"14857","599616160814767104","-993","201","47"
"14858","599616160819643264","-994","203","49"
"14859","599616160824519424","-994","202","52"
"14860","599616160829395456","-994","198","52"
"14861","599616160834271616","-995","201","59"
"14862","599616160839147648","-995","197","61"
"14863","599616160844023808","-993","199","62"
"14864","599616160848899840","-993","198","68"
"14865","599616160853776000","-993","199","62"
"14866","599616160858652032","-993","198","72"
"14867","599616160863528192","-992","201","69"
"14868","599616160868404226","-992","201","72"
"14869","599616160873282048","-995","198","73"
"14870","599616160878159872","-992","200","68"
"14871","599616160883037696","-993","201","67"
"14872","599616160887915392","-993","200","70"
"14873","599616160892793216","-993","200","70"
"14874","599616160897671040","-993","198","67"
"14875","599616160902548864","-993","196","61"
"14876","599616160907426560","-993","196","59"
"14877","599616160912304384","-993","192","60"
"14878","599616160917182208","-992","196","47"
"14879","599616160922060032","-991","188","46"
"14880","599616160926937728","-991","185","48"
"14881","599616160931815552","-991","181","49"
"14882","599616160936693376","-992","177","63"
"14883","599616160941571200","-992","170","66"
"14884","599616160946448896","-991","170","69"
"14885","599616160951326720","-992","164","68"
"14886","599616160956204544","-992","158","75"
"14887","599616160961082368","-993","154","82"
"14888","599616160965960064","-994","150","82"
"14889","599616160970837888","-996","144","79"
"14890","599616160975715712","-1006","139","71"
"14891","599616160980593536","-1010","130","58"
"14892","599616160985471232","-1021","122","52"
"14893","599616160990349056","-1030","128","42"
"14894","599616160995226880","-1033","137","33"
"14895","599616161000104704","-1024","133","40"
"14896","599616161004982528","-1002","134","63"
"14897","599616161009860224","-994","135","63"
"14898","599616161014738048","-993","137","69"
"14899","599616161019615872","-994","137","82"
"14900","599616161024493696","-993","143","87"
"14901","599616161029371392","-993","140","70"
"14902","599616161034249216","-995","144","54"
"14903","599616161039127040","-994","142","38"
"14904","599616161044004782","-993","145","36"
"14905","599616161048882560","-991","147","38"
"14906","599616161053760384","-993","150","41"
"14907","599616161058638208","-992","152","52"
"14908","599616161063515904","-992","156","67"
"14909","599616161068393728","-991","154","70"
"14910","599616161073271552","-992","160","81"
"14911","599616161078149376","-991","163","91"
"14912","599616161083027072","-991","159","92"
"14913","599616161087904896","-990","158","95"
"14914","599616161092782720","-990","161","96"
"14915","599616161097660544","-990","154","95"
"14916","599616161102538240","-991","156","95"
"14917","599616161107416064","-992","149","90"
"14918","599616161112293888","-993","152","90"
"14919","599616161117171712","-996","153","84"
"14920","599616161122049408","-997","153","88"
"14921","599616161126927232","-1001","151","88"
"14922","599616161131805056","-1010","155","89"
"14923","599616161136682880","-1012","159","89"
"14924","599616161141560576","-1018","160","89"
"14925","599616161146438400","-1025","164","85"
"14926","599616161151316224","-1029","167","83"
"14927","599616161156194048","-1034","166","80"
"14928","599616161161071872","-1030","168","83"
"14929","599616161165949568","-1037","168","70"
"14930","599616161170827392","-1029","166","69"
"14931","599616161175705216","-1023","167","62"
"14932","599616161180583040","-1016","168","63"
"14933","599616161185460736","-1011","168","67"
"14934","599616161190338560","-1006","172","69"
"14935","599616161195216384","-1002","174","70"
"14936","599616161200094208","-1000","178","71"
"14937","599616161204971904","-999","178","77"
"14938","599616161209849728","-999","181","75"
"14939","599616161214727552","-999","185","72"
"14940","599616161219605354","-997","187","71"
"14941","599616161224483200","-997","188","67"
"14942","599616161229361024","-998","193","68"
"14943","599616161234238848","-997","193","69"
"14944","599616161239116544","-995","197","73"
"14945","599616161243994368","-994","197","72"
"14946","599616161248872192","-993","199","75"
"14947","599616161253750016","-993","200","63"
"14948","599616161258627712","-994","199","67"
"14949","599616161263505536","-994","201","74"
"14950","599616161268383360","-993","204","65"
"14951","599616161273261184","-994","202","65"
"14952","599616161278138880","-993","204","73"
"14953","599616161283016704","-993","204","78"
"14954","599616161287894528","-994","207","85"
"14955","599616161292772352","-995","208","91"
"14956","599616161297650048","-994","209","90"
"14957","599616161302527872","-995","210","87"
"14958","599616161307405696","-994","209","87"
"14959","599616161312283520","-993","209","91"
"14960","599616161317161216","-994","209","87"
"14961","599616161322039040","-994","210","85"
"14962","599616161326916864","-994","208","82"
"14963","599616161331794688","-995","207","77"
"14964","599616161336672512","-994","206","71"
"14965","599616161341550208","-994","203","73"
"14966","599616161346428032","-993","200","76"
"14967","599616161351305856","-992","204","85"
"14968","599616161356183680","-993","201","85"
"14969","599616161361061376","-992","200","85"
"14970","599616161365939200","-992","200","89"
"14971","599616161370817024","-992","201","89"
"14972","599616161375694848","-993","201","91"
"14973","599616161380572544","-992","202","95"
"14974","599616161385450368","-993","202","95"
"14975","599616161390328192","-993","202","94"
"14976","599616161395205926","-993","203","97"
"14977","599616161400082048","-993","202","97"
"14978","599616161404958208","-993","208","94"
"14979","599616161409834240","-992","206","92"
"14980","599616161414710400","-993","206","92"
"14981","599616161419586432","-993","208","90"
"14982","599616161424462592","-994","207","86"
"14983","599616161429338624","-997","206","87"
"14984","599616161434214784","-999","205","93"
"14985","599616161439090816","-1000","202","94"
"14986","599616161443966976","-1001","203","97"
"14987","599616161448843008","-1000","200","101"
"14988","599616161453719168","-999","196","100"
"14989","599616161458595200","-998","199","99"
"14990","599616161463471360","-997","194","97"
"14991","599616161468347392","-996","191","95"
"14992","599616161473223552","-994","185","97"
"14993","599616161478099584","-994","182","89"
"14994","599616161482975744","-994","178","90"
"14995","599616161487851776","-993","176","86"
"14996","599616161492727936","-991","169","82"
"14997","599616161497603968","-989","166","87"
"14998","599616161502480128","-983","152","92"
"14999","599616161507356160","-977","139","88"
"15000","599616161512232320","-978","122","83"
"15001","599616161517108480","-976","109","77"
"15002","599616161521984512","-983","95","71"
"15003","599616161526860672","-985","98","69"
"15004","599616161531736704","-986","97","64"
"15005","599616161536612864","-990","94","53"
"15006","599616161541488896","-992","100","46"
"15007","599616161546365056","-993","106","46"
"15008","599616161551241088","-993","126","43"
"15009","599616161556117248","-999","145","39"
"15010","599616161560993280","-1007","161","50"
"15011","599616161565869440","-1016","174","49"
"15012","599616161570745478","-1028","187","54"
"15013","599616161575623296","-1039","194","58"
"15014","599616161580501120","-1039","203","75"
"15015","599616161585378944","-1045","209","81"
"15016","599616161590256640","-1049","210","79"
"15017","599616161595134464","-1047","211","82"
"15018","599616161600012288","-1040","209","78"
"15019","599616161604890112","-1042","209","60"
"15020","599616161609767808","-1046","211","51"
"15021","599616161614645632","-1041","210","40"
"15022","599616161619523456","-1015","210","57"
"15023","599616161624401280","-996","208","83"
"15024","599616161629278976","-993","204","93"
"15025","599616161634156800","-993","199","98"
"15026","599616161639034624","-991","192","101"
"15027","599616161643912448","-990","185","104"
"15028","599616161648790144","-985","183","101"
"15029","599616161653667968","-986","181","96"
"15030","599616161658545792","-989","181","78"
"15031","599616161663423616","-990","182","57"
"15032","599616161668301312","-990","179","41"
"15033","599616161673179136","-988","180","27"
"15034","599616161678056960","-988","176","19"
"15035","599616161682934784","-987","177","10"
"15036","599616161687812480","-987","179","6"
"15037","599616161692690304","-986","180","15"
"15038","599616161697568128","-985","181","26"
"15039","599616161702445952","-984","181","44"
"15040","599616161707323776","-978","187","56"
"15041","599616161712201472","-976","186","63"
"15042","599616161717079296","-979","188","61"
"15043","599616161721957120","-983","189","56"
"15044","599616161726834944","-990","185","42"
"15045","599616161731712640","-992","177","33"
"15046","599616161736590464","-994","171","24"
"15047","599616161741468288","-997","165","23"
"15048","599616161746346034","-1002","162","15"
"15049","599616161751222912","-1001","156","14"
"15050","599616161756099840","-1004","146","15"
"15051","599616161760976768","-1003","143","10"
"15052","599616161765853696","-1001","142","10"
"15053","599616161770730752","-1000","146","5"
"15054","599616161775607680","-996","150","9"
"15055","599616161780484608","-996","152","19"
"15056","599616161785361536","-996","156","19"
"15057","599616161790238464","-995","149","17"
"15058","599616161795115392","-996","153","15"
"15059","599616161799992320","-998","147","2"
"15060","599616161804869376","-1000","137","-3"
"15061","599616161809746304","-997","132","-6"
"15062","599616161814623232","-995","121","-4"
"15063","599616161819500160","-993","115","3"
"15064","599616161824377088","-991","112","8"
"15065","599616161829254016","-991","111","15"
"15066","599616161834130944","-991","111","18"
"15067","599616161839007872","-992","113","27"
"15068","599616161843884928","-993","110","29"
"15069","599616161848761856","-994","105","30"
"15070","599616161853638784","-995","107","38"
"15071","599616161858515712","-997","113","37"
"15072","599616161863392640","-1000","110","42"
"15073","599616161868269568","-1004","111","43"
"15074","599616161873146496","-1015","105","39"
"15075","599616161878023552","-1021","108","31"
"15076","599616161882900480","-1021","107","24"
"15077","599616161887777408","-1012","113","18"
"15078","599616161892654336","-1008","118","8"
"15079","599616161897531264","-1005","121","4"
"15080","599616161902408192","-1005","131","3"
"15081","599616161907285120","-1005","132","2"
"15082","599616161912162176","-999","129","1"
"15083","599616161917039104","-999","138","0"
"15084","599616161921916078","-996","139","0"
"15085","599616161926789632","-995","142","-3"
"15086","599616161931663232","-997","144","-5"
"15087","599616161936536704","-996","146","-8"
"15088","599616161941410304","-995","158","-13"
"15089","599616161946283904","-994","160","-15"
"15090","599616161951157376","-994","160","-16"
"15091","599616161956030976","-992","164","-17"
"15092","599616161960904576","-991","168","-15"
"15093","599616161965778048","-990","166","-13"
"15094","599616161970651648","-990","166","-11"
"15095","599616161975525248","-990","166","-13"
"15096","599616161980398720","-991","166","-18"
"15097","599616161985272320","-992","166","-22"
"15098","599616161990145920","-994","164","-28"
"15099","599616161995019392","-996","159","-31"
"15100","599616161999892992","-1001","155","-37"
"15101","599616162004766464","-1009","157","-39"
"15102","599616162009640064","-1010","149","-42"
"15103","599616162014513664","-1016","142","-38"
"15104","599616162019387136","-1021","130","-40"
"15105","599616162024260736","-1027","115","-41"
"15106","599616162029134336","-1026","109","-43"
"15107","599616162034007808","-1034","99","-45"
"15108","599616162038881408","-1040","95","-42"
"15109","599616162043755008","-1041","90","-46"
"15110","599616162048628480","-1043","89","-56"
"15111","599616162053502080","-1050","87","-63"
"15112","599616162058375680","-1049","86","-68"
"15113","599616162063249152","-1043","86","-70"
"15114","599616162068122752","-1032","84","-81"
"15115","599616162072996352","-1021","83","-81"
"15116","599616162077869824","-1020","83","-82"
"15117","599616162082743424","-1012","76","-88"
"15118","599616162087617024","-1007","68","-84"
"15119","599616162092490496","-1005","57","-81"
"15120","599616162097364092","-1002","59","-74"
"15121","599616162102238464","-1003","52","-67"
"15122","599616162107112832","-999","54","-66"
"15123","599616162111987328","-997","57","-65"
"15124","599616162116861696","-999","54","-64"
"15125","599616162121736064","-1003","55","-63"
"15126","599616162126610432","-1004","54","-66"
"15127","599616162131484928","-1007","56","-76"
"15128","599616162136359296","-1009","64","-81"
"15129","599616162141233664","-1006","64","-93"
"15130","599616162146108032","-1001","68","-104"
"15131","599616162150982528","-996","69","-105"
"15132","599616162155856896","-994","70","-105"
"15133","599616162160731264","-993","71","-110"
"15134","599616162165605632","-993","69","-118"
"15135","599616162170480128","-993","61","-123"
"15136","599616162175354496","-992","58","-122"
"15137","599616162180228864","-992","54","-123"
"15138","599616162185103360","-991","54","-124"
"15139","599616162189977728","-992","45","-126"
"15140","599616162194852096","-990","43","-127"
"15141","599616162199726464","-991","46","-125"
"15142","599616162204600960","-992","43","-126"
"15143","599616162209475328","-991","42","-124"
"15144","599616162214349696","-991","44","-123"
"15145","599616162219224064","-992","42","-123"
"15146","599616162224098560","-992","52","-124"
"15147","599616162228972928","-993","54","-126"
"15148","599616162233847296","-994","54","-131"
"15149","599616162238721664","-995","60","-134"
"15150","599616162243596160","-995","66","-135"
"15151","599616162248470528","-997","71","-136"
"15152","599616162253344896","-993","81","-133"
"15153","599616162258219392","-992","76","-123"
"15154","599616162263093760","-991","76","-115"
"15155","599616162267968128","-992","71","-110"
"15156","599616162272842566","-994","72","-117"
"15157","599616162277716992","-1000","73","-123"
"15158","599616162282591360","-1000","75","-114"
"15159","599616162287465856","-1000","72","-125"
"15160","599616162292340224","-1004","72","-129"
"15161","599616162297214592","-1013","72","-138"
"15162","599616162302088960","-1019","67","-162"
"15163","599616162306963456","-1017","67","-173"
"15164","599616162311837824","-1010","58","-174"
"15165","599616162316712192","-1000","52","-180"
"15166","599616162321586560","-996","47","-176"
"15167","599616162326461056","-994","54","-171"
"15168","599616162331335424","-994","51","-169"
"15169","599616162336209792","-994","50","-162"
"15170","599616162341084288","-995","47","-165"
"15171","599616162345958656","-995","49","-153"
"15172","599616162350833024","-995","44","-150"
"15173","599616162355707392","-997","38","-148"
"15174","599616162360581888","-1002","39","-149"
"15175","599616162365456256","-1008","33","-148"
"15176","599616162370330624","-1015","34","-152"
"15177","599616162375204992","-1020","28","-153"
"15178","599616162380079488","-1026","29","-151"
"15179","599616162384953856","-1028","26","-151"
"15180","599616162389828224","-1026","34","-150"
"15181","599616162394702720","-1028","27","-148"
"15182","599616162399577088","-1029","32","-147"
"15183","599616162404451456","-1031","33","-158"
"15184","599616162409325824","-1028","37","-162"
"15185","599616162414200320","-1021","36","-166"
"15186","599616162419074688","-1010","40","-162"
"15187","599616162423949056","-1004","41","-158"
"15188","599616162428823424","-999","43","-158"
"15189","599616162433697920","-996","43","-151"
"15190","599616162438572288","-995","41","-150"
"15191","599616162443446656","-994","43","-150"
"15192","599616162448321066","-995","45","-155"
"15193","599616162453195392","-997","40","-161"
"15194","599616162458069760","-995","44","-168"
"15195","599616162462944256","-997","47","-166"
"15196","599616162467818624","-995","51","-166"
"15197","599616162472692992","-999","56","-164"
"15198","599616162477567360","-1000","67","-159"
"15199","599616162482441856","-1002","72","-157"
"15200","599616162487316224","-1003","75","-168"
"15201","599616162492190592","-1000","75","-166"
"15202","599616162497064960","-1001","76","-163"
"15203","599616162501939456","-996","72","-163"
"15204","599616162506813824","-996","62","-172"
"15205","599616162511688192","-995","51","-180"
"15206","599616162516562688","-997","44","-174"
"15207","599616162521437056","-994","41","-167"
"15208","599616162526311424","-994","37","-161"
"15209","599616162531185792","-993","33","-156"
"15210","599616162536060288","-994","35","-151"
"15211","599616162540934656","-994","35","-149"
"15212","599616162545809024","-995","36","-148"
"15213","599616162550683392","-994","40","-152"
"15214","599616162555557888","-995","44","-152"
"15215","599616162560432256","-995","52","-158"
"15216","599616162565306624","-995","50","-158"
"15217","599616162570181120","-995","50","-159"
"15218","599616162575055488","-996","53","-165"
"15219","599616162579929856","-996","46","-172"
"15220","599616162584804224","-1000","43","-181"
"15221","599616162589678720","-1003","48","-181"
"15222","599616162594553088","-1004","46","-193"
"15223","599616162599427456","-1002","48","-186"
"15224","599616162604301824","-1002","44","-188"
"15225","599616162609176320","-1002","41","-191"
"15226","599616162614050688","-998","41","-189"
"15227","599616162618925056","-998","41","-195"
"15228","599616162623799566","-996","41","-201"
"15229","599616162628674816","-996","43","-200"
"15230","599616162633550080","-994","43","-199"
"15231","599616162638425344","-993","47","-201"
"15232","599616162643300608","-992","43","-205"
"15233","599616162648175872","-990","47","-199"
"15234","599616162653051008","-990","47","-189"
"15235","599616162657926272","-990","57","-184"
"15236","599616162662801536","-990","54","-173"
"15237","599616162667676800","-991","61","-155"
"15238","599616162672552064","-992","63","-154"
"15239","599616162677427328","-993","70","-149"
"15240","599616162682302592","-996","64","-147"
"15241","599616162687177856","-1000","66","-161"
"15242","599616162692053120","-1014","73","-185"
"15243","599616162696928384","-1030","63","-184"
"15244","599616162701803520","-1044","58","-178"
"15245","599616162706678784","-1061","49","-182"
"15246","599616162711554048","-1072","38","-190"
"15247","599616162716429312","-1081","31","-212"
"15248","599616162721304576","-1075","29","-227"
"15249","599616162726179840","-1062","24","-231"
"15250","599616162731055104","-1048","29","-239"
"15251","599616162735930368","-1028","30","-241"
"15252","599616162740805632","-1006","33","-241"
"15253","599616162745680896","-996","32","-242"
"15254","599616162750556032","-993","31","-231"
"15255","599616162755431296","-994","30","-237"
"15256","599616162760306560","-994","28","-240"
"15257","599616162765181824","-994","25","-235"
"15258","599616162770057088","-993","22","-229"
"15259","599616162774932352","-993","22","-219"
"15260","599616162779807616","-992","24","-205"
"15261","599616162784682880","-991","23","-194"
"15262","599616162789558144","-991","27","-172"
"15263","599616162794433280","-991","30","-164"
"15264","599616162799308594","-992","33","-158"
"15265","599616162804183808","-990","39","-156"
"15266","599616162809059072","-992","44","-156"
"15267","599616162813934336","-993","54","-157"
"15268","599616162818809600","-992","63","-166"
"15269","599616162823684864","-992","69","-161"
"15270","599616162828560000","-992","76","-163"
"15271","599616162833435264","-991","78","-159"
"15272","599616162838310528","-992","82","-155"
"15273","599616162843185792","-990","83","-150"
"15274","599616162848061056","-990","84","-150"
"15275","599616162852936320","-989","84","-148"
"15276","599616162857811584","-989","84","-148"
"15277","599616162862686848","-987","86","-146"
"15278","599616162867562112","-989","84","-145"
"15279","599616162872437376","-991","83","-156"
"15280","599616162877312512","-992","82","-153"
"15281","599616162882187776","-993","79","-165"
"15282","599616162887063040","-994","78","-178"
"15283","599616162891938304","-997","78","-196"
"15284","599616162896813568","-998","76","-196"
"15285","599616162901688832","-1000","78","-196"
"15286","599616162906564096","-997","74","-184"
"15287","599616162911439360","-995","74","-186"
"15288","599616162916314624","-995","66","-184"
"15289","599616162921189760","-994","64","-174"
"15290","599616162926065024","-995","62","-179"
"15291","599616162930940288","-996","61","-172"
"15292","599616162935815552","-999","61","-172"
"15293","599616162940690816","-1003","66","-177"
"15294","599616162945566080","-1011","70","-204"
"15295","599616162950441344","-1022","70","-212"
"15296","599616162955316608","-1024","70","-218"
"15297","599616162960191872","-1021","68","-217"
"15298","599616162965067136","-1013","72","-211"
"15299","599616162969942272","-1002","74","-201"
"15300","599616162974817612","-997","78","-191"
"15301","599616162979691264","-994","81","-181"
"15302","599616162984564864","-992","84","-166"
"15303","599616162989438336","-990","86","-157"
"15304","599616162994311936","-990","85","-151"
"15305","599616162999185536","-988","87","-147"
"15306","599616163004059008","-989","87","-149"
"15307","599616163008932608","-990","87","-145"
"15308","599616163013806208","-991","86","-141"
"15309","599616163018679680","-993","86","-141"
"15310","599616163023553280","-993","87","-142"
"15311","599616163028426880","-995","85","-142"
"15312","599616163033300352","-1000","87","-143"
"15313","599616163038173952","-1007","89","-143"
"15314","599616163043047424","-1012","88","-148"
"15315","599616163047921024","-1024","87","-158"
"15316","599616163052794624","-1030","88","-166"
"15317","599616163057668096","-1031","88","-164"
"15318","599616163062541696","-1032","89","-167"
"15319","599616163067415296","-1030","88","-167"
"15320","599616163072288768","-1028","89","-161"
"15321","599616163077162368","-1027","89","-157"
"15322","599616163082035968","-1029","88","-145"
"15323","599616163086909440","-1031","89","-143"
"15324","599616163091783040","-1031","87","-139"
"15325","599616163096656640","-1031","89","-137"
"15326","599616163101530112","-1026","88","-138"
"15327","599616163106403712","-1018","87","-135"
"15328","599616163111277312","-1017","86","-131"
"15329","599616163116150784","-1011","86","-132"
"15330","599616163121024384","-1007","86","-133"
"15331","599616163125897984","-1008","85","-136"
"15332","599616163130771456","-1008","86","-136"
"15333","599616163135645056","-1007","86","-140"
"15334","599616163140518656","-1008","80","-145"
"15335","599616163145392128","-1004","80","-149"
"15336","599616163150265610","-1000","70","-161"
"15337","599616163155139968","-1006","70","-173"
"15338","599616163160014336","-997","79","-176"
"15339","599616163164888832","-994","84","-165"
"15340","599616163169763200","-993","85","-164"
"15341","599616163174637568","-990","83","-157"
"15342","599616163179511936","-989","83","-157"
"15343","599616163184386432","-985","79","-153"
"15344","599616163189260800","-985","70","-151"
"15345","599616163194135168","-981","70","-154"
"15346","599616163199009536","-978","68","-160"
"15347","599616163203884032","-975","62","-158"
"15348","599616163208758400","-970","56","-165"
"15349","599616163213632768","-968","54","-162"
"15350","599616163218507136","-965","58","-166"
"15351","599616163223381632","-973","52","-171"
"15352","599616163228256000","-978","59","-166"
"15353","599616163233130368","-988","59","-169"
"15354","599616163238004864","-992","66","-171"
"15355","599616163242879232","-995","65","-171"
"15356","599616163247753600","-998","68","-177"
"15357","599616163252627968","-1005","70","-169"
"15358","599616163257502464","-1011","76","-163"
"15359","599616163262376832","-1016","75","-158"
"15360","599616163267251200","-1017","80","-149"
"15361","599616163272125568","-1019","85","-147"
"15362","599616163277000064","-1024","86","-147"
"15363","599616163281874432","-1024","86","-143"
"15364","599616163286748800","-1022","88","-140"
"15365","599616163291623168","-1021","89","-136"
"15366","599616163296497664","-1020","89","-136"
"15367","599616163301372032","-1019","93","-136"
"15368","599616163306246400","-1017","96","-139"
"15369","599616163311120896","-1017","102","-140"
"15370","599616163315995264","-1025","108","-146"
"15371","599616163320869632","-1038","110","-148"
"15372","599616163325744084","-1048","107","-157"
"15373","599616163330617728","-1052","105","-155"
"15374","599616163335491328","-1054","97","-159"
"15375","599616163340364800","-1051","91","-148"
"15376","599616163345238400","-1042","89","-142"
"15377","599616163350112000","-1035","84","-138"
"15378","599616163354985472","-1022","78","-134"
"15379","599616163359859072","-1014","66","-132"
"15380","599616163364732672","-1010","55","-130"
"15381","599616163369606144","-1014","39","-130"
"15382","599616163374479744","-1020","31","-129"
"15383","599616163379353344","-1022","24","-133"
"15384","599616163384226816","-1023","17","-136"
"15385","599616163389100416","-1021","13","-140"
"15386","599616163393974016","-1017","14","-143"
"15387","599616163398847488","-1014","15","-141"
"15388","599616163403721088","-1001","21","-145"
"15389","599616163408594560","-999","27","-147"
"15390","599616163413468160","-995","34","-152"
"15391","599616163418341760","-994","39","-152"
"15392","599616163423215232","-993","52","-154"
"15393","599616163428088832","-993","62","-163"
"15394","599616163432962432","-993","69","-168"
"15395","599616163437835904","-992","69","-176"
"15396","599616163442709504","-992","68","-179"
"15397","599616163447583104","-990","69","-190"
"15398","599616163452456576","-990","74","-198"
"15399","599616163457330176","-990","72","-190"
"15400","599616163462203776","-990","70","-195"
"15401","599616163467077248","-990","70","-198"
"15402","599616163471950848","-990","71","-196"
"15403","599616163476824448","-990","76","-191"
"15404","599616163481697920","-991","72","-186"
"15405","599616163486571520","-991","77","-176"
"15406","599616163491445120","-991","73","-161"
"15407","599616163496318592","-992","74","-150"
"15408","599616163501192092","-993","73","-146"
"15409","599616163506067328","-990","72","-142"
"15410","599616163510942592","-994","75","-148"
"15411","599616163515817856","-1000","78","-165"
"15412","599616163520693120","-999","77","-173"
"15413","599616163525568384","-1004","65","-187"
"15414","599616163530443520","-1008","59","-202"
"15415","599616163535318784","-1019","56","-209"
"15416","599616163540194048","-1026","60","-222"
"15417","599616163545069312","-1020","57","-209"
"15418","599616163549944576","-1008","57","-201"
"15419","599616163554819840","-1000","65","-192"
"15420","599616163559695104","-1003","70","-199"
"15421","599616163564570368","-1007","78","-200"
"15422","599616163569445632","-1006","80","-201"
"15423","599616163574320768","-1008","84","-216"
"15424","599616163579196032","-1003","86","-240"
"15425","599616163584071296","-1003","86","-248"
"15426","599616163588946560","-999","85","-253"
"15427","599616163593821824","-1000","86","-257"
"15428","599616163598697088","-997","84","-258"
"15429","599616163603572352","-994","80","-257"
"15430","599616163608447616","-993","81","-254"
"15431","599616163613322880","-992","79","-246"
"15432","599616163618198016","-991","75","-234"
"15433","599616163623073280","-990","78","-228"
"15434","599616163627948544","-987","75","-221"
"15435","599616163632823808","-990","68","-217"
"15436","599616163637699072","-991","66","-211"
"15437","599616163642574336","-990","63","-202"
"15438","599616163647449600","-991","54","-204"
"15439","599616163652324864","-993","46","-201"
"15440","599616163657200128","-993","43","-198"
"15441","599616163662075392","-995","34","-199"
"15442","599616163666950528","-996","27","-202"
"15443","599616163671825792","-998","26","-206"
"15444","599616163676701094","-1000","19","-208"
"15445","599616163681577984","-1001","21","-210"
"15446","599616163686454912","-1002","13","-220"
"15447","599616163691331840","-1000","7","-229"
"15448","599616163696208768","-998","3","-233"
"15449","599616163701085824","-997","-3","-231"
"15450","599616163705962752","-996","-6","-230"
"15451","599616163710839680","-994","-8","-230"
"15452","599616163715716608","-994","-11","-230"
"15453","599616163720593536","-992","-8","-224"
"15454","599616163725470464","-992","-8","-225"
"15455","599616163730347392","-991","-6","-220"
"15456","599616163735224448","-989","-3","-219"
"15457","599616163740101376","-990","0","-216"
"15458","599616163744978304","-988","5","-208"
"15459","599616163749855232","-991","9","-203"
"15460","599616163754732160","-992","15","-197"
"15461","599616163759609088","-994","12","-198"
"15462","599616163764486016","-994","13","-193"
"15463","599616163769362944","-999","8","-193"
"15464","599616163774240000","-1004","5","-199"
"15465","599616163779116928","-1014","2","-208"
"15466","599616163783993856","-1025","-1","-205"
"15467","599616163788870784","-1028","-9","-217"
"15468","599616163793747712","-1032","-11","-225"
"15469","599616163798624640","-1025","-9","-224"
"15470","599616163803501568","-1012","-9","-226"
"15471","599616163808378624","-1000","-4","-228"
"15472","599616163813255552","-994","0","-225"
"15473","599616163818132480","-994","3","-222"
"15474","599616163823009408","-994","7","-220"
"15475","599616163827886336","-994","13","-222"
"15476","599616163832763264","-993","14","-230"
"15477","599616163837640192","-992","20","-225"
"15478","599616163842517248","-990","26","-223"
"15479","599616163847394176","-990","29","-215"
"15480","599616163852271132","-991","33","-211"
"15481","599616163857148032","-992","40","-208"
"15482","599616163862024960","-992","43","-214"
"15483","599616163866901888","-993","40","-218"
"15484","599616163871778816","-993","46","-219"
"15485","599616163876655872","-993","41","-226"
"15486","599616163881532800","-992","44","-221"
"15487","599616163886409728","-992","45","-224"
"15488","599616163891286656","-992","45","-222"
"15489","599616163896163584","-991","39","-222"
"15490","599616163901040512","-990","42","-221"
"15491","599616163905917440","-989","39","-224"
"15492","599616163910794496","-987","40","-222"
"15493","599616163915671424","-987","33","-223"
"15494","599616163920548352","-985","36","-223"
"15495","599616163925425280","-980","33","-216"
"15496","599616163930302208","-982","32","-211"
"15497","599616163935179136","-981","34","-202"
"15498","599616163940056064","-983","41","-201"
"15499","599616163944933120","-985","38","-196"
"15500","599616163949810048","-988","41","-202"
"15501","599616163954686976","-991","33","-203"
"15502","599616163959563904","-992","29","-209"
"15503","599616163964440832","-992","26","-208"
"15504","599616163969317760","-993","22","-212"
"15505","599616163974194688","-993","18","-204"
"15506","599616163979071744","-993","15","-201"
"15507","599616163983948672","-993","11","-190"
"15508","599616163988825600","-993","10","-173"
"15509","599616163993702528","-993","11","-165"
"15510","599616163998579456","-993","6","-154"
"15511","599616164003456384","-995","7","-157"
"15512","599616164008333312","-996","3","-165"
"15513","599616164013210240","-999","6","-165"
"15514","599616164018087296","-998","3","-165"
"15515","599616164022964224","-999","3","-165"
"15516","599616164027841186","-997","4","-170"
"15517","599616164032717312","-998","-3","-171"
"15518","599616164037593472","-996","-4","-172"
"15519","599616164042469504","-995","-6","-181"
"15520","599616164047345664","-998","-9","-187"
"15521","599616164052221696","-998","-10","-199"
"15522","599616164057097856","-999","-13","-198"
"15523","599616164061973888","-999","-10","-195"
"15524","599616164066850048","-1000","-12","-188"
"15525","599616164071726080","-1000","-9","-193"
"15526","599616164076602240","-999","-7","-188"
"15527","599616164081478272","-998","-7","-186"
"15528","599616164086354432","-1002","-5","-187"
"15529","599616164091230464","-1004","-2","-188"
"15530","599616164096106624","-1008","-5","-187"
"15531","599616164100982656","-1013","-4","-182"
"15532","599616164105858816","-1018","-7","-181"
"15533","599616164110734848","-1020","-1","-179"
"15534","599616164115611008","-1020","-4","-177"
"15535","599616164120487040","-1016","-2","-170"
"15536","599616164125363200","-1012","-3","-169"
"15537","599616164130239232","-1016","-4","-179"
"15538","599616164135115392","-1019","1","-194"
"15539","599616164139991552","-1016","5","-201"
"15540","599616164144867584","-1016","0","-192"
"15541","599616164149743744","-1021","-2","-201"
"15542","599616164154619776","-1026","-2","-208"
"15543","599616164159495936","-1029","-2","-220"
"15544","599616164164371968","-1023","-2","-230"
"15545","599616164169248128","-997","-2","-191"
"15546","599616164174124160","-993","1","-160"
"15547","599616164179000320","-993","-1","-156"
"15548","599616164183876352","-993","4","-153"
"15549","599616164188752512","-995","-1","-174"
"15550","599616164193628544","-995","3","-200"
"15551","599616164198504704","-993","8","-206"
"15552","599616164203380748","-992","7","-205"
"15553","599616164208254336","-994","9","-206"
"15554","599616164213127936","-996","5","-214"
"15555","599616164218001408","-999","5","-218"
"15556","599616164222875008","-1000","7","-216"
"15557","599616164227748608","-999","9","-206"
"15558","599616164232622080","-996","10","-200"
"15559","599616164237495680","-996","8","-188"
"15560","599616164242369280","-995","14","-169"
"15561","599616164247242752","-998","15","-167"
"15562","599616164252116352","-1001","19","-168"
"15563","599616164256989952","-1007","18","-170"
"15564","599616164261863424","-1007","19","-176"
"15565","599616164266737024","-1015","16","-176"
"15566","599616164271610496","-1020","18","-178"
"15567","599616164276484096","-1021","18","-184"
"15568","599616164281357696","-1018","20","-181"
"15569","599616164286231168","-1018","17","-184"
"15570","599616164291104768","-1013","17","-190"
"15571","599616164295978368","-1011","21","-182"
"15572","599616164300851840","-1006","21","-188"
"15573","599616164305725440","-1007","17","-197"
"15574","599616164310599040","-1004","19","-193"
"15575","599616164315472512","-1001","20","-204"
"15576","599616164320346112","-999","20","-202"
"15577","599616164325219712","-996","20","-202"
"15578","599616164330093184","-994","23","-202"
"15579","599616164334966784","-994","26","-203"
"15580","599616164339840384","-993","25","-197"
"15581","599616164344713856","-992","27","-200"
"15582","599616164349587456","-991","26","-192"
"15583","599616164354461056","-992","22","-197"
"15584","599616164359334528","-991","25","-196"
"15585","599616164364208128","-992","21","-193"
"15586","599616164369081600","-992","18","-192"
"15587","599616164373955200","-994","15","-195"
"15588","599616164378828736","-993","15","-202"
"15589","599616164383702400","-998","12","-196"
"15590","599616164388576000","-993","12","-206"
"15591","599616164393449472","-993","13","-201"
"15592","599616164398323072","-994","14","-207"
"15593","599616164403196672","-993","12","-198"
"15594","599616164408070144","-993","14","-198"
"15595","599616164412943744","-994","10","-193"
"15596","599616164417817344","-996","5","-194"
"15597","599616164422690816","-997","14","-196"
"15598","599616164427564416","-997","12","-201"
"15599","599616164432437888","-1002","12","-196"
"15600","599616164437311488","-1007","12","-197"
"15601","599616164442185088","-1019","9","-200"
"15602","599616164447058560","-1024","9","-209"
"15603","599616164451932160","-1027","9","-218"
"15604","599616164456805760","-1018","0","-226"
"15605","599616164461679232","-1011","0","-229"
"15606","599616164466552832","-1001","4","-227"
"15607","599616164471426432","-996","0","-228"
"15608","599616164476299904","-994","5","-225"
"15609","599616164481173504","-993","10","-227"
"15610","599616164486047104","-993","8","-228"
"15611","599616164490920576","-992","9","-230"
"15612","599616164495794176","-992","17","-231"
"15613","599616164500667776","-992","16","-233"
"15614","599616164505541248","-992","20","-233"
"15615","599616164510414848","-991","20","-234"
"15616","599616164515288448","-991","25","-233"
"15617","599616164520161920","-990","24","-230"
"15618","599616164525035520","-992","26","-234"
"15619","599616164529908992","-991","29","-230"
"15620","599616164534782592","-991","24","-240"
"15621","599616164539656192","-991","29","-240"
"15622","599616164544529664","-992","26","-237"
"15623","599616164549403264","-993","24","-240"
"15624","599616164554276718","-992","24","-236"
"15625","599616164559152000","-992","28","-232"
"15626","599616164564027264","-992","24","-233"
"15627","599616164568902528","-992","22","-231"
"15628","599616164573777792","-992","24","-233"
"15629","599616164578653056","-992","20","-236"
"15630","599616164583528192","-993","20","-236"
"15631","599616164588403456","-993","19","-233"
"15632","599616164593278720","-993","19","-238"
"15633","599616164598153984","-994","19","-237"
"15634","599616164603029248","-994","15","-241"
"15635","599616164607904512","-994","13","-240"
"15636","599616164612779776","-993","12","-241"
"15637","599616164617655040","-994","14","-241"
"15638","599616164622530304","-993","17","-240"
"15639","599616164627405440","-993","17","-242"
"15640","599616164632280704","-992","17","-244"
"15641","599616164637155968","-992","19","-240"
"15642","599616164642031232","-992","22","-242"
"15643","599616164646906496","-993","21","-243"
"15644","599616164651781760","-993","19","-244"
"15645","599616164656657024","-993","15","-247"
"15646","599616164661532288","-993","16","-245"
"15647","599616164666407552","-993","17","-247"
"15648","599616164671282688","-993","17","-248"
"15649","599616164676157952","-993","14","-248"
"15650","599616164681033216","-994","16","-249"
"15651","599616164685908480","-994","15","-251"
"15652","599616164690783744","-993","16","-252"
"15653","599616164695659008","-994","16","-250"
"15654","599616164700534272","-993","16","-254"
"15655","599616164705409536","-994","15","-250"
"15656","599616164710284800","-994","8","-243"
"15657","599616164715160064","-993","6","-234"
"15658","599616164720035200","-993","5","-228"
"15659","599616164724910464","-992","2","-225"
"15660","599616164729785720","-993","0","-227"
"15661","599616164734662656","-991","-1","-226"
"15662","599616164739539584","-992","-4","-230"
"15663","599616164744416512","-991","-3","-230"
"15664","599616164749293440","-992","-2","-233"
"15665","599616164754170496","-992","-3","-248"
"15666","599616164759047424","-994","-5","-259"
"15667","599616164763924352","-995","-5","-264"
"15668","599616164768801280","-994","-5","-261"
"15669","599616164773678208","-994","-7","-260"
"15670","599616164778555136","-994","-8","-263"
"15671","599616164783432064","-994","-6","-265"
"15672","599616164788309120","-994","-3","-257"
"15673","599616164793186048","-990","-1","-235"
"15674","599616164798062976","-988","0","-215"
"15675","599616164802939904","-991","1","-215"
"15676","599616164807816832","-993","4","-230"
"15677","599616164812693760","-996","3","-246"
"15678","599616164817570688","-996","11","-255"
"15679","599616164822447616","-993","14","-259"
"15680","599616164827324672","-993","16","-257"
"15681","599616164832201600","-993","16","-257"
"15682","599616164837078528","-995","16","-259"
"15683","599616164841955456","-994","15","-260"
"15684","599616164846832384","-992","20","-256"
"15685","599616164851709312","-992","19","-254"
"15686","599616164856586240","-990","21","-253"
"15687","599616164861463296","-991","22","-247"
"15688","599616164866340224","-991","23","-240"
"15689","599616164871217152","-993","28","-244"
"15690","599616164876094080","-993","25","-243"
"15691","599616164880971008","-994","28","-250"
"15692","599616164885847936","-997","31","-253"
"15693","599616164890724864","-998","31","-254"
"15694","599616164895601920","-1001","30","-255"
"15695","599616164900478848","-1001","30","-256"
"15696","599616164905355758","-1003","29","-253"
"15697","599616164910231936","-995","35","-257"
"15698","599616164915108096","-1001","32","-252"
"15699","599616164919984128","-999","32","-251"
"15700","599616164924860288","-998","37","-254"
"15701","599616164929736320","-996","38","-252"
"15702","599616164934612480","-995","37","-255"
"15703","599616164939488512","-994","39","-256"
"15704","599616164944364672","-993","36","-257"
"15705","599616164949240704","-994","43","-259"
"15706","599616164954116864","-992","41","-260"
"15707","599616164958992896","-992","43","-261"
"15708","599616164963869056","-993","37","-262"
"15709","599616164968745088","-993","35","-260"
"15710","599616164973621248","-992","36","-260"
"15711","599616164978497280","-993","35","-261"
"15712","599616164983373440","-993","30","-262"
"15713","599616164988249472","-993","28","-262"
"15714","599616164993125632","-992","25","-263"
"15715","599616164998001664","-992","22","-262"
"15716","599616165002877824","-992","22","-263"
"15717","599616165007753856","-992","17","-262"
"15718","599616165012630016","-992","16","-261"
"15719","599616165017506176","-993","15","-261"
"15720","599616165022382208","-993","12","-263"
"15721","599616165027258368","-993","14","-262"
"15722","599616165032134400","-993","14","-263"
"15723","599616165037010560","-993","16","-264"
"15724","599616165041886592","-994","17","-269"
"15725","599616165046762752","-993","17","-267"
"15726","599616165051638784","-992","22","-268"
"15727","599616165056514944","-993","25","-269"
"15728","599616165061390976","-992","25","-269"
"15729","599616165066267136","-993","25","-270"
"15730","599616165071143168","-993","29","-267"
"15731","599616165076019328","-993","25","-272"
"15732","599616165080895320","-991","27","-267"
"15733","599616165085772288","-988","25","-264"
"15734","599616165090649216","-990","25","-261"
"15735","599616165095526144","-988","27","-260"
"15736","599616165100403072","-990","22","-259"
"15737","599616165105280128","-991","25","-259"
"15738","599616165110157056","-991","26","-259"
"15739","599616165115033984","-991","27","-262"
"15740","599616165119910912","-991","29","-268"
"15741","599616165124787840","-992","29","-273"
"15742","599616165129664768","-990","32","-279"
"15743","599616165134541696","-990","29","-279"
"15744","599616165139418624","-989","36","-280"
"15745","599616165144295680","-987","31","-281"
"15746","599616165149172608","-987","34","-281"
"15747","599616165154049536","-988","37","-283"
"15748","599616165158926464","-990","37","-286"
"15749","599616165163803392","-990","37","-287"
"15750","599616165168680320","-991","37","-288"
"15751","599616165173557248","-991","33","-282"
"15752","599616165178434304","-991","29","-279"
"15753","599616165183311232","-990","31","-281"
"15754","599616165188188160","-992","32","-284"
"15755","599616165193065088","-991","32","-287"
"15756","599616165197942016","-991","39","-287"
"15757","599616165202818944","-992","39","-282"
"15758","599616165207695872","-991","42","-281"
"15759","599616165212572800","-992","39","-281"
"15760","599616165217449856","-992","40","-275"
"15761","599616165222326784","-992","37","-273"
"15762","599616165227203712","-992","32","-275"
"15763","599616165232080640","-992","35","-274"
"15764","599616165236957568","-992","34","-276"
"15765","599616165241834496","-991","30","-277"
"15766","599616165246711424","-992","27","-279"
"15767","599616165251588480","-992","29","-280"
"15768","599616165256465348","-992","29","-280"
"15769","599616165261342336","-990","32","-286"
"15770","599616165266219264","-992","29","-280"
"15771","599616165271096192","-991","32","-276"
"15772","599616165275973120","-992","30","-280"
"15773","599616165280850176","-991","30","-276"
"15774","599616165285727104","-990","26","-278"
"15775","599616165290604032","-990","29","-281"
"15776","599616165295480960","-991","27","-285"
"15777","599616165300357888","-990","25","-288"
"15778","599616165305234816","-990","27","-292"
"15779","599616165310111744","-990","26","-289"
"15780","599616165314988800","-990","24","-288"
"15781","599616165319865728","-990","26","-290"
"15782","599616165324742656","-991","28","-291"
"15783","599616165329619584","-991","26","-292"
"15784","599616165334496512","-991","27","-291"
"15785","599616165339373440","-991","24","-293"
"15786","599616165344250368","-992","25","-289"
"15787","599616165349127424","-992","22","-284"
"15788","599616165354004352","-992","24","-287"
"15789","599616165358881280","-992","23","-288"
"15790","599616165363758208","-992","26","-286"
"15791","599616165368635136","-992","23","-285"
"15792","599616165373512064","-991","24","-278"
"15793","599616165378388992","-991","21","-276"
"15794","599616165383266048","-991","21","-270"
"15795","599616165388142976","-992","22","-271"
"15796","599616165393019904","-993","23","-282"
"15797","599616165397896832","-994","20","-288"
"15798","599616165402773760","-994","14","-298"
"15799","599616165407650688","-995","19","-303"
"15800","599616165412527616","-995","18","-318"
"15801","599616165417404544","-994","18","-326"
"15802","599616165422281600","-991","20","-308"
"15803","599616165427158528","-986","16","-275"
"15804","599616165432035402","-983","18","-258"
"15805","599616165436910720","-986","20","-263"
"15806","599616165441785984","-992","19","-272"
"15807","599616165446661248","-993","22","-280"
"15808","599616165451536512","-992","26","-291"
"15809","599616165456411776","-990","31","-308"
"15810","599616165461286912","-990","32","-312"
"15811","599616165466162176","-990","31","-317"
"15812","599616165471037440","-989","26","-318"
"15813","599616165475912704","-987","26","-313"
"15814","599616165480787968","-984","26","-306"
"15815","599616165485663232","-981","25","-298"
"15816","599616165490538496","-982","24","-299"
"15817","599616165495413760","-985","27","-298"
"15818","599616165500289024","-987","29","-296"
"15819","599616165505164288","-988","30","-293"
"15820","599616165510039424","-990","34","-292"
"15821","599616165514914688","-992","33","-295"
"15822","599616165519789952","-992","29","-300"
"15823","599616165524665216","-992","29","-301"
"15824","599616165529540480","-992","31","-300"
"15825","599616165534415744","-992","31","-303"
"15826","599616165539291008","-992","26","-301"
"15827","599616165544166272","-992","27","-303"
"15828","599616165549041536","-991","28","-298"
"15829","599616165553916800","-991","26","-298"
"15830","599616165558791936","-991","31","-303"
"15831","599616165563667200","-990","32","-301"
"15832","599616165568542464","-990","28","-303"
"15833","599616165573417728","-990","31","-304"
"15834","599616165578292992","-990","33","-304"
"15835","599616165583168256","-990","35","-308"
"15836","599616165588043520","-991","34","-305"
"15837","599616165592918784","-989","33","-304"
"15838","599616165597794048","-990","39","-312"
"15839","599616165602669312","-990","37","-307"
"15840","599616165607544436","-990","38","-310"
"15841","599616165612418816","-989","38","-311"
"15842","599616165617293184","-990","40","-311"
"15843","599616165622167680","-989","40","-312"
"15844","599616165627042048","-989","36","-303"
"15845","599616165631916416","-988","36","-306"
"15846","599616165636790784","-987","31","-302"
"15847","599616165641665280","-986","31","-305"
"15848","599616165646539648","-984","34","-310"
"15849","599616165651414016","-985","31","-310"
"15850","599616165656288384","-983","26","-314"
"15851","599616165661162880","-985","30","-313"
"15852","599616165666037248","-984","28","-310"
"15853","599616165670911616","-985","29","-309"
"15854","599616165675786112","-985","28","-308"
"15855","599616165680660480","-988","26","-311"
"15856","599616165685534848","-991","27","-315"
"15857","599616165690409216","-990","31","-311"
"15858","599616165695283712","-991","34","-309"
"15859","599616165700158080","-990","34","-303"
"15860","599616165705032448","-991","31","-301"
"15861","599616165709906816","-991","38","-305"
"15862","599616165714781312","-991","36","-304"
"15863","599616165719655680","-991","33","-302"
"15864","599616165724530048","-990","31","-304"
"15865","599616165729404416","-990","38","-306"
"15866","599616165734278912","-990","35","-308"
"15867","599616165739153280","-989","31","-306"
"15868","599616165744027648","-989","32","-305"
"15869","599616165748902144","-988","35","-308"
"15870","599616165753776512","-990","31","-305"
"15871","599616165758650880","-990","33","-302"
"15872","599616165763525248","-990","33","-305"
"15873","599616165768399744","-991","32","-304"
"15874","599616165773274112","-990","29","-307"
"15875","599616165778148480","-991","32","-304"
"15876","599616165783022926","-991","35","-301"
"15877","599616165787897344","-988","34","-304"
"15878","599616165792771712","-990","35","-305"
"15879","599616165797646208","-991","36","-304"
"15880","599616165802520576","-991","31","-301"
"15881","599616165807394944","-991","34","-304"
"15882","599616165812269312","-991","34","-306"
"15883","599616165817143808","-992","35","-307"
"15884","599616165822018176","-991","34","-307"
"15885","599616165826892544","-991","32","-308"
"15886","599616165831766912","-990","35","-314"
"15887","599616165836641408","-989","38","-308"
"15888","599616165841515776","-987","38","-309"
"15889","599616165846390144","-986","40","-304"
"15890","599616165851264640","-983","42","-304"
"15891","599616165856139008","-985","37","-301"
"15892","599616165861013376","-985","35","-299"
"15893","599616165865887744","-986","36","-299"
"15894","599616165870762240","-990","31","-300"
"15895","599616165875636608","-989","32","-301"
"15896","599616165880510976","-991","33","-303"
"15897","599616165885385344","-990","30","-308"
"15898","599616165890259840","-990","37","-308"
"15899","599616165895134208","-991","35","-306"
"15900","599616165900008576","-990","35","-309"
"15901","599616165904883072","-991","39","-312"
"15902","599616165909757440","-989","37","-316"
"15903","599616165914631808","-990","37","-314"
"15904","599616165919506176","-988","33","-312"
"15905","599616165924380672","-989","30","-313"
"15906","599616165929255040","-988","31","-313"
"15907","599616165934129408","-990","30","-311"
"15908","599616165939003776","-989","31","-312"
"15909","599616165943878272","-989","31","-311"
"15910","599616165948752640","-991","32","-318"
"15911","599616165953627008","-990","35","-317"
"15912","599616165958501426","-990","33","-322"
"15913","599616165963375744","-990","34","-319"
"15914","599616165968250112","-990","33","-322"
"15915","599616165973124608","-990","35","-321"
"15916","599616165977998976","-988","38","-322"
"15917","599616165982873344","-988","35","-321"
"15918","599616165987747712","-988","41","-321"
"15919","599616165992622208","-988","38","-319"
"15920","599616165997496576","-989","36","-315"
"15921","599616166002370944","-990","41","-315"
"15922","599616166007245312","-990","35","-318"
"15923","599616166012119808","-991","39","-314"
"15924","599616166016994176","-990","40","-313"
"15925","599616166021868544","-990","43","-310"
"15926","599616166026743040","-990","35","-302"
"15927","599616166031617408","-989","34","-303"
"15928","599616166036491776","-990","38","-303"
"15929","599616166041366144","-990","42","-316"
"15930","599616166046240640","-992","38","-328"
"15931","599616166051115008","-992","33","-328"
"15932","599616166055989376","-992","40","-337"
"15933","599616166060863744","-992","39","-338"
"15934","599616166065738240","-991","34","-344"
"15935","599616166070612608","-984","37","-327"
"15936","599616166075486976","-978","34","-303"
"15937","599616166080361472","-976","37","-281"
"15938","599616166085235840","-984","29","-280"
"15939","599616166090110208","-990","37","-296"
"15940","599616166094984576","-991","39","-303"
"15941","599616166099859072","-991","37","-305"
"15942","599616166104733440","-990","41","-313"
"15943","599616166109607808","-991","50","-329"
"15944","599616166114482176","-991","48","-339"
"15945","599616166119356672","-990","46","-343"
"15946","599616166124231040","-989","42","-340"
"15947","599616166129105408","-985","45","-334"
"15948","599616166133979926","-984","41","-328"
"15949","599616166138855168","-982","37","-320"
"15950","599616166143730432","-980","40","-315"
"15951","599616166148605696","-982","42","-310"
"15952","599616166153480960","-985","44","-308"
"15953","599616166158356224","-989","48","-304"
"15954","599616166163231360","-990","48","-305"
"15955","599616166168106624","-991","43","-306"
"15956","599616166172981888","-992","41","-308"
"15957","599616166177857152","-992","41","-307"
"15958","599616166182732416","-992","40","-313"
"15959","599616166187607680","-992","39","-313"
"15960","599616166192482944","-992","36","-309"
"15961","599616166197358208","-992","43","-303"
"15962","599616166202233472","-992","34","-306"
"15963","599616166207108736","-992","34","-295"
"15964","599616166211983872","-991","37","-298"
"15965","599616166216859136","-992","33","-296"
"15966","599616166221734400","-991","34","-298"
"15967","599616166226609664","-989","31","-299"
"15968","599616166231484928","-989","33","-303"
"15969","599616166236360192","-988","33","-303"
"15970","599616166241235456","-989","34","-306"
"15971","599616166246110720","-987","30","-307"
"15972","599616166250985984","-988","28","-311"
"15973","599616166255861248","-986","37","-318"
"15974","599616166260736384","-988","32","-313"
"15975","599616166265611648","-986","30","-310"
"15976","599616166270486912","-986","29","-310"
"15977","599616166275362176","-986","31","-303"
"15978","599616166280237440","-984","32","-303"
"15979","599616166285112704","-984","35","-302"
"15980","599616166289987968","-984","32","-301"
"15981","599616166294863232","-985","35","-307"
"15982","599616166299738496","-985","33","-307"
"15983","599616166304613632","-985","30","-309"
"15984","599616166309488954","-986","34","-309"
"15985","599616166314363264","-981","32","-309"
"15986","599616166319237632","-987","30","-306"
"15987","599616166324112128","-987","33","-312"
"15988","599616166328986496","-990","32","-317"
"15989","599616166333860864","-992","35","-316"
"15990","599616166338735232","-990","32","-317"
"15991","599616166343609728","-990","40","-310"
"15992","599616166348484096","-990","36","-301"
"15993","599616166353358464","-990","40","-299"
"15994","599616166358232832","-991","41","-298"
"15995","599616166363107328","-991","41","-302"
"15996","599616166367981696","-992","44","-306"
"15997","599616166372856064","-992","42","-306"
"15998","599616166377730560","-992","38","-308"
"15999","599616166382604928","-993","37","-302"
"16000","599616166387479296","-991","35","-298"
"16001","599616166392353664","-992","36","-297"
"16002","599616166397228160","-992","32","-301"
"16003","599616166402102528","-992","36","-301"
"16004","599616166406976896","-992","36","-297"
"16005","599616166411851264","-989","32","-298"
"16006","599616166416725760","-988","35","-298"
"16007","599616166421600128","-989","31","-294"
"16008","599616166426474496","-989","32","-295"
"16009","599616166431348864","-990","34","-298"
"16010","599616166436223360","-992","33","-297"
"16011","599616166441097728","-992","32","-299"
"16012","599616166445972096","-992","33","-299"
"16013","599616166450846592","-992","32","-296"
"16014","599616166455720960","-992","37","-299"
"16015","599616166460595328","-992","36","-299"
"16016","599616166465469696","-992","38","-301"
"16017","599616166470344192","-991","34","-303"
"16018","599616166475218560","-991","33","-296"
"16019","599616166480092928","-989","40","-294"
"16020","599616166484967444","-989","32","-289"
"16021","599616166489841024","-987","34","-286"
"16022","599616166494714624","-992","34","-286"
"16023","599616166499588096","-992","35","-279"
"16024","599616166504461696","-992","34","-275"
"16025","599616166509335296","-992","33","-275"
"16026","599616166514208768","-992","37","-274"
"16027","599616166519082368","-992","37","-278"
"16028","599616166523955968","-993","36","-279"
"16029","599616166528829440","-993","33","-286"
"16030","599616166533703040","-993","34","-287"
"16031","599616166538576640","-993","32","-287"
"16032","599616166543450112","-991","27","-290"
"16033","599616166548323712","-992","34","-290"
"16034","599616166553197312","-992","30","-289"
"16035","599616166558070784","-990","31","-286"
"16036","599616166562944384","-990","33","-284"
"16037","599616166567817856","-988","28","-282"
"16038","599616166572691456","-990","31","-281"
"16039","599616166577565056","-990","32","-276"
"16040","599616166582438528","-989","28","-276"
"16041","599616166587312128","-991","29","-277"
"16042","599616166592185728","-992","31","-272"
"16043","599616166597059200","-992","36","-273"
"16044","599616166601932800","-992","31","-273"
"16045","599616166606806400","-993","30","-273"
"16046","599616166611679872","-993","30","-276"
"16047","599616166616553472","-994","29","-275"
"16048","599616166621427072","-994","27","-275"
"16049","599616166626300544","-993","28","-273"
"16050","599616166631174144","-993","30","-268"
"16051","599616166636047744","-993","31","-266"
"16052","599616166640921216","-992","29","-261"
"16053","599616166645794816","-992","35","-259"
"16054","599616166650668416","-991","34","-259"
"16055","599616166655541888","-992","33","-258"
"16056","599616166660415452","-992","34","-258"
"16057","599616166665290752","-993","30","-255"
"16058","599616166670166016","-992","32","-257"
"16059","599616166675041280","-991","35","-258"
"16060","599616166679916544","-989","39","-261"
"16061","599616166684791808","-989","37","-261"
"16062","599616166689666944","-990","37","-261"
"16063","599616166694542208","-991","35","-264"
"16064","599616166699417472","-993","37","-272"
"16065","599616166704292736","-995","27","-266"
"16066","599616166709168000","-994","25","-265"
"16067","599616166714043264","-995","28","-266"
"16068","599616166718918528","-993","25","-265"
"16069","599616166723793792","-992","26","-269"
"16070","599616166728669056","-990","26","-259"
"16071","599616166733544192","-986","30","-250"
"16072","599616166738419456","-986","32","-247"
"16073","599616166743294720","-992","30","-252"
"16074","599616166748169984","-992","31","-255"
"16075","599616166753045248","-993","31","-257"
"16076","599616166757920512","-993","28","-259"
"16077","599616166762795776","-992","32","-267"
"16078","599616166767671040","-992","35","-271"
"16079","599616166772546304","-992","29","-268"
"16080","599616166777421440","-993","28","-268"
"16081","599616166782296704","-992","29","-267"
"16082","599616166787171968","-992","27","-264"
"16083","599616166792047232","-992","28","-261"
"16084","599616166796922496","-992","29","-259"
"16085","599616166801797760","-993","29","-255"
"16086","599616166806673024","-992","30","-255"
"16087","599616166811548288","-992","31","-250"
"16088","599616166816423552","-992","36","-249"
"16089","599616166821298816","-993","31","-249"
"16090","599616166826173952","-994","27","-249"
"16091","599616166831049216","-996","29","-248"
"16092","599616166835924454","-997","28","-249"
"16093","599616166840799744","-1005","27","-246"
"16094","599616166845675008","-1000","28","-247"
"16095","599616166850550272","-1000","28","-243"
"16096","599616166855425536","-1000","29","-240"
"16097","599616166860300800","-1000","28","-242"
"16098","599616166865175936","-1000","30","-244"
"16099","599616166870051200","-999","25","-250"
"16100","599616166874926464","-995","27","-249"
"16101","599616166879801728","-994","30","-249"
"16102","599616166884676992","-994","28","-251"
"16103","599616166889552256","-994","27","-251"
"16104","599616166894427520","-993","27","-250"
"16105","599616166899302784","-992","29","-251"
"16106","599616166904178048","-992","31","-250"
"16107","599616166909053312","-992","31","-249"
"16108","599616166913928448","-992","31","-245"
"16109","599616166918803712","-992","29","-246"
"16110","599616166923678976","-992","28","-249"
"16111","599616166928554240","-992","26","-248"
"16112","599616166933429504","-992","26","-246"
"16113","599616166938304768","-992","27","-246"
"16114","599616166943180032","-993","26","-244"
"16115","599616166948055296","-993","25","-237"
"16116","599616166952930560","-993","26","-235"
"16117","599616166957805696","-992","25","-233"
"16118","599616166962680960","-993","26","-226"
"16119","599616166967556224","-992","23","-228"
"16120","599616166972431488","-992","24","-229"
"16121","599616166977306752","-994","22","-231"
"16122","599616166982182016","-994","26","-237"
"16123","599616166987057280","-994","30","-238"
"16124","599616166991932544","-994","29","-243"
"16125","599616166996807808","-995","39","-241"
"16126","599616167001683072","-996","31","-235"
"16127","599616167006558208","-996","30","-235"
"16128","599616167011433472","-997","32","-242"
"16129","599616167016309632","-997","30","-238"
"16130","599616167021185792","-996","28","-240"
"16131","599616167026061824","-994","28","-245"
"16132","599616167030937984","-994","26","-241"
"16133","599616167035814016","-993","27","-238"
"16134","599616167040690176","-993","27","-237"
"16135","599616167045566208","-993","25","-235"
"16136","599616167050442368","-993","27","-236"
"16137","599616167055318400","-993","28","-235"
"16138","599616167060194560","-994","27","-233"
"16139","599616167065070592","-994","27","-240"
"16140","599616167069946752","-994","27","-233"
"16141","599616167074822784","-994","28","-233"
"16142","599616167079698944","-997","30","-232"
"16143","599616167084574976","-995","31","-234"
"16144","599616167089451136","-995","31","-237"
"16145","599616167094327168","-995","28","-238"
"16146","599616167099203328","-994","29","-237"
"16147","599616167104079360","-994","28","-236"
"16148","599616167108955520","-994","29","-234"
"16149","599616167113831552","-994","28","-237"
"16150","599616167118707712","-994","34","-238"
"16151","599616167123583744","-994","32","-239"
"16152","599616167128459904","-994","30","-235"
"16153","599616167133335936","-993","29","-235"
"16154","599616167138212096","-993","33","-232"
"16155","599616167143088256","-993","28","-229"
"16156","599616167147964288","-993","31","-231"
"16157","599616167152840448","-994","31","-226"
"16158","599616167157716480","-994","32","-228"
"16159","599616167162592640","-994","35","-234"
"16160","599616167167468672","-994","31","-222"
"16161","599616167172344832","-994","32","-225"
"16162","599616167177220864","-994","32","-226"
"16163","599616167182097024","-994","31","-225"
"16164","599616167186973018","-994","30","-230"
"16165","599616167191848320","-996","25","-225"
"16166","599616167196723584","-997","33","-227"
"16167","599616167201598848","-995","30","-224"
"16168","599616167206474112","-994","32","-224"
"16169","599616167211349376","-995","35","-221"
"16170","599616167216224512","-993","32","-218"
"16171","599616167221099776","-993","36","-222"
"16172","599616167225975040","-993","35","-220"
"16173","599616167230850304","-993","35","-222"
"16174","599616167235725568","-993","35","-219"
"16175","599616167240600832","-993","34","-218"
"16176","599616167245476096","-993","32","-212"
"16177","599616167250351360","-993","34","-219"
"16178","599616167255226624","-995","31","-215"
"16179","599616167260101760","-996","30","-213"
"16180","599616167264977024","-996","28","-217"
"16181","599616167269852288","-996","29","-220"
"16182","599616167274727552","-997","30","-221"
"16183","599616167279602816","-995","30","-222"
"16184","599616167284478080","-995","34","-229"
"16185","599616167289353344","-993","36","-230"
"16186","599616167294228608","-994","33","-226"
"16187","599616167299103872","-995","31","-226"
"16188","599616167303979136","-994","33","-226"
"16189","599616167308854272","-994","36","-219"
"16190","599616167313729536","-995","37","-217"
"16191","599616167318604800","-994","35","-209"
"16192","599616167323480064","-995","32","-215"
"16193","599616167328355328","-994","33","-209"
"16194","599616167333230592","-993","33","-201"
"16195","599616167338105856","-993","31","-198"
"16196","599616167342981120","-993","29","-191"
"16197","599616167347856384","-994","34","-206"
"16198","599616167352731520","-998","38","-219"
"16199","599616167357606784","-1001","36","-217"
"16200","599616167362482026","-1000","35","-219"
"16201","599616167367358208","-1007","32","-230"
"16202","599616167372234368","-1009","32","-246"
"16203","599616167377110400","-1007","34","-255"
"16204","599616167381986560","-995","35","-235"
"16205","599616167386862592","-990","35","-203"
"16206","599616167391738752","-988","35","-188"
"16207","599616167396614784","-988","33","-180"
"16208","599616167401490944","-992","33","-192"
"16209","599616167406366976","-992","36","-206"
"16210","599616167411243136","-990","35","-213"
"16211","599616167416119168","-988","39","-214"
"16212","599616167420995328","-991","41","-219"
"16213","599616167425871360","-992","41","-223"
"16214","599616167430747520","-995","41","-228"
"16215","599616167435623552","-993","38","-231"
"16216","599616167440499712","-993","44","-227"
"16217","599616167445375744","-992","46","-220"
"16218","599616167450251904","-993","42","-217"
"16219","599616167455127936","-993","36","-209"
"16220","599616167460004096","-994","34","-199"
"16221","599616167464880128","-995","35","-198"
"16222","599616167469756288","-997","33","-199"
"16223","599616167474632320","-1001","31","-200"
"16224","599616167479508480","-1005","28","-208"
"16225","599616167484384512","-1011","31","-211"
"16226","599616167489260672","-1013","27","-210"
"16227","599616167494136832","-1014","26","-213"
"16228","599616167499012864","-1013","30","-214"
"16229","599616167503889024","-1013","25","-211"
"16230","599616167508765056","-1011","31","-220"
"16231","599616167513641216","-1004","30","-219"
"16232","599616167518517248","-1004","35","-218"
"16233","599616167523393408","-999","30","-221"
"16234","599616167528269440","-997","29","-225"
"16235","599616167533145600","-996","32","-225"
"16236","599616167538021572","-995","32","-229"
"16237","599616167542898560","-996","36","-224"
"16238","599616167547775488","-993","37","-222"
"16239","599616167552652416","-993","38","-221"
"16240","599616167557529344","-993","38","-221"
"16241","599616167562406400","-993","36","-220"
"16242","599616167567283328","-992","35","-219"
"16243","599616167572160256","-993","38","-220"
"16244","599616167577037184","-992","39","-220"
"16245","599616167581914112","-992","39","-221"
"16246","599616167586791040","-993","37","-216"
"16247","599616167591667968","-993","36","-219"
"16248","599616167596544896","-993","42","-219"
"16249","599616167601421952","-993","42","-219"
"16250","599616167606298880","-993","43","-217"
"16251","599616167611175808","-992","40","-218"
"16252","599616167616052736","-992","40","-216"
"16253","599616167620929664","-992","34","-213"
"16254","599616167625806592","-992","32","-207"
"16255","599616167630683520","-993","32","-209"
"16256","599616167635560576","-993","33","-205"
"16257","599616167640437504","-993","36","-208"
"16258","599616167645314432","-995","37","-210"
"16259","599616167650191360","-996","39","-208"
"16260","599616167655068288","-1000","44","-213"
"16261","599616167659945216","-1005","44","-226"
"16262","599616167664822144","-1006","41","-236"
"16263","599616167669699072","-1001","37","-237"
"16264","599616167674576128","-996","34","-236"
"16265","599616167679453056","-993","31","-229"
"16266","599616167684329984","-992","34","-223"
"16267","599616167689206912","-993","34","-216"
"16268","599616167694083840","-993","41","-215"
"16269","599616167698960768","-995","37","-217"
"16270","599616167703837696","-994","36","-217"
"16271","599616167708714752","-996","38","-219"
"16272","599616167713591600","-996","38","-219"
"16273","599616167718469376","-996","37","-216"
"16274","599616167723347200","-996","34","-220"
"16275","599616167728225024","-997","40","-219"
"16276","599616167733102720","-997","40","-214"
"16277","599616167737980544","-998","40","-215"
"16278","599616167742858368","-997","37","-219"
"16279","599616167747736192","-996","43","-219"
"16280","599616167752613888","-997","36","-219"
"16281","599616167757491712","-996","39","-220"
"16282","599616167762369536","-996","42","-219"
"16283","599616167767247360","-995","40","-223"
"16284","599616167772125056","-994","41","-225"
"16285","599616167777002880","-993","43","-218"
"16286","599616167781880704","-993","44","-218"
"16287","599616167786758528","-993","47","-216"
"16288","599616167791636224","-993","47","-218"
"16289","599616167796514048","-993","44","-219"
"16290","599616167801391872","-993","47","-221"
"16291","599616167806269696","-993","47","-216"
"16292","599616167811147520","-993","53","-211"
"16293","599616167816025216","-993","52","-213"
"16294","599616167820903040","-993","48","-213"
"16295","599616167825780864","-993","47","-211"
"16296","599616167830658688","-992","54","-214"
"16297","599616167835536384","-993","50","-216"
"16298","599616167840414208","-993","53","-218"
"16299","599616167845292032","-993","59","-218"
"16300","599616167850169856","-992","61","-219"
"16301","599616167855047552","-993","58","-216"
"16302","599616167859925376","-992","58","-219"
"16303","599616167864803200","-992","57","-213"
"16304","599616167869681024","-992","54","-211"
"16305","599616167874558720","-993","47","-215"
"16306","599616167879436544","-994","46","-213"
"16307","599616167884314368","-994","41","-218"
"16308","599616167889192182","-997","41","-219"
"16309","599616167894070016","-997","38","-218"
"16310","599616167898947840","-998","35","-216"
"16311","599616167903825664","-1000","33","-220"
"16312","599616167908703360","-1000","35","-222"
"16313","599616167913581184","-1000","34","-220"
"16314","599616167918459008","-1002","35","-221"
"16315","599616167923336832","-999","33","-221"
"16316","599616167928214528","-1001","33","-222"
"16317","599616167933092352","-1001","35","-225"
"16318","599616167937970176","-1000","30","-227"
"16319","599616167942848000","-999","31","-225"
"16320","599616167947725696","-1000","33","-225"
"16321","599616167952603520","-1001","33","-220"
"16322","599616167957481344","-1002","34","-212"
"16323","599616167962359168","-1005","34","-214"
"16324","599616167967236864","-1003","32","-216"
"16325","599616167972114688","-1005","26","-216"
"16326","599616167976992512","-998","27","-215"
"16327","599616167981870336","-996","25","-208"
"16328","599616167986748032","-995","28","-206"
"16329","599616167991625856","-996","31","-211"
"16330","599616167996503680","-996","33","-226"
"16331","599616168001381504","-1000","34","-234"
"16332","599616168006259328","-1000","35","-232"
"16333","599616168011137024","-1002","28","-239"
"16334","599616168016014848","-1006","28","-250"
"16335","599616168020892672","-1006","34","-257"
"16336","599616168025770496","-997","31","-248"
"16337","599616168030648192","-991","31","-204"
"16338","599616168035526016","-982","34","-179"
"16339","599616168040403840","-983","38","-183"
"16340","599616168045281664","-990","37","-199"
"16341","599616168050159360","-992","42","-218"
"16342","599616168055037184","-992","43","-220"
"16343","599616168059915008","-992","44","-226"
"16344","599616168064792754","-992","43","-231"
"16345","599616168069669632","-993","42","-242"
"16346","599616168074546560","-995","49","-249"
"16347","599616168079423488","-994","47","-247"
"16348","599616168084300416","-993","44","-245"
"16349","599616168089177472","-990","46","-235"
"16350","599616168094054400","-992","40","-228"
"16351","599616168098931328","-992","42","-216"
"16352","599616168103808256","-992","43","-210"
"16353","599616168108685184","-993","47","-207"
"16354","599616168113562112","-994","46","-204"
"16355","599616168118439040","-996","43","-213"
"16356","599616168123316096","-996","42","-218"
"16357","599616168128193024","-1001","42","-213"
"16358","599616168133069952","-1002","42","-220"
"16359","599616168137946880","-1003","40","-215"
"16360","599616168142823808","-1003","41","-220"
"16361","599616168147700736","-1002","40","-223"
"16362","599616168152577664","-1001","41","-219"
"16363","599616168157454592","-1000","41","-225"
"16364","599616168162331648","-999","43","-226"
"16365","599616168167208576","-996","41","-227"
"16366","599616168172085504","-994","40","-228"
"16367","599616168176962432","-994","41","-226"
"16368","599616168181839360","-994","37","-227"
"16369","599616168186716288","-993","39","-229"
"16370","599616168191593216","-993","37","-229"
"16371","599616168196470272","-992","39","-230"
"16372","599616168201347200","-993","38","-234"
"16373","599616168206224128","-992","36","-234"
"16374","599616168211101056","-993","32","-238"
"16375","599616168215977984","-992","30","-240"
"16376","599616168220854912","-992","31","-234"
"16377","599616168225731840","-992","29","-235"
"16378","599616168230608896","-992","30","-230"
"16379","599616168235485824","-993","32","-235"
"16380","599616168240362798","-993","28","-237"
"16381","599616168245240576","-993","33","-227"
"16382","599616168250118400","-993","29","-231"
"16383","599616168254996224","-994","28","-230"
"16384","599616168259873920","-993","30","-229"
"16385","599616168264751744","-994","31","-223"
"16386","599616168269629568","-994","31","-226"
"16387","599616168274507392","-994","34","-227"
"16388","599616168279385088","-994","30","-224"
"16389","599616168284262912","-995","35","-224"
"16390","599616168289140736","-995","38","-227"
"16391","599616168294018560","-995","42","-221"
"16392","599616168298896256","-997","44","-224"
"16393","599616168303774080","-998","49","-227"
"16394","599616168308651904","-1003","47","-232"
"16395","599616168313529728","-1004","48","-242"
"16396","599616168318407424","-1002","39","-242"
"16397","599616168323285248","-1000","33","-241"
"16398","599616168328163072","-996","33","-235"
"16399","599616168333040896","-993","37","-230"
"16400","599616168337918720","-993","37","-227"
"16401","599616168342796416","-992","38","-223"
"16402","599616168347674240","-993","38","-220"
"16403","599616168352552064","-994","39","-228"
"16404","599616168357429888","-995","42","-232"
"16405","599616168362307584","-995","37","-233"
"16406","599616168367185408","-995","39","-235"
"16407","599616168372063232","-994","41","-231"
"16408","599616168376941056","-994","41","-235"
"16409","599616168381818752","-994","40","-232"
"16410","599616168386696576","-995","36","-229"
"16411","599616168391574400","-993","41","-232"
"16412","599616168396452224","-994","39","-233"
"16413","599616168401329920","-994","38","-237"
"16414","599616168406207744","-994","41","-235"
"16415","599616168411085568","-994","40","-239"
"16416","599616168415963380","-993","39","-237"
"16417","599616168420841216","-993","41","-230"
"16418","599616168425719040","-993","41","-232"
"16419","599616168430596864","-993","41","-232"
"16420","599616168435474560","-993","41","-236"
"16421","599616168440352384","-994","40","-234"
"16422","599616168445230208","-994","41","-236"
"16423","599616168450108032","-995","37","-234"
"16424","599616168454985728","-994","41","-234"
"16425","599616168459863552","-993","40","-234"
"16426","599616168464741376","-994","36","-232"
"16427","599616168469619200","-994","36","-234"
"16428","599616168474496896","-994","37","-237"
"16429","599616168479374720","-995","38","-238"
"16430","599616168484252544","-993","34","-239"
"16431","599616168489130368","-994","38","-237"
"16432","599616168494008064","-993","36","-236"
"16433","599616168498885888","-993","41","-238"
"16434","599616168503763712","-994","37","-239"
"16435","599616168508641536","-993","40","-241"
"16436","599616168513519232","-993","34","-242"
"16437","599616168518397056","-993","33","-241"
"16438","599616168523274880","-993","36","-240"
"16439","599616168528152704","-993","40","-243"
"16440","599616168533030528","-993","41","-239"
"16441","599616168537908224","-994","41","-234"
"16442","599616168542786048","-993","44","-235"
"16443","599616168547663872","-993","42","-230"
"16444","599616168552541696","-994","39","-234"
"16445","599616168557419392","-994","37","-238"
"16446","599616168562297216","-994","36","-240"
"16447","599616168567175040","-995","32","-244"
"16448","599616168572052864","-996","33","-247"
"16449","599616168576930560","-995","32","-248"
"16450","599616168581808384","-994","34","-247"
"16451","599616168586686208","-994","32","-249"
"16452","599616168591563952","-993","32","-249"
"16453","599616168596439168","-993","40","-244"
"16454","599616168601314432","-993","38","-247"
"16455","599616168606189696","-993","36","-246"
"16456","599616168611064960","-993","37","-244"
"16457","599616168615940224","-994","41","-243"
"16458","599616168620815360","-994","37","-240"
"16459","599616168625690624","-993","37","-238"
"16460","599616168630565888","-993","40","-234"
"16461","599616168635441152","-993","41","-230"
"16462","599616168640316416","-993","41","-232"
"16463","599616168645191680","-993","48","-246"
"16464","599616168650066944","-996","45","-252"
"16465","599616168654942208","-996","46","-252"
"16466","599616168659817472","-997","38","-255"
"16467","599616168664692736","-998","38","-258"
"16468","599616168669567872","-997","39","-263"
"16469","599616168674443136","-995","42","-265"
"16470","599616168679318400","-992","45","-251"
"16471","599616168684193664","-987","42","-220"
"16472","599616168689068928","-985","36","-212"
"16473","599616168693944192","-991","39","-219"
"16474","599616168698819456","-993","38","-233"
"16475","599616168703694720","-994","45","-250"
"16476","599616168708569984","-993","47","-260"
"16477","599616168713445120","-992","46","-261"
"16478","599616168718320384","-992","44","-260"
"16479","599616168723195648","-992","42","-261"
"16480","599616168728070912","-991","41","-262"
"16481","599616168732946176","-992","41","-261"
"16482","599616168737821440","-990","38","-258"
"16483","599616168742696704","-990","40","-256"
"16484","599616168747571968","-988","38","-252"
"16485","599616168752447232","-989","42","-248"
"16486","599616168757322496","-991","41","-245"
"16487","599616168762197632","-992","42","-242"
"16488","599616168767072976","-993","42","-245"
"16489","599616168771948288","-994","38","-247"
"16490","599616168776823552","-995","41","-250"
"16491","599616168781698816","-996","41","-255"
"16492","599616168786574080","-995","41","-258"
"16493","599616168791449344","-996","37","-257"
"16494","599616168796324480","-995","34","-255"
"16495","599616168801199744","-995","33","-256"
"16496","599616168806075008","-998","33","-255"
"16497","599616168810950272","-1000","31","-255"
"16498","599616168815825536","-1000","25","-255"
"16499","599616168820700800","-999","29","-256"
"16500","599616168825576064","-998","29","-259"
"16501","599616168830451328","-996","28","-258"
"16502","599616168835326592","-993","33","-257"
"16503","599616168840201856","-993","31","-258"
"16504","599616168845076992","-992","34","-258"
"16505","599616168849952256","-991","34","-258"
"16506","599616168854827520","-991","33","-260"
"16507","599616168859702784","-992","33","-260"
"16508","599616168864578048","-990","32","-261"
"16509","599616168869453312","-990","33","-258"
"16510","599616168874328576","-990","31","-257"
"16511","599616168879203840","-991","36","-255"
"16512","599616168884079104","-991","34","-254"
"16513","599616168888954240","-991","33","-254"
"16514","599616168893829504","-990","32","-254"
"16515","599616168898704768","-991","35","-253"
"16516","599616168903580032","-991","36","-255"
"16517","599616168908455296","-992","34","-258"
"16518","599616168913330560","-991","39","-258"
"16519","599616168918205824","-991","46","-259"
"16520","599616168923081088","-991","44","-257"
"16521","599616168927956352","-992","45","-257"
"16522","599616168932831616","-992","46","-258"
"16523","599616168937706752","-993","42","-259"
"16524","599616168942581994","-993","44","-260"
"16525","599616168947459840","-995","51","-253"
"16526","599616168952337664","-993","50","-257"
"16527","599616168957215488","-993","49","-258"
"16528","599616168962093184","-993","49","-258"
"16529","599616168966971008","-994","46","-259"
"16530","599616168971848832","-993","45","-260"
"16531","599616168976726656","-993","39","-261"
"16532","599616168981604352","-992","36","-262"
"16533","599616168986482176","-993","36","-260"
"16534","599616168991360000","-993","37","-260"
"16535","599616168996237824","-993","33","-261"
"16536","599616169001115520","-993","37","-260"
"16537","599616169005993344","-992","33","-260"
"16538","599616169010871168","-992","35","-261"
"16539","599616169015748992","-992","38","-260"
"16540","599616169020626688","-992","36","-261"
"16541","599616169025504512","-992","38","-261"
"16542","599616169030382336","-993","38","-258"
"16543","599616169035260160","-993","38","-259"
"16544","599616169040137856","-993","37","-260"
"16545","599616169045015680","-993","32","-261"
"16546","599616169049893504","-993","37","-260"
"16547","599616169054771328","-994","33","-260"
"16548","599616169059649152","-994","34","-262"
"16549","599616169064526848","-994","31","-261"
"16550","599616169069404672","-994","36","-260"
"16551","599616169074282496","-993","36","-259"
"16552","599616169079160320","-994","37","-259"
"16553","599616169084038016","-993","35","-260"
"16554","599616169088915840","-992","40","-261"
"16555","599616169093793664","-992","41","-261"
"16556","599616169098671488","-992","41","-263"
"16557","599616169103549184","-992","39","-265"
"16558","599616169108427008","-992","39","-261"
"16559","599616169113304832","-992","38","-263"
"16560","599616169118182560","-992","37","-262"
"16561","599616169123061120","-993","37","-261"
"16562","599616169127939712","-992","39","-261"
"16563","599616169132818432","-991","36","-261"
"16564","599616169137697024","-992","43","-262"
"16565","599616169142575744","-992","38","-263"
"16566","599616169147454336","-992","47","-265"
"16567","599616169152332928","-991","42","-262"
"16568","599616169157211648","-992","34","-265"
"16569","599616169162090240","-991","40","-265"
"16570","599616169166968832","-991","40","-267"
"16571","599616169171847552","-991","39","-266"
"16572","599616169176726144","-991","44","-268"
"16573","599616169181604864","-992","41","-271"
"16574","599616169186483456","-993","41","-268"
"16575","599616169191362048","-992","37","-269"
"16576","599616169196240768","-992","37","-268"
"16577","599616169201119360","-992","35","-268"
"16578","599616169205998080","-993","34","-268"
"16579","599616169210876672","-993","35","-270"
"16580","599616169215755264","-992","33","-271"
"16581","599616169220633984","-993","37","-277"
"16582","599616169225512576","-992","35","-275"
"16583","599616169230391296","-992","35","-273"
"16584","599616169235269888","-991","36","-272"
"16585","599616169240148480","-991","40","-273"
"16586","599616169245027200","-991","40","-271"
"16587","599616169249905792","-990","36","-271"
"16588","599616169254784384","-991","38","-272"
"16589","599616169259663104","-992","34","-276"
"16590","599616169264541696","-992","39","-277"
"16591","599616169269420416","-992","42","-279"
"16592","599616169274299008","-992","39","-279"
"16593","599616169279177600","-992","38","-280"
"16594","599616169284056320","-993","38","-272"
"16595","599616169288934912","-991","38","-269"
"16596","599616169293813660","-990","37","-264"
"16597","599616169298693120","-991","39","-269"
"16598","599616169303572608","-991","44","-271"
"16599","599616169308452096","-992","47","-288"
"16600","599616169313331584","-993","40","-284"
"16601","599616169318211072","-993","41","-292"
"16602","599616169323090560","-993","39","-301"
"16603","599616169327970048","-993","41","-311"
"16604","599616169332849536","-990","43","-305"
"16605","599616169337729024","-983","43","-278"
"16606","599616169342608512","-980","42","-259"
"16607","599616169347488000","-984","41","-255"
"16608","599616169352367488","-991","40","-262"
"16609","599616169357246976","-992","42","-269"
"16610","599616169362126464","-992","44","-275"
"16611","599616169367005952","-992","43","-286"
"16612","599616169371885440","-991","44","-299"
"16613","599616169376764928","-991","44","-308"
"16614","599616169381644416","-991","41","-310"
"16615","599616169386523904","-989","46","-312"
"16616","599616169391403392","-989","44","-313"
"16617","599616169396282880","-986","41","-304"
"16618","599616169401162368","-986","36","-300"
"16619","599616169406041856","-986","37","-296"
"16620","599616169410921344","-988","39","-292"
"16621","599616169415800832","-989","41","-285"
"16622","599616169420680320","-990","44","-279"
"16623","599616169425559808","-990","40","-278"
"16624","599616169430439296","-991","35","-281"
"16625","599616169435318784","-993","39","-285"
"16626","599616169440198272","-993","33","-293"
"16627","599616169445077760","-993","34","-293"
"16628","599616169449957248","-993","32","-293"
"16629","599616169454836736","-993","34","-294"
"16630","599616169459716224","-992","31","-291"
"16631","599616169464595712","-992","31","-289"
"16632","599616169469475278","-993","34","-285"
"16633","599616169474353152","-993","33","-288"
"16634","599616169479230976","-992","32","-286"
"16635","599616169484108800","-992","35","-285"
"16636","599616169488986496","-992","39","-289"
"16637","599616169493864320","-991","39","-292"
"16638","599616169498742144","-991","43","-297"
"16639","599616169503619968","-990","37","-296"
"16640","599616169508497664","-990","39","-297"
"16641","599616169513375488","-989","42","-296"
"16642","599616169518253312","-988","41","-294"
"16643","599616169523131136","-990","38","-295"
"16644","599616169528008832","-989","36","-294"
"16645","599616169532886656","-988","37","-292"
"16646","599616169537764480","-989","39","-287"
"16647","599616169542642304","-990","35","-293"
"16648","599616169547520000","-987","36","-291"
"16649","599616169552397824","-989","34","-287"
"16650","599616169557275648","-990","34","-285"
"16651","599616169562153472","-989","34","-287"
"16652","599616169567031168","-988","32","-292"
"16653","599616169571908992","-988","35","-293"
"16654","599616169576786816","-989","35","-295"
"16655","599616169581664640","-988","34","-296"
"16656","599616169586542336","-989","40","-299"
"16657","599616169591420160","-990","39","-301"
"16658","599616169596297984","-991","37","-303"
"16659","599616169601175808","-992","35","-303"
"16660","599616169606053504","-990","39","-303"
"16661","599616169610931328","-990","40","-300"
"16662","599616169615809152","-990","42","-288"
"16663","599616169620686976","-990","43","-285"
"16664","599616169625564800","-991","44","-289"
"16665","599616169630442496","-990","48","-296"
"16666","599616169635320320","-991","41","-301"
"16667","599616169640198144","-991","40","-297"
"16668","599616169645075830","-990","38","-299"
"16669","599616169649952768","-990","32","-298"
"16670","599616169654829696","-990","35","-298"
"16671","599616169659706624","-990","36","-295"
"16672","599616169664583552","-989","43","-296"
"16673","599616169669460608","-991","41","-303"
"16674","599616169674337536","-991","44","-301"
"16675","599616169679214464","-991","44","-300"
"16676","599616169684091392","-989","42","-300"
"16677","599616169688968320","-989","39","-301"
"16678","599616169693845248","-989","40","-299"
"16679","599616169698722176","-990","38","-293"
"16680","599616169703599232","-990","42","-294"
"16681","599616169708476160","-990","39","-292"
"16682","599616169713353088","-990","44","-295"
"16683","599616169718230016","-990","39","-295"
"16684","599616169723106944","-990","43","-296"
"16685","599616169727983872","-992","38","-298"
"16686","599616169732860800","-992","40","-298"
"16687","599616169737737728","-992","43","-299"
"16688","599616169742614784","-991","43","-301"
"16689","599616169747491712","-991","39","-303"
"16690","599616169752368640","-992","43","-302"
"16691","599616169757245568","-991","38","-304"
"16692","599616169762122496","-990","37","-301"
"16693","599616169766999424","-990","35","-302"
"16694","599616169771876352","-989","39","-303"
"16695","599616169776753408","-989","37","-303"
"16696","599616169781630336","-988","38","-299"
"16697","599616169786507264","-989","38","-300"
"16698","599616169791384192","-989","39","-298"
"16699","599616169796261120","-990","42","-306"
"16700","599616169801138048","-990","40","-305"
"16701","599616169806014976","-990","40","-305"
"16702","599616169810892032","-989","40","-304"
"16703","599616169815768960","-988","38","-298"
"16704","599616169820645874","-987","38","-301"
"16705","599616169825520256","-987","41","-307"
"16706","599616169830394624","-989","38","-305"
"16707","599616169835269120","-990","40","-308"
"16708","599616169840143488","-991","38","-305"
"16709","599616169845017856","-990","37","-307"
"16710","599616169849892224","-990","35","-309"
"16711","599616169854766720","-990","41","-306"
"16712","599616169859641088","-989","44","-303"
"16713","599616169864515456","-989","41","-304"
"16714","599616169869389824","-990","37","-304"
"16715","599616169874264320","-990","39","-303"
"16716","599616169879138688","-991","40","-301"
"16717","599616169884013056","-991","38","-304"
"16718","599616169888887552","-991","41","-308"
"16719","599616169893761920","-991","39","-307"
"16720","599616169898636288","-990","37","-306"
"16721","599616169903510656","-990","40","-307"
"16722","599616169908385152","-990","40","-307"
"16723","599616169913259520","-990","46","-307"
"16724","599616169918133888","-988","43","-308"
"16725","599616169923008256","-987","47","-309"
"16726","599616169927882752","-988","44","-309"
"16727","599616169932757120","-989","46","-310"
"16728","599616169937631488","-988","48","-312"
"16729","599616169942505984","-989","46","-310"
"16730","599616169947380352","-990","48","-308"
"16731","599616169952254720","-990","45","-305"
"16732","599616169957129088","-989","44","-307"
"16733","599616169962003584","-989","48","-306"
"16734","599616169966877952","-990","44","-299"
"16735","599616169971752320","-987","41","-297"
"16736","599616169976626688","-990","44","-297"
"16737","599616169981501184","-991","45","-309"
"16738","599616169986375552","-992","44","-322"
"16739","599616169991249920","-992","43","-322"
"16740","599616169996124380","-993","43","-330"
"16741","599616170001000576","-990","44","-336"
"16742","599616170005876736","-991","43","-341"
"16743","599616170010752768","-985","39","-337"
"16744","599616170015628928","-971","38","-307"
"16745","599616170020504960","-972","36","-282"
"16746","599616170025381120","-981","36","-275"
"16747","599616170030257152","-991","36","-293"
"16748","599616170035133312","-992","43","-300"
"16749","599616170040009344","-991","44","-301"
"16750","599616170044885504","-989","47","-311"
"16751","599616170049761536","-989","55","-320"
"16752","599616170054637696","-991","51","-334"
"16753","599616170059513728","-990","50","-345"
"16754","599616170064389888","-989","45","-344"
"16755","599616170069265920","-985","45","-338"
"16756","599616170074142080","-981","41","-329"
"16757","599616170079018112","-978","43","-321"
"16758","599616170083894272","-983","43","-318"
"16759","599616170088770304","-983","45","-314"
"16760","599616170093646464","-985","43","-306"
"16761","599616170098522496","-986","45","-301"
"16762","599616170103398656","-990","44","-301"
"16763","599616170108274688","-992","44","-301"
"16764","599616170113150848","-992","44","-309"
"16765","599616170118027008","-993","40","-312"
"16766","599616170122903040","-993","42","-310"
"16767","599616170127779200","-991","40","-311"
"16768","599616170132655232","-992","44","-309"
"16769","599616170137531392","-991","45","-306"
"16770","599616170142407424","-992","44","-301"
"16771","599616170147283584","-992","44","-307"
"16772","599616170152159616","-991","43","-305"
"16773","599616170157035776","-991","45","-306"
"16774","599616170161911808","-991","47","-305"
"16775","599616170166787968","-990","53","-310"
"16776","599616170171663936","-987","49","-313"
"16777","599616170176541696","-987","48","-313"
"16778","599616170181419520","-987","47","-312"
"16779","599616170186297344","-986","52","-313"
"16780","599616170191175040","-985","49","-315"
"16781","599616170196052864","-984","49","-308"
"16782","599616170200930688","-984","47","-308"
"16783","599616170205808512","-986","53","-305"
"16784","599616170210686208","-986","48","-306"
"16785","599616170215564032","-988","46","-307"
"16786","599616170220441856","-988","45","-309"
"16787","599616170225319680","-988","46","-310"
"16788","599616170230197376","-988","49","-311"
"16789","599616170235075200","-988","42","-309"
"16790","599616170239953024","-988","44","-313"
"16791","599616170244830848","-988","41","-313"
"16792","599616170249708544","-987","40","-310"
"16793","599616170254586368","-986","42","-312"
"16794","599616170259464192","-988","42","-310"
"16795","599616170264342016","-989","45","-309"
"16796","599616170269219712","-989","42","-311"
"16797","599616170274097536","-991","43","-311"
"16798","599616170278975360","-991","48","-315"
"16799","599616170283853184","-991","45","-312"
"16800","599616170288730880","-991","47","-307"
"16801","599616170293608704","-991","50","-304"
"16802","599616170298486528","-990","45","-300"
"16803","599616170303364352","-991","47","-304"
"16804","599616170308242176","-990","46","-306"
"16805","599616170313119872","-991","43","-311"
"16806","599616170317997696","-991","39","-314"
"16807","599616170322875520","-990","36","-311"
"16808","599616170327753344","-990","39","-312"
"16809","599616170332631040","-988","40","-309"
"16810","599616170337508864","-989","41","-309"
"16811","599616170342386688","-989","35","-309"
"16812","599616170347264492","-990","41","-307"
"16813","599616170352141440","-990","36","-303"
"16814","599616170357018368","-990","40","-306"
"16815","599616170361895296","-991","36","-307"
"16816","599616170366772224","-991","37","-304"
"16817","599616170371649280","-991","35","-302"
"16818","599616170376526208","-991","35","-300"
"16819","599616170381403136","-991","32","-298"
"16820","599616170386280064","-991","37","-298"
"16821","599616170391156992","-990","34","-296"
"16822","599616170396033920","-990","38","-287"
"16823","599616170400910848","-990","32","-285"
"16824","599616170405787904","-989","34","-286"
"16825","599616170410664832","-990","35","-285"
"16826","599616170415541760","-991","31","-289"
"16827","599616170420418688","-992","37","-291"
"16828","599616170425295616","-992","33","-295"
"16829","599616170430172544","-993","33","-300"
"16830","599616170435049472","-992","27","-298"
"16831","599616170439926400","-992","31","-300"
"16832","599616170444803456","-992","30","-296"
"16833","599616170449680384","-992","31","-300"
"16834","599616170454557312","-992","30","-297"
"16835","599616170459434240","-991","37","-295"
"16836","599616170464311168","-991","38","-290"
"16837","599616170469188096","-991","38","-282"
"16838","599616170474065024","-991","47","-275"
"16839","599616170478942080","-990","55","-271"
"16840","599616170483819008","-990","55","-269"
"16841","599616170488695936","-990","59","-271"
"16842","599616170493572864","-989","55","-271"
"16843","599616170498449792","-991","53","-275"
"16844","599616170503326720","-992","57","-281"
"16845","599616170508203648","-992","50","-277"
"16846","599616170513080704","-992","44","-279"
"16847","599616170517957632","-992","39","-280"
"16848","599616170522834536","-992","37","-275"
"16849","599616170527710720","-991","35","-275"
"16850","599616170532586880","-992","37","-274"
"16851","599616170537462912","-991","34","-271"
"16852","599616170542339072","-990","36","-269"
"16853","599616170547215104","-991","30","-267"
"16854","599616170552091264","-991","34","-265"
"16855","599616170556967296","-991","35","-263"
"16856","599616170561843456","-992","32","-265"
"16857","599616170566719488","-993","32","-262"
"16858","599616170571595648","-993","30","-262"
"16859","599616170576471680","-993","30","-263"
"16860","599616170581347840","-993","32","-267"
"16861","599616170586223872","-995","30","-268"
"16862","599616170591100032","-994","34","-268"
"16863","599616170595976064","-994","31","-266"
"16864","599616170600852224","-993","35","-266"
"16865","599616170605728256","-993","37","-263"
"16866","599616170610604416","-993","41","-262"
"16867","599616170615480448","-992","36","-261"
"16868","599616170620356608","-992","44","-262"
"16869","599616170625232640","-992","38","-263"
"16870","599616170630108800","-992","43","-264"
"16871","599616170634984960","-991","47","-264"
"16872","599616170639860992","-992","41","-262"
"16873","599616170644737152","-992","41","-262"
"16874","599616170649613184","-993","40","-262"
"16875","599616170654489344","-993","38","-261"
"16876","599616170659365376","-992","37","-261"
"16877","599616170664241536","-992","37","-259"
"16878","599616170669117568","-991","34","-256"
"16879","599616170673993728","-991","38","-256"
"16880","599616170678869760","-992","35","-258"
"16881","599616170683745920","-993","37","-259"
"16882","599616170688621952","-993","31","-259"
"16883","599616170693498112","-994","29","-259"
"16884","599616170698374098","-995","35","-258"
"16885","599616170703252736","-995","33","-260"
"16886","599616170708131328","-992","33","-261"
"16887","599616170713010048","-990","32","-251"
"16888","599616170717888640","-987","34","-248"
"16889","599616170722767360","-987","31","-240"
"16890","599616170727645952","-991","29","-248"
"16891","599616170732524544","-992","31","-249"
"16892","599616170737403264","-992","31","-250"
"16893","599616170742281856","-990","35","-254"
"16894","599616170747160448","-990","33","-260"
"16895","599616170752039168","-991","31","-262"
"16896","599616170756917760","-991","28","-269"
"16897","599616170761796480","-990","27","-272"
"16898","599616170766675072","-990","27","-273"
"16899","599616170771553664","-989","28","-271"
"16900","599616170776432384","-989","27","-265"
"16901","599616170781310976","-989","28","-261"
"16902","599616170786189696","-990","31","-256"
"16903","599616170791068288","-992","37","-253"
"16904","599616170795946880","-992","37","-248"
"16905","599616170800825600","-993","38","-241"
"16906","599616170805704192","-994","38","-239"
"16907","599616170810582784","-998","36","-236"
"16908","599616170815461504","-1002","33","-237"
"16909","599616170820340096","-1008","33","-239"
"16910","599616170825218816","-1011","31","-243"
"16911","599616170830097408","-1012","32","-243"
"16912","599616170834976000","-1011","30","-246"
"16913","599616170839854720","-1011","31","-245"
"16914","599616170844733312","-1008","30","-249"
"16915","599616170849612032","-1007","31","-249"
"16916","599616170854490624","-1001","32","-252"
"16917","599616170859369216","-998","31","-250"
"16918","599616170864247936","-994","34","-251"
"16919","599616170869126528","-994","36","-254"
"16920","599616170874005182","-993","36","-253"
"16921","599616170878882944","-991","35","-255"
"16922","599616170883760768","-992","34","-251"
"16923","599616170888638592","-992","36","-254"
"16924","599616170893516288","-992","33","-251"
"16925","599616170898394112","-991","35","-252"
"16926","599616170903271936","-991","35","-252"
"16927","599616170908149760","-990","36","-252"
"16928","599616170913027456","-991","35","-248"
"16929","599616170917905280","-992","35","-251"
"16930","599616170922783104","-992","33","-249"
"16931","599616170927660928","-992","32","-248"
"16932","599616170932538624","-992","31","-249"
"16933","599616170937416448","-993","30","-245"
"16934","599616170942294272","-993","29","-245"
"16935","599616170947172096","-992","29","-244"
"16936","599616170952049792","-993","27","-239"
"16937","599616170956927616","-993","26","-236"
"16938","599616170961805440","-993","26","-233"
"16939","599616170966683264","-995","24","-241"
"16940","599616170971560960","-997","25","-241"
"16941","599616170976438784","-999","28","-237"
"16942","599616170981316608","-997","30","-244"
"16943","599616170986194432","-997","31","-244"
"16944","599616170991072128","-997","31","-240"
"16945","599616170995949952","-996","35","-241"
"16946","599616171000827776","-996","33","-245"
"16947","599616171005705600","-993","34","-248"
"16948","599616171010583424","-993","30","-243"
"16949","599616171015461120","-993","30","-242"
"16950","599616171020338944","-992","28","-242"
"16951","599616171025216768","-992","25","-242"
"16952","599616171030094592","-992","28","-242"
"16953","599616171034972288","-993","25","-242"
"16954","599616171039850112","-993","27","-241"
"16955","599616171044727936","-993","26","-243"
"16956","599616171049605744","-993","28","-243"
"16957","599616171054481920","-993","26","-243"
"16958","599616171059358080","-992","32","-240"
"16959","599616171064234112","-992","34","-234"
"16960","599616171069110272","-993","37","-232"
"16961","599616171073986304","-993","31","-231"
"16962","599616171078862464","-994","33","-231"
"16963","599616171083738496","-995","35","-228"
"16964","599616171088614656","-994","38","-232"
"16965","599616171093490688","-995","34","-231"
"16966","599616171098366848","-995","36","-229"
"16967","599616171103242880","-994","40","-234"
"16968","599616171108119040","-993","36","-235"
"16969","599616171112995072","-993","36","-238"
"16970","599616171117871232","-993","41","-237"
"16971","599616171122747264","-994","33","-233"
"16972","599616171127623424","-993","34","-234"
"16973","599616171132499456","-993","37","-236"
"16974","599616171137375616","-994","35","-231"
"16975","599616171142251648","-993","37","-233"
"16976","599616171147127808","-993","36","-231"
"16977","599616171152003840","-993","37","-229"
"16978","599616171156880000","-993","33","-232"
"16979","599616171161756032","-993","36","-230"
"16980","599616171166632192","-993","31","-233"
"16981","599616171171508224","-994","32","-235"
"16982","599616171176384384","-994","30","-232"
"16983","599616171181260544","-994","32","-231"
"16984","599616171186136576","-994","31","-236"
"16985","599616171191012736","-994","28","-232"
"16986","599616171195888768","-993","31","-231"
"16987","599616171200764928","-993","33","-228"
"16988","599616171205640960","-993","32","-229"
"16989","599616171210517120","-994","34","-226"
"16990","599616171215393152","-994","38","-227"
"16991","599616171220269312","-994","38","-224"
"16992","599616171225145296","-995","36","-226"
"16993","599616171230023168","-998","35","-223"
"16994","599616171234900992","-996","35","-223"
"16995","599616171239778816","-996","35","-223"
"16996","599616171244656512","-997","34","-224"
"16997","599616171249534336","-999","35","-224"
"16998","599616171254412160","-997","33","-222"
"16999","599616171259289984","-995","28","-218"
"17000","599616171264167680","-994","34","-216"
"17001","599616171269045504","-995","32","-214"
"17002","599616171273923328","-994","36","-216"
"17003","599616171278801152","-994","34","-221"
"17004","599616171283678848","-996","35","-221"
"17005","599616171288556672","-996","32","-221"
"17006","599616171293434496","-995","35","-220"
"17007","599616171298312320","-996","33","-226"
"17008","599616171303190016","-995","40","-223"
"17009","599616171308067840","-994","36","-227"
"17010","599616171312945664","-995","38","-221"
"17011","599616171317823488","-995","33","-217"
"17012","599616171322701184","-994","37","-216"
"17013","599616171327579008","-994","32","-216"
"17014","599616171332456832","-994","40","-209"
"17015","599616171337334656","-993","36","-207"
"17016","599616171342212352","-993","34","-208"
"17017","599616171347090176","-994","32","-202"
"17018","599616171351968000","-993","33","-200"
"17019","599616171356845824","-993","34","-198"
"17020","599616171361723648","-994","32","-201"
"17021","599616171366601344","-995","41","-213"
"17022","599616171371479168","-998","37","-223"
"17023","599616171376356992","-999","34","-215"
"17024","599616171381234816","-1004","30","-230"
"17025","599616171386112512","-1009","31","-236"
"17026","599616171390990336","-1009","33","-249"
"17027","599616171395868160","-1005","30","-250"
"17028","599616171400745852","-993","29","-220"
"17029","599616171405623680","-989","38","-199"
"17030","599616171410501504","-991","32","-190"
"17031","599616171415379328","-992","30","-194"
"17032","599616171420257024","-993","29","-203"
"17033","599616171425134848","-992","28","-211"
"17034","599616171430012672","-991","31","-211"
"17035","599616171434890496","-989","35","-215"
"17036","599616171439768192","-992","35","-222"
"17037","599616171444646016","-995","33","-231"
"17038","599616171449523840","-995","34","-234"
"17039","599616171454401664","-995","32","-234"
"17040","599616171459279360","-993","31","-228"
"17041","599616171464157184","-992","31","-222"
"17042","599616171469035008","-993","30","-215"
"17043","599616171473912832","-993","34","-208"
"17044","599616171478790528","-994","34","-202"
"17045","599616171483668352","-997","29","-203"
"17046","599616171488546176","-999","28","-201"
"17047","599616171493424000","-999","31","-205"
"17048","599616171498301696","-1000","34","-198"
"17049","599616171503179520","-1003","32","-203"
"17050","599616171508057344","-1004","31","-203"
"17051","599616171512935168","-1004","33","-207"
"17052","599616171517812992","-1003","31","-206"
"17053","599616171522690688","-1002","27","-204"
"17054","599616171527568512","-1003","29","-205"
"17055","599616171532446336","-996","30","-205"
"17056","599616171537324160","-996","28","-210"
"17057","599616171542201856","-995","29","-211"
"17058","599616171547079680","-994","29","-216"
"17059","599616171551957504","-995","33","-216"
"17060","599616171556835328","-993","31","-220"
"17061","599616171561713024","-993","31","-219"
"17062","599616171566590848","-994","33","-222"
"17063","599616171571468672","-994","35","-220"
"17064","599616171576346424","-993","35","-220"
"17065","599616171581225856","-991","35","-220"
"17066","599616171586105344","-992","35","-216"
"17067","599616171590984832","-991","34","-214"
"17068","599616171595864320","-992","34","-213"
"17069","599616171600743808","-992","40","-214"
"17070","599616171605623296","-992","38","-217"
"17071","599616171610502784","-993","42","-210"
"17072","599616171615382272","-993","43","-212"
"17073","599616171620261760","-993","41","-216"
"17074","599616171625141248","-993","38","-213"
"17075","599616171630020736","-994","37","-213"
"17076","599616171634900224","-995","40","-210"
"17077","599616171639779712","-994","44","-210"
"17078","599616171644659200","-994","40","-203"
"17079","599616171649538688","-993","34","-198"
"17080","599616171654418176","-995","36","-204"
"17081","599616171659297664","-995","37","-194"
"17082","599616171664177152","-995","41","-200"
"17083","599616171669056640","-997","41","-207"
"17084","599616171673936128","-997","44","-203"
"17085","599616171678815616","-1004","43","-208"
"17086","599616171683695104","-1006","45","-216"
"17087","599616171688574592","-1006","43","-226"
"17088","599616171693454080","-1002","40","-230"
"17089","599616171698333568","-995","32","-228"
"17090","599616171703213056","-992","36","-223"
"17091","599616171708092544","-992","33","-218"
"17092","599616171712972032","-991","34","-213"
"17093","599616171717851520","-992","39","-210"
"17094","599616171722731008","-993","39","-209"
"17095","599616171727610496","-994","37","-205"
"17096","599616171732489984","-994","36","-203"
"17097","599616171737369472","-993","31","-202"
"17098","599616171742248960","-995","40","-202"
"17099","599616171747128448","-994","38","-199"
"17100","599616171752008052","-994","37","-197"
"17101","599616171756887552","-996","35","-201"
"17102","599616171761767040","-996","38","-199"
"17103","599616171766646528","-996","33","-201"
"17104","599616171771526016","-999","31","-202"
"17105","599616171776405504","-998","38","-209"
"17106","599616171781284992","-997","36","-210"
"17107","599616171786164480","-997","33","-212"
"17108","599616171791043968","-995","30","-210"
"17109","599616171795923456","-995","38","-211"
"17110","599616171800802944","-995","35","-215"
"17111","599616171805682432","-994","32","-217"
"17112","599616171810561920","-994","34","-215"
"17113","599616171815441408","-994","33","-217"
"17114","599616171820320896","-994","34","-219"
"17115","599616171825200384","-994","36","-216"
"17116","599616171830079872","-994","32","-215"
"17117","599616171834959360","-994","33","-216"
"17118","599616171839838848","-993","35","-212"
"17119","599616171844718336","-994","38","-213"
"17120","599616171849597824","-995","37","-211"
"17121","599616171854477312","-993","30","-209"
"17122","599616171859356800","-994","29","-209"
"17123","599616171864236288","-994","33","-211"
"17124","599616171869115776","-995","30","-215"
"17125","599616171873995264","-996","31","-216"
"17126","599616171878874752","-995","33","-213"
"17127","599616171883754240","-996","34","-217"
"17128","599616171888633728","-996","34","-216"
"17129","599616171893513216","-998","33","-219"
"17130","599616171898392704","-996","33","-217"
"17131","599616171903272192","-996","34","-214"
"17132","599616171908151680","-996","35","-217"
"17133","599616171913031168","-996","34","-212"
"17134","599616171917910656","-997","36","-212"
"17135","599616171922790144","-996","35","-210"
"17136","599616171927669660","-996","34","-217"
"17137","599616171932547456","-999","31","-216"
"17138","599616171937425280","-997","33","-211"
"17139","599616171942303104","-996","31","-218"
"17140","599616171947180800","-997","31","-213"
"17141","599616171952058624","-998","30","-220"
"17142","599616171956936448","-997","35","-221"
"17143","599616171961814272","-996","33","-220"
"17144","599616171966691968","-996","31","-221"
"17145","599616171971569792","-994","35","-223"
"17146","599616171976447616","-994","32","-221"
"17147","599616171981325440","-994","36","-219"
"17148","599616171986203136","-994","35","-220"
"17149","599616171991080960","-993","38","-223"
"17150","599616171995958784","-993","35","-221"
"17151","599616172000836608","-992","34","-217"
"17152","599616172005714304","-993","36","-215"
"17153","599616172010592128","-993","37","-216"
"17154","599616172015469952","-993","39","-212"
"17155","599616172020347776","-994","37","-210"
"17156","599616172025225472","-993","38","-201"
"17157","599616172030103296","-993","36","-201"
"17158","599616172034981120","-993","40","-195"
"17159","599616172039858944","-993","40","-205"
"17160","599616172044736640","-996","35","-218"
"17161","599616172049614464","-998","37","-228"
"17162","599616172054492288","-999","32","-227"
"17163","599616172059370112","-1001","32","-235"
"17164","599616172064247808","-1011","28","-241"
"17165","599616172069125632","-1013","29","-249"
"17166","599616172074003456","-1005","25","-248"
"17167","599616172078881280","-994","26","-233"
"17168","599616172083759104","-990","32","-201"
"17169","599616172088636800","-983","33","-186"
"17170","599616172093514624","-985","32","-185"
"17171","599616172098392448","-991","34","-198"
"17172","599616172103270212","-993","35","-211"
"17173","599616172108147200","-992","40","-219"
"17174","599616172113024128","-994","37","-226"
"17175","599616172117901056","-995","37","-234"
"17176","599616172122777984","-999","36","-246"
"17177","599616172127655040","-1001","35","-250"
"17178","599616172132531968","-996","36","-251"
"17179","599616172137408896","-994","33","-249"
"17180","599616172142285824","-992","38","-244"
"17181","599616172147162752","-992","38","-232"
"17182","599616172152039680","-991","37","-223"
"17183","599616172156916608","-992","35","-214"
"17184","599616172161793664","-992","39","-215"
"17185","599616172166670592","-994","37","-212"
"17186","599616172171547520","-996","33","-218"
"17187","599616172176424448","-999","38","-222"
"17188","599616172181301376","-1000","34","-231"
"17189","599616172186178304","-1004","37","-231"
"17190","599616172191055232","-1003","32","-224"
"17191","599616172195932160","-1006","38","-222"
"17192","599616172200809216","-1002","33","-220"
"17193","599616172205686144","-1000","34","-223"
"17194","599616172210563072","-998","31","-225"
"17195","599616172215440000","-997","33","-230"
"17196","599616172220316928","-995","40","-229"
"17197","599616172225193856","-994","36","-230"
"17198","599616172230070784","-994","35","-233"
"17199","599616172234947840","-993","42","-233"
"17200","599616172239824768","-992","39","-232"
"17201","599616172244701696","-993","38","-232"
"17202","599616172249578624","-992","42","-232"
"17203","599616172254455552","-993","43","-232"
"17204","599616172259332480","-992","38","-233"
"17205","599616172264209408","-993","44","-234"
"17206","599616172269086464","-993","35","-233"
"17207","599616172273963392","-993","39","-237"
"17208","599616172278840256","-992","40","-236"
"17209","599616172283719808","-993","41","-237"
"17210","599616172288599296","-993","41","-235"
"17211","599616172293478784","-992","39","-233"
"17212","599616172298358272","-993","38","-235"
"17213","599616172303237760","-992","36","-238"
"17214","599616172308117248","-992","39","-234"
"17215","599616172312996736","-992","38","-234"
"17216","599616172317876224","-992","40","-237"
"17217","599616172322755712","-991","43","-238"
"17218","599616172327635200","-991","37","-235"
"17219","599616172332514688","-992","38","-239"
"17220","599616172337394176","-993","37","-244"
"17221","599616172342273664","-994","35","-240"
"17222","599616172347153152","-995","36","-238"
"17223","599616172352032640","-994","39","-235"
"17224","599616172356912128","-995","43","-238"
"17225","599616172361791616","-995","41","-234"
"17226","599616172366671104","-1002","39","-238"
"17227","599616172371550592","-1001","37","-248"
"17228","599616172376430080","-999","35","-252"
"17229","599616172381309568","-997","31","-252"
"17230","599616172386189056","-993","29","-250"
"17231","599616172391068544","-993","30","-248"
"17232","599616172395948032","-992","30","-245"
"17233","599616172400827520","-992","32","-245"
"17234","599616172405707008","-992","32","-245"
"17235","599616172410586496","-993","33","-241"
"17236","599616172415465984","-993","30","-240"
"17237","599616172420345472","-993","34","-245"
"17238","599616172425224960","-993","29","-246"
"17239","599616172430104448","-993","32","-244"
"17240","599616172434983936","-992","30","-241"
"17241","599616172439863424","-993","33","-235"
"17242","599616172444743040","-993","37","-240"
"17243","599616172449622528","-992","35","-245"
"17244","599616172454501894","-992","38","-244"
"17245","599616172459378816","-993","34","-247"
"17246","599616172464255744","-993","35","-249"
"17247","599616172469132672","-994","31","-251"
"17248","599616172474009600","-992","37","-255"
"17249","599616172478886656","-993","39","-257"
"17250","599616172483763584","-994","39","-259"
"17251","599616172488640512","-993","44","-259"
"17252","599616172493517440","-993","39","-259"
"17253","599616172498394368","-993","41","-257"
"17254","599616172503271296","-994","41","-257"
"17255","599616172508148224","-993","38","-258"
"17256","599616172513025152","-993","42","-255"
"17257","599616172517902208","-993","38","-256"
"17258","599616172522779136","-992","40","-257"
"17259","599616172527656064","-992","34","-258"
"17260","599616172532532992","-992","34","-259"
"17261","599616172537409920","-992","39","-259"
"17262","599616172542286848","-992","35","-262"
"17263","599616172547163776","-992","34","-265"
"17264","599616172552040832","-993","36","-268"
"17265","599616172556917760","-993","37","-269"
"17266","599616172561794688","-992","41","-270"
"17267","599616172566671616","-993","37","-273"
"17268","599616172571548544","-992","35","-274"
"17269","599616172576425472","-992","39","-274"
"17270","599616172581302400","-992","39","-274"
"17271","599616172586179328","-992","36","-271"
"17272","599616172591056384","-992","38","-272"
"17273","599616172595933312","-992","33","-272"
"17274","599616172600810240","-991","34","-268"
"17275","599616172605687168","-991","37","-268"
"17276","599616172610564096","-991","38","-270"
"17277","599616172615441024","-992","30","-272"
"17278","599616172620317952","-992","34","-279"
"17279","599616172625195008","-992","34","-276"
"17280","599616172630071918","-992","34","-276"
"17281","599616172634945536","-992","33","-279"
"17282","599616172639819136","-992","33","-281"
"17283","599616172644692608","-992","28","-283"
"17284","599616172649566208","-992","28","-292"
"17285","599616172654439808","-992","27","-295"
"17286","599616172659313280","-992","23","-289"
"17287","599616172664186880","-992","24","-283"
"17288","599616172669060480","-992","21","-281"
"17289","599616172673933952","-992","20","-280"
"17290","599616172678807552","-991","20","-282"
"17291","599616172683681152","-991","20","-283"
"17292","599616172688554624","-992","19","-280"
"17293","599616172693428224","-991","18","-281"
"17294","599616172698301824","-992","19","-287"
"17295","599616172703175296","-993","18","-291"
"17296","599616172708048896","-993","16","-288"
"17297","599616172712922368","-994","15","-298"
"17298","599616172717795968","-994","16","-293"
"17299","599616172722669568","-995","18","-297"
"17300","599616172727543040","-994","17","-287"
"17301","599616172732416640","-994","20","-282"
"17302","599616172737290240","-994","23","-278"
"17303","599616172742163712","-993","25","-274"
"17304","599616172747037312","-993","34","-270"
"17305","599616172751910912","-994","35","-279"
"17306","599616172756784384","-995","37","-289"
"17307","599616172761657984","-994","41","-295"
"17308","599616172766531584","-993","38","-293"
"17309","599616172771405056","-992","45","-301"
"17310","599616172776278656","-991","49","-311"
"17311","599616172781152256","-990","48","-327"
"17312","599616172786025728","-984","49","-319"
"17313","599616172790899328","-973","50","-287"
"17314","599616172795772928","-966","41","-271"
"17315","599616172800646400","-974","44","-269"
"17316","599616172805519932","-986","46","-276"
"17317","599616172810396032","-988","52","-281"
"17318","599616172815272192","-989","58","-296"
"17319","599616172820148224","-988","63","-305"
"17320","599616172825024384","-987","69","-305"
"17321","599616172829900416","-988","68","-311"
"17322","599616172834776576","-986","69","-312"
"17323","599616172839652608","-986","63","-314"
"17324","599616172844528768","-984","67","-315"
"17325","599616172849404800","-980","64","-309"
"17326","599616172854280960","-978","68","-306"
"17327","599616172859156992","-976","65","-299"
"17328","599616172864033152","-974","61","-295"
"17329","599616172868909184","-976","64","-289"
"17330","599616172873785344","-976","64","-281"
"17331","599616172878661376","-979","60","-284"
"17332","599616172883537536","-986","53","-287"
"17333","599616172888413568","-990","53","-286"
"17334","599616172893289728","-991","40","-289"
"17335","599616172898165760","-992","36","-294"
"17336","599616172903041920","-992","32","-298"
"17337","599616172907917952","-992","31","-297"
"17338","599616172912794112","-992","28","-302"
"17339","599616172917670144","-992","26","-298"
"17340","599616172922546304","-991","31","-297"
"17341","599616172927422336","-991","29","-297"
"17342","599616172932298496","-990","28","-298"
"17343","599616172937174528","-991","31","-302"
"17344","599616172942050688","-990","30","-304"
"17345","599616172946926720","-990","29","-304"
"17346","599616172951802880","-990","32","-305"
"17347","599616172956678912","-989","29","-309"
"17348","599616172961555072","-988","30","-304"
"17349","599616172966431232","-989","28","-303"
"17350","599616172971307264","-988","33","-300"
"17351","599616172976183424","-989","34","-302"
"17352","599616172981059462","-990","30","-303"
"17353","599616172985933824","-987","29","-306"
"17354","599616172990808192","-988","31","-307"
"17355","599616172995682688","-988","26","-301"
"17356","599616173000557056","-988","31","-304"
"17357","599616173005431424","-989","31","-300"
"17358","599616173010305792","-988","30","-301"
"17359","599616173015180288","-989","29","-302"
"17360","599616173020054656","-988","30","-301"
"17361","599616173024929024","-989","36","-298"
"17362","599616173029803392","-989","35","-298"
"17363","599616173034677888","-990","39","-305"
"17364","599616173039552256","-989","36","-299"
"17365","599616173044426624","-990","39","-295"
"17366","599616173049300992","-990","39","-296"
"17367","599616173054175488","-992","39","-301"
"17368","599616173059049856","-992","34","-308"
"17369","599616173063924224","-992","40","-308"
"17370","599616173068798720","-991","40","-311"
"17371","599616173073673088","-991","40","-302"
"17372","599616173078547456","-989","44","-299"
"17373","599616173083421824","-990","42","-296"
"17374","599616173088296320","-990","45","-298"
"17375","599616173093170688","-991","44","-303"
"17376","599616173098045056","-990","40","-303"
"17377","599616173102919424","-991","41","-308"
"17378","599616173107793920","-990","39","-306"
"17379","599616173112668288","-991","38","-304"
"17380","599616173117542656","-990","41","-305"
"17381","599616173122417024","-991","39","-306"
"17382","599616173127291520","-991","37","-311"
"17383","599616173132165888","-991","40","-309"
"17384","599616173137040256","-991","42","-309"
"17385","599616173141914752","-990","38","-310"
"17386","599616173146789120","-989","41","-306"
"17387","599616173151663488","-990","40","-307"
"17388","599616173156537942","-989","39","-304"
"17389","599616173161413248","-987","43","-308"
"17390","599616173166288512","-990","38","-310"
"17391","599616173171163776","-990","36","-307"
"17392","599616173176039040","-988","38","-313"
"17393","599616173180914304","-990","36","-315"
"17394","599616173185789440","-989","40","-314"
"17395","599616173190664704","-990","38","-313"
"17396","599616173195539968","-990","39","-312"
"17397","599616173200415232","-989","41","-315"
"17398","599616173205290496","-989","40","-315"
"17399","599616173210165760","-990","45","-311"
"17400","599616173215041024","-991","41","-313"
"17401","599616173219916288","-991","41","-317"
"17402","599616173224791552","-990","42","-322"
"17403","599616173229666816","-990","41","-323"
"17404","599616173234541952","-988","39","-322"
"17405","599616173239417216","-988","39","-321"
"17406","599616173244292480","-982","39","-318"
"17407","599616173249167744","-982","34","-316"
"17408","599616173254043008","-981","34","-316"
"17409","599616173258918272","-982","37","-317"
"17410","599616173263793536","-983","36","-319"
"17411","599616173268668800","-985","33","-320"
"17412","599616173273544064","-984","34","-322"
"17413","599616173278419328","-988","33","-321"
"17414","599616173283294464","-987","37","-320"
"17415","599616173288169728","-986","32","-322"
"17416","599616173293044992","-987","35","-320"
"17417","599616173297920256","-989","30","-323"
"17418","599616173302795520","-990","26","-326"
"17419","599616173307670784","-990","32","-326"
"17420","599616173312546048","-990","32","-330"
"17421","599616173317421312","-989","31","-327"
"17422","599616173322296576","-989","32","-324"
"17423","599616173327171712","-988","33","-327"
"17424","599616173332046970","-986","35","-328"
"17425","599616173336918016","-981","37","-330"
"17426","599616173341789056","-986","35","-323"
"17427","599616173346660096","-988","34","-325"
"17428","599616173351531008","-988","34","-327"
"17429","599616173356402048","-987","36","-321"
"17430","599616173361273088","-987","37","-325"
"17431","599616173366144128","-987","37","-323"
"17432","599616173371015040","-987","38","-328"
"17433","599616173375886080","-988","40","-322"
"17434","599616173380757120","-987","36","-327"
"17435","599616173385628160","-988","37","-324"
"17436","599616173390499200","-988","36","-329"
"17437","599616173395370112","-986","36","-326"
"17438","599616173400241152","-986","33","-327"
"17439","599616173405112192","-987","33","-329"
"17440","599616173409983232","-988","40","-334"
"17441","599616173414854144","-989","37","-335"
"17442","599616173419725184","-989","39","-330"
"17443","599616173424596224","-988","42","-333"
"17444","599616173429467264","-987","46","-329"
"17445","599616173434338304","-988","43","-327"
"17446","599616173439209216","-988","45","-329"
"17447","599616173444080256","-988","46","-327"
"17448","599616173448951296","-988","44","-327"
"17449","599616173453822336","-989","41","-326"
"17450","599616173458693248","-986","46","-319"
"17451","599616173463564288","-982","45","-315"
"17452","599616173468435328","-984","49","-314"
"17453","599616173473306368","-985","43","-320"
"17454","599616173478177408","-989","43","-335"
"17455","599616173483048320","-990","42","-331"
"17456","599616173487919360","-989","42","-337"
"17457","599616173492790400","-990","46","-344"
"17458","599616173497661440","-990","41","-353"
"17459","599616173502532352","-989","45","-345"
"17460","599616173507403384","-975","41","-321"
"17461","599616173512281216","-974","39","-308"
"17462","599616173517159040","-981","34","-294"
"17463","599616173522036864","-990","37","-303"
"17464","599616173526914560","-992","38","-320"
"17465","599616173531792384","-990","38","-314"
"17466","599616173536670208","-987","43","-320"
"17467","599616173541548032","-987","42","-332"
"17468","599616173546425728","-987","47","-340"
"17469","599616173551303552","-989","44","-348"
"17470","599616173556181376","-987","48","-352"
"17471","599616173561059200","-985","45","-349"
"17472","599616173565936896","-984","42","-347"
"17473","599616173570814720","-980","42","-345"
"17474","599616173575692544","-980","39","-335"
"17475","599616173580570368","-982","41","-334"
"17476","599616173585448064","-980","43","-329"
"17477","599616173590325888","-987","44","-330"
"17478","599616173595203712","-988","41","-321"
"17479","599616173600081536","-989","37","-319"
"17480","599616173604959360","-989","36","-324"
"17481","599616173609837056","-990","37","-324"
"17482","599616173614714880","-992","35","-322"
"17483","599616173619592704","-992","35","-322"
"17484","599616173624470528","-991","33","-327"
"17485","599616173629348224","-991","35","-326"
"17486","599616173634226048","-991","30","-321"
"17487","599616173639103872","-991","35","-322"
"17488","599616173643981696","-990","37","-318"
"17489","599616173648859392","-990","40","-318"
"17490","599616173653737216","-991","41","-321"
"17491","599616173658615040","-991","36","-328"
"17492","599616173663492864","-989","42","-326"
"17493","599616173668370560","-990","44","-330"
"17494","599616173673248384","-988","44","-335"
"17495","599616173678126208","-985","47","-340"
"17496","599616173683003964","-986","45","-337"
"17497","599616173687880832","-982","44","-332"
"17498","599616173692757760","-981","44","-329"
"17499","599616173697634688","-979","42","-327"
"17500","599616173702511616","-978","40","-324"
"17501","599616173707388672","-980","39","-323"
"17502","599616173712265600","-982","42","-322"
"17503","599616173717142528","-982","41","-321"
"17504","599616173722019456","-986","45","-322"
"17505","599616173726896384","-986","41","-320"
"17506","599616173731773312","-989","45","-319"
"17507","599616173736650240","-989","42","-323"
"17508","599616173741527296","-990","44","-324"
"17509","599616173746404224","-990","45","-327"
"17510","599616173751281152","-989","50","-322"
"17511","599616173756158080","-988","41","-323"
"17512","599616173761035008","-987","41","-320"
"17513","599616173765911936","-986","41","-315"
"17514","599616173770788864","-986","33","-325"
"17515","599616173775665792","-990","38","-334"
"17516","599616173780542848","-990","35","-348"
"17517","599616173785419776","-988","36","-336"
"17518","599616173790296704","-983","36","-332"
"17519","599616173795173632","-984","35","-323"
"17520","599616173800050560","-985","34","-316"
"17521","599616173804927488","-985","34","-322"
"17522","599616173809804416","-988","36","-324"
"17523","599616173814681472","-988","35","-330"
"17524","599616173819558400","-989","32","-335"
"17525","599616173824435328","-986","32","-333"
"17526","599616173829312256","-985","29","-334"
"17527","599616173834189184","-984","29","-331"
"17528","599616173839066112","-982","27","-325"
"17529","599616173843943040","-984","31","-330"
"17530","599616173848820096","-985","28","-332"
"17531","599616173853697024","-987","29","-332"
"17532","599616173858574008","-988","31","-329"
"17533","599616173863448320","-988","30","-328"
"17534","599616173868322688","-987","35","-322"
"17535","599616173873197184","-989","34","-318"
"17536","599616173878071552","-988","36","-324"
"17537","599616173882945920","-990","36","-321"
"17538","599616173887820288","-990","31","-314"
"17539","599616173892694784","-987","36","-312"
"17540","599616173897569152","-988","40","-314"
"17541","599616173902443520","-988","40","-314"
"17542","599616173907317888","-990","39","-320"
"17543","599616173912192384","-991","41","-322"
"17544","599616173917066752","-992","39","-327"
"17545","599616173921941120","-991","40","-326"
"17546","599616173926815616","-991","40","-329"
"17547","599616173931689984","-990","40","-326"
"17548","599616173936564352","-989","44","-325"
"17549","599616173941438720","-988","46","-322"
"17550","599616173946313216","-989","48","-317"
"17551","599616173951187584","-989","43","-315"
"17552","599616173956061952","-989","42","-313"
"17553","599616173960936320","-991","42","-311"
"17554","599616173965810816","-990","41","-311"
"17555","599616173970685184","-992","42","-310"
"17556","599616173975559552","-991","33","-313"
"17557","599616173980434048","-992","36","-317"
"17558","599616173985308416","-992","34","-312"
"17559","599616173990182784","-992","33","-311"
"17560","599616173995057152","-992","31","-311"
"17561","599616173999931648","-992","27","-307"
"17562","599616174004806016","-991","31","-306"
"17563","599616174009680384","-990","33","-306"
"17564","599616174014554752","-990","35","-302"
"17565","599616174019429248","-991","35","-302"
"17566","599616174024303616","-988","34","-302"
"17567","599616174029177984","-985","35","-307"
"17568","599616174034052514","-982","37","-307"
"17569","599616174038924288","-986","37","-314"
"17570","599616174043796096","-989","37","-318"
"17571","599616174048668032","-989","40","-319"
"17572","599616174053539840","-990","35","-314"
"17573","599616174058411776","-990","33","-311"
"17574","599616174063283584","-990","30","-307"
"17575","599616174068155392","-991","33","-309"
"17576","599616174073027328","-989","36","-302"
"17577","599616174077899136","-990","38","-301"
"17578","599616174082771072","-988","36","-295"
"17579","599616174087642880","-989","34","-295"
"17580","599616174092514688","-989","36","-290"
"17581","599616174097386624","-989","36","-289"
"17582","599616174102258432","-989","35","-292"
"17583","599616174107130368","-990","34","-290"
"17584","599616174112002176","-991","33","-297"
"17585","599616174116873984","-991","36","-295"
"17586","599616174121745920","-992","37","-299"
"17587","599616174126617728","-992","36","-301"
"17588","599616174131489664","-992","35","-296"
"17589","599616174136361472","-991","33","-295"
"17590","599616174141233280","-992","35","-292"
"17591","599616174146105216","-991","37","-288"
"17592","599616174150977024","-991","38","-283"
"17593","599616174155848960","-989","40","-281"
"17594","599616174160720768","-988","40","-282"
"17595","599616174165592704","-990","41","-284"
"17596","599616174170464512","-989","40","-287"
"17597","599616174175336320","-990","35","-287"
"17598","599616174180208256","-991","38","-287"
"17599","599616174185080064","-991","41","-288"
"17600","599616174189952000","-991","35","-281"
"17601","599616174194823808","-991","39","-277"
"17602","599616174199695616","-990","35","-271"
"17603","599616174204567552","-987","33","-273"
"17604","599616174209439466","-988","39","-276"
