"sample_id","device_timestamp_ns","voltage_uV"
"804","599616093722211968","-149"
"805","599616093729904256","-137"
"806","599616093737596544","-53"
"807","599616093745288832","26"
"808","599616093752981248","67"
"809","599616093760673536","91"
"810","599616093768365824","57"
"811","599616093776058112","-16"
"812","599616093783750400","-33"
"813","599616093791442688","-4"
"814","599616093799135104","-33"
"815","599616093806827392","-84"
"816","599616093814519680","-67"
"817","599616093822211968","-72"
"818","599616093829904256","-142"
"819","599616093837596544","-178"
"820","599616093845288832","-180"
"821","599616093852981248","-176"
"822","599616093860673536","-180"
"823","599616093868365824","-214"
"824","599616093876058112","-231"
"825","599616093883750400","-226"
"826","599616093891442688","-287"
"827","599616093899135104","-371"
"828","599616093906827392","-304"
"829","599616093914519680","-50"
"830","599616093922211968","265"
"831","599616093929904256","398"
"832","599616093937596544","74"
"833","599616093945288832","-383"
"834","599616093952981248","-477"
"835","599616093960673536","-402"
"836","599616093968365824","-388"
"837","599616093976058112","-354"
"838","599616093983750400","-316"
"839","599616093991442688","-306"
"840","599616093999135104","-301"
"841","599616094006827392","-296"
"842","599616094014519680","-277"
"843","599616094022211968","-253"
"844","599616094029904256","-246"
"845","599616094037596544","-219"
"846","599616094045288832","-188"
"847","599616094052981248","-221"
"848","599616094060673536","-258"
"849","599616094068365824","-234"
"850","599616094076058112","-212"
"851","599616094083750400","-171"
"852","599616094091442688","-82"
"853","599616094099135104","-79"
"854","599616094106827392","-147"
"855","599616094114519680","-96"
"856","599616094122211968","0"
"857","599616094129904256","16"
"858","599616094137596544","28"
"859","599616094145288832","69"
"860","599616094152981248","94"
"861","599616094160673536","144"
"862","599616094168365824","221"
"863","599616094176058112","212"
"864","599616094183750400","132"
"865","599616094191442688","72"
"866","599616094199135104","28"
"867","599616094206827392","-21"
"868","599616094214519680","-82"
"869","599616094222211968","-135"
"870","599616094229904256","-164"
"871","599616094237596544","-173"
"872","599616094245288832","-180"
"873","599616094252981248","-193"
"874","599616094260673536","-197"
"875","599616094268365824","-188"
"876","599616094276058096","-202"
"877","599616094283751680","-217"
"878","599616094291445248","-212"
"879","599616094299138688","-226"
"880","599616094306832256","-250"
"881","599616094314525824","-270"
"882","599616094322219392","-284"
"883","599616094329912832","-267"
"884","599616094337606400","-246"
"885","599616094345299968","-250"
"886","599616094352993408","-250"
"887","599616094360686976","-250"
"888","599616094368380544","-275"
"889","599616094376074112","-304"
"890","599616094383767552","-318"
"891","599616094391461120","-304"
"892","599616094399154688","-267"
"893","599616094406848256","-255"
"894","599616094414541696","-260"
"895","599616094422235264","-263"
"896","599616094429928832","-299"
"897","599616094437622272","-342"
"898","599616094445315840","-255"
"899","599616094453009408","-9"
"900","599616094460702976","284"
"901","599616094468396416","419"
"902","599616094476089984","168"
"903","599616094483783552","-224"
"904","599616094491476992","-330"
"905","599616094499170560","-267"
"906","599616094506864128","-255"
"907","599616094514557696","-246"
"908","599616094522251136","-238"
"909","599616094529944704","-236"
"910","599616094537638272","-209"
"911","599616094545331712","-159"
"912","599616094553025280","-118"
"913","599616094560718848","-106"
"914","599616094568412416","-82"
"915","599616094576105856","-14"
"916","599616094583799424","89"
"917","599616094591492992","197"
"918","599616094599186432","236"
"919","599616094606880000","258"
"920","599616094614573568","299"
"921","599616094622267136","248"
"922","599616094629960576","161"
"923","599616094637654144","168"
"924","599616094645347712","176"
"925","599616094653041280","132"
"926","599616094660734720","110"
"927","599616094668428288","84"
"928","599616094676121856","67"
"929","599616094683815296","91"
"930","599616094691508864","72"
"931","599616094699202432","33"
"932","599616094706896000","24"
"933","599616094714589440","-12"
"934","599616094722283008","-62"
"935","599616094729976576","-101"
"936","599616094737670016","-159"
"937","599616094745363584","-190"
"938","599616094753057152","-166"
"939","599616094760750720","-166"
"940","599616094768444160","-183"
"941","599616094776137728","-171"
"942","599616094783831296","-185"
"943","599616094791524736","-217"
"944","599616094799218304","-207"
"945","599616094806911872","-185"
"946","599616094814605440","-200"
"947","599616094822298880","-212"
"948","599616094829992448","-197"
"949","599616094837685936","-183"
"950","599616094845379456","-180"
"951","599616094853073024","-200"
"952","599616094860766464","-209"
"953","599616094868460032","-161"
"954","599616094876153600","-110"
"955","599616094883847168","-144"
"956","599616094891540608","-212"
"957","599616094899234176","-202"
"958","599616094906927744","-156"
"959","599616094914621184","-171"
"960","599616094922314752","-207"
"961","599616094930008320","-200"
"962","599616094937701888","-214"
"963","599616094945395328","-219"
"964","599616094953088896","-193"
"965","599616094960782464","-229"
"966","599616094968476032","-260"
"967","599616094976169472","-253"
"968","599616094983863040","-234"
"969","599616094991556608","50"
"970","599616094999250048","620"
"971","599616095006943616","866"
"972","599616095014637184","528"
"973","599616095022330752","154"
"974","599616095030024192","12"
"975","599616095037717760","-77"
"976","599616095045411328","-137"
"977","599616095053104768","-173"
"978","599616095060798336","-209"
"979","599616095068491904","-197"
"980","599616095076185472","-180"
"981","599616095083878912","-180"
"982","599616095091572480","-166"
"983","599616095099266048","-176"
"984","599616095106959488","-195"
"985","599616095114653056","-166"
"986","599616095122346624","-149"
"987","599616095130040192","-171"
"988","599616095137733632","-154"
"989","599616095145427200","-123"
"990","599616095153120768","-115"
"991","599616095160814208","-103"
"992","599616095168507776","-79"
"993","599616095176201344","-57"
"994","599616095183894912","-53"
"995","599616095191588352","-48"
"996","599616095199281920","-36"
"997","599616095206975488","-28"
"998","599616095214669056","-31"
"999","599616095222362496","-36"
"1000","599616095230056064","-26"
"1001","599616095237749632","-21"
"1002","599616095245443072","-62"
"1003","599616095253136640","-103"
"1004","599616095260830208","-132"
"1005","599616095268523776","-190"
"1006","599616095276217216","-217"
"1007","599616095283910784","-219"
"1008","599616095291604352","-277"
"1009","599616095299297792","-279"
"1010","599616095306991360","-219"
"1011","599616095314684928","-246"
"1012","599616095322378496","-284"
"1013","599616095330071936","-246"
"1014","599616095337765504","-246"
"1015","599616095345459072","-272"
"1016","599616095353152512","-219"
"1017","599616095360846080","-154"
"1018","599616095368539648","-185"
"1019","599616095376233216","-214"
"1020","599616095383926656","-135"
"1021","599616095391620224","-60"
"1022","599616095399313776","-67"
"1023","599616095407007488","-65"
"1024","599616095414701184","9"
"1025","599616095422394880","123"
"1026","599616095430088448","154"
"1027","599616095437782144","74"
"1028","599616095445475840","4"
"1029","599616095453169536","-33"
"1030","599616095460863232","-89"
"1031","599616095468556800","-113"
"1032","599616095476250496","-113"
"1033","599616095483944192","-137"
"1034","599616095491637888","-154"
"1035","599616095499331584","-173"
"1036","599616095507025280","-226"
"1037","599616095514718848","-234"
"1038","599616095522412544","-115"
"1039","599616095530106240","142"
"1040","599616095537799936","427"
"1041","599616095545493632","419"
"1042","599616095553187200","36"
"1043","599616095560880896","-263"
"1044","599616095568574592","-277"
"1045","599616095576268288","-287"
"1046","599616095583961984","-323"
"1047","599616095591655552","-291"
"1048","599616095599349248","-272"
"1049","599616095607042944","-287"
"1050","599616095614736640","-284"
"1051","599616095622430336","-277"
"1052","599616095630123904","-279"
"1053","599616095637817600","-270"
"1054","599616095645511296","-258"
"1055","599616095653204992","-243"
"1056","599616095660898688","-217"
"1057","599616095668592256","-185"
"1058","599616095676285952","-161"
"1059","599616095683979648","-152"
"1060","599616095691673344","-142"
"1061","599616095699367040","-149"
"1062","599616095707060736","-142"
"1063","599616095714754304","-69"
"1064","599616095722448000","-45"
"1065","599616095730141696","-123"
"1066","599616095737835392","-135"
"1067","599616095745529088","-43"
"1068","599616095753222656","-9"
"1069","599616095760916352","-62"
"1070","599616095768610048","-60"
"1071","599616095776303744","-12"
"1072","599616095783997440","-43"
"1073","599616095791691008","-86"
"1074","599616095799384704","-96"
"1075","599616095807078400","-106"
"1076","599616095814772096","-98"
"1077","599616095822465792","-98"
"1078","599616095830159360","-98"
"1079","599616095837853056","-19"
"1080","599616095845546752","132"
"1081","599616095853240448","250"
"1082","599616095860934144","246"
"1083","599616095868627712","152"
"1084","599616095876321408","57"
"1085","599616095884015104","21"
"1086","599616095891708800","-7"
"1087","599616095899402496","-74"
"1088","599616095907096192","-108"
"1089","599616095914789760","-84"
"1090","599616095922483456","-79"
"1091","599616095930177152","-110"
"1092","599616095937870848","-113"
"1093","599616095945564544","-86"
"1094","599616095953258112","-86"
"1095","599616095960951790","-110"
"1096","599616095968645248","-120"
"1097","599616095976338688","-103"
"1098","599616095984032128","-110"
"1099","599616095991725696","-144"
"1100","599616095999419136","-149"
"1101","599616096007112576","-135"
"1102","599616096014806016","-139"
"1103","599616096022499456","-156"
"1104","599616096030192896","-188"
"1105","599616096037886464","-238"
"1106","599616096045579904","-287"
"1107","599616096053273344","-231"
"1108","599616096060966784","7"
"1109","599616096068660224","369"
"1110","599616096076353664","567"
"1111","599616096084047232","296"
"1112","599616096091740672","-159"
"1113","599616096099434112","-308"
"1114","599616096107127552","-250"
"1115","599616096114820992","-238"
"1116","599616096122514432","-236"
"1117","599616096130208000","-231"
"1118","599616096137901440","-238"
"1119","599616096145594880","-205"
"1120","599616096153288320","-176"
"1121","599616096160981760","-207"
"1122","599616096168675328","-224"
"1123","599616096176368768","-178"
"1124","599616096184062208","-147"
"1125","599616096191755648","-154"
"1126","599616096199449088","-149"
"1127","599616096207142528","-127"
"1128","599616096214836096","-106"
"1129","599616096222529536","-62"
"1130","599616096230222976","-33"
"1131","599616096237916416","-28"
"1132","599616096245609856","-4"
"1133","599616096253303296","36"
"1134","599616096260996864","50"
"1135","599616096268690304","96"
"1136","599616096276383744","209"
"1137","599616096284077184","260"
"1138","599616096291770624","202"
"1139","599616096299464192","135"
"1140","599616096307157632","91"
"1141","599616096314851072","33"
"1142","599616096322544512","-38"
"1143","599616096330237952","-113"
"1144","599616096337931392","-149"
"1145","599616096345624960","-152"
"1146","599616096353318400","-193"
"1147","599616096361011840","-234"
"1148","599616096368705280","-219"
"1149","599616096376398720","-209"
"1150","599616096384092160","-226"
"1151","599616096391785728","-229"
"1152","599616096399479168","-229"
"1153","599616096407172608","-241"
"1154","599616096414866048","-243"
"1155","599616096422559488","-238"
"1156","599616096430252928","-219"
"1157","599616096437946496","-212"
"1158","599616096445639936","-231"
"1159","599616096453333376","-246"
"1160","599616096461026816","-238"
"1161","599616096468720256","-226"
"1162","599616096476413824","-183"
"1163","599616096484107264","-142"
"1164","599616096491800704","-154"
"1165","599616096499494144","-173"
"1166","599616096507187584","-171"
"1167","599616096514881024","-178"
"1168","599616096522574544","-200"
"1169","599616096530268032","-205"
"1170","599616096537961472","-180"
"1171","599616096545654912","-166"
"1172","599616096553348480","-180"
"1173","599616096561041920","-183"
"1174","599616096568735360","-209"
"1175","599616096576428800","-275"
"1176","599616096584122240","-284"
"1177","599616096591815680","-96"
"1178","599616096599509248","294"
"1179","599616096607202688","562"
"1180","599616096614896128","383"
"1181","599616096622589568","-9"
"1182","599616096630283008","-202"
"1183","599616096637976448","-263"
"1184","599616096645670016","-255"
"1185","599616096653363456","-139"
"1186","599616096661056896","-115"
"1187","599616096668750336","-154"
"1188","599616096676443776","-57"
"1189","599616096684137216","94"
"1190","599616096691830784","166"
"1191","599616096699524224","139"
"1192","599616096707217664","110"
"1193","599616096714911104","154"
"1194","599616096722604544","159"
"1195","599616096730298112","67"
"1196","599616096737991552","0"
"1197","599616096745684992","-12"
"1198","599616096753378432","-4"
"1199","599616096761071872","4"
"1200","599616096768765312","16"
"1201","599616096776458880","43"
"1202","599616096784152320","41"
"1203","599616096791845760","24"
"1204","599616096799539200","21"
"1205","599616096807232640","24"
"1206","599616096814926080","24"
"1207","599616096822619648","21"
"1208","599616096830313088","19"
"1209","599616096838006528","24"
"1210","599616096845699968","-7"
"1211","599616096853393408","-53"
"1212","599616096861086976","-67"
"1213","599616096868780416","-89"
"1214","599616096876473856","-130"
"1215","599616096884167296","-166"
"1216","599616096891860736","-202"
"1217","599616096899554176","-221"
"1218","599616096907247744","-214"
"1219","599616096914941184","-224"
"1220","599616096922634624","-226"
"1221","599616096930328064","-212"
"1222","599616096938021504","-229"
"1223","599616096945714944","-255"
"1224","599616096953408512","-250"
"1225","599616096961101952","-214"
"1226","599616096968795392","-193"
"1227","599616096976488832","-207"
"1228","599616096984182272","-236"
"1229","599616096991875712","-231"
"1230","599616096999569280","-178"
"1231","599616097007262720","-156"
"1232","599616097014956160","-178"
"1233","599616097022649600","-147"
"1234","599616097030343040","-118"
"1235","599616097038036608","-137"
"1236","599616097045730048","-115"
"1237","599616097053423488","-84"
"1238","599616097061116928","-118"
"1239","599616097068810368","-130"
"1240","599616097076503808","-89"
"1241","599616097084197298","-55"
"1242","599616097091890816","9"
"1243","599616097099584384","67"
"1244","599616097107277824","-2"
"1245","599616097114971392","-4"
"1246","599616097122664960","275"
"1247","599616097130358528","608"
"1248","599616097138051968","649"
"1249","599616097145745536","291"
"1250","599616097153439104","-67"
"1251","599616097161132544","-127"
"1252","599616097168826112","-152"
"1253","599616097176519680","-221"
"1254","599616097184213248","-207"
"1255","599616097191906688","-173"
"1256","599616097199600256","-166"
"1257","599616097207293824","-176"
"1258","599616097214987392","-190"
"1259","599616097222680832","-185"
"1260","599616097230374400","-176"
"1261","599616097238067968","-185"
"1262","599616097245761408","-200"
"1263","599616097253454976","-197"
"1264","599616097261148544","-205"
"1265","599616097268842112","-207"
"1266","599616097276535552","-188"
"1267","599616097284229120","-168"
"1268","599616097291922688","-166"
"1269","599616097299616128","-156"
"1270","599616097307309696","-144"
"1271","599616097315003264","-127"
"1272","599616097322696832","-115"
"1273","599616097330390272","-91"
"1274","599616097338083840","-72"
"1275","599616097345777408","-91"
"1276","599616097353470848","-113"
"1277","599616097361164416","-113"
"1278","599616097368857984","-108"
"1279","599616097376551552","-120"
"1280","599616097384244992","-164"
"1281","599616097391938560","-219"
"1282","599616097399632128","-250"
"1283","599616097407325568","-296"
"1284","599616097415019136","-354"
"1285","599616097422712704","-332"
"1286","599616097430406272","-277"
"1287","599616097438099712","-282"
"1288","599616097445793280","-301"
"1289","599616097453486848","-267"
"1290","599616097461180416","-205"
"1291","599616097468873856","-161"
"1292","599616097476567424","-149"
"1293","599616097484260992","-152"
"1294","599616097491954432","-144"
"1295","599616097499648000","-103"
"1296","599616097507341568","-41"
"1297","599616097515035136","-4"
"1298","599616097522728576","-9"
"1299","599616097530422144","-7"
"1300","599616097538115712","21"
"1301","599616097545809152","21"
"1302","599616097553502720","-12"
"1303","599616097561196288","-55"
"1304","599616097568889856","-69"
"1305","599616097576583296","-69"
"1306","599616097584276864","-98"
"1307","599616097591970432","-103"
"1308","599616097599663872","-101"
"1309","599616097607357440","-135"
"1310","599616097615051008","-152"
"1311","599616097622744576","-164"
"1312","599616097630438016","-241"
"1313","599616097638131584","-304"
"1314","599616097645825138","-197"
"1315","599616097653518720","77"
"1316","599616097661212288","398"
"1317","599616097668905728","492"
"1318","599616097676599296","130"
"1319","599616097684292864","-299"
"1320","599616097691986432","-374"
"1321","599616097699679872","-332"
"1322","599616097707373440","-352"
"1323","599616097715067008","-323"
"1324","599616097722760448","-277"
"1325","599616097730454016","-284"
"1326","599616097738147584","-277"
"1327","599616097745841152","-221"
"1328","599616097753534592","-207"
"1329","599616097761228160","-221"
"1330","599616097768921728","-221"
"1331","599616097776615296","-207"
"1332","599616097784308736","-173"
"1333","599616097792002304","-154"
"1334","599616097799695872","-154"
"1335","599616097807389312","-118"
"1336","599616097815082880","-98"
"1337","599616097822776448","-130"
"1338","599616097830470016","-115"
"1339","599616097838163456","-43"
"1340","599616097845857024","-9"
"1341","599616097853550592","-45"
"1342","599616097861244032","-79"
"1343","599616097868937600","-33"
"1344","599616097876631168","53"
"1345","599616097884324736","65"
"1346","599616097892018176","31"
"1347","599616097899711744","38"
"1348","599616097907405312","84"
"1349","599616097915098752","159"
"1350","599616097922792320","234"
"1351","599616097930485888","243"
"1352","599616097938179456","149"
"1353","599616097945872896","28"
"1354","599616097953566464","-38"
"1355","599616097961260032","-94"
"1356","599616097968953472","-120"
"1357","599616097976647040","-91"
"1358","599616097984340608","-103"
"1359","599616097992034176","-152"
"1360","599616097999727616","-142"
"1361","599616098007421184","-130"
"1362","599616098015114752","-164"
"1363","599616098022808320","-185"
"1364","599616098030501760","-185"
"1365","599616098038195328","-195"
"1366","599616098045888896","-207"
"1367","599616098053582336","-202"
"1368","599616098061275904","-164"
"1369","599616098068969472","-144"
"1370","599616098076663040","-173"
"1371","599616098084356480","-178"
"1372","599616098092050048","-156"
"1373","599616098099743616","-171"
"1374","599616098107437056","-193"
"1375","599616098115130624","-190"
"1376","599616098122824192","-190"
"1377","599616098130517760","-195"
"1378","599616098138211200","-193"
"1379","599616098145904768","-200"
"1380","599616098153598336","-258"
"1381","599616098161291776","-304"
"1382","599616098168985344","-221"
"1383","599616098176678912","0"
"1384","599616098184372480","282"
"1385","599616098192065920","443"
"1386","599616098199759488","236"
"1387","599616098207452978","-171"
"1388","599616098215146496","-313"
"1389","599616098222840064","-200"
"1390","599616098230533504","-156"
"1391","599616098238227072","-224"
"1392","599616098245920640","-238"
"1393","599616098253614208","-219"
"1394","599616098261307648","-209"
"1395","599616098269001216","-118"
"1396","599616098276694784","-24"
"1397","599616098284388224","-33"
"1398","599616098292081792","-21"
"1399","599616098299775360","38"
"1400","599616098307468928","65"
"1401","599616098315162368","84"
"1402","599616098322855936","72"
"1403","599616098330549504","24"
"1404","599616098338243072","26"
"1405","599616098345936512","19"
"1406","599616098353630080","-31"
"1407","599616098361323648","-9"
"1408","599616098369017088","36"
"1409","599616098376710656","7"
"1410","599616098384404224","-43"
"1411","599616098392097792","-36"
"1412","599616098399791232","7"
"1413","599616098407484800","7"
"1414","599616098415178368","-28"
"1415","599616098422871808","-45"
"1416","599616098430565376","-48"
"1417","599616098438258944","-82"
"1418","599616098445952512","-154"
"1419","599616098453645952","-217"
"1420","599616098461339520","-243"
"1421","599616098469033088","-265"
"1422","599616098476726528","-294"
"1423","599616098484420096","-304"
"1424","599616098492113664","-284"
"1425","599616098499807232","-265"
"1426","599616098507500672","-279"
"1427","599616098515194240","-313"
"1428","599616098522887808","-313"
"1429","599616098530581248","-265"
"1430","599616098538274816","-246"
"1431","599616098545968384","-284"
"1432","599616098553661952","-294"
"1433","599616098561355392","-258"
"1434","599616098569048960","-231"
"1435","599616098576742528","-219"
"1436","599616098584436096","-219"
"1437","599616098592129536","-180"
"1438","599616098599823104","-108"
"1439","599616098607516672","-159"
"1440","599616098615210112","-238"
"1441","599616098622903680","-200"
"1442","599616098630597248","-176"
"1443","599616098638290816","-195"
"1444","599616098645984256","-183"
"1445","599616098653677824","-147"
"1446","599616098661371392","-106"
"1447","599616098669064832","-106"
"1448","599616098676758400","-166"
"1449","599616098684451968","-195"
"1450","599616098692145536","-125"
"1451","599616098699838976","96"
"1452","599616098707532544","516"
"1453","599616098715226112","786"
"1454","599616098722919552","516"
"1455","599616098730613120","84"
"1456","599616098738306688","-33"
"1457","599616098746000256","-62"
"1458","599616098753693696","-115"
"1459","599616098761387264","-89"
"1460","599616098769080818","-101"
"1461","599616098776774528","-168"
"1462","599616098784468224","-154"
"1463","599616098792161920","-115"
"1464","599616098799855488","-161"
"1465","599616098807549184","-205"
"1466","599616098815242880","-178"
"1467","599616098822936576","-130"
"1468","599616098830630272","-120"
"1469","599616098838323840","-139"
"1470","599616098846017536","-137"
"1471","599616098853711232","-130"
"1472","599616098861404928","-139"
"1473","599616098869098624","-127"
"1474","599616098876792320","-110"
"1475","599616098884485888","-115"
"1476","599616098892179584","-103"
"1477","599616098899873280","-82"
"1478","599616098907566976","-82"
"1479","599616098915260672","-74"
"1480","599616098922954240","-67"
"1481","599616098930647936","-86"
"1482","599616098938341632","-86"
"1483","599616098946035328","-67"
"1484","599616098953729024","-84"
"1485","599616098961422592","-120"
"1486","599616098969116288","-149"
"1487","599616098976809984","-183"
"1488","599616098984503680","-231"
"1489","599616098992197376","-253"
"1490","599616098999890944","-250"
"1491","599616099007584640","-265"
"1492","599616099015278336","-279"
"1493","599616099022972032","-250"
"1494","599616099030665728","-219"
"1495","599616099038359296","-214"
"1496","599616099046052992","-221"
"1497","599616099053746688","-231"
"1498","599616099061440384","-226"
"1499","599616099069134080","-173"
"1500","599616099076827776","-113"
"1501","599616099084521344","-106"
"1502","599616099092215040","-96"
"1503","599616099099908736","-41"
"1504","599616099107602432","-19"
"1505","599616099115296128","-9"
"1506","599616099122989696","130"
"1507","599616099130683392","282"
"1508","599616099138377088","284"
"1509","599616099146070784","234"
"1510","599616099153764480","193"
"1511","599616099161458048","101"
"1512","599616099169151744","-14"
"1513","599616099176845440","-55"
"1514","599616099184539136","-48"
"1515","599616099192232832","-101"
"1516","599616099199926400","-195"
"1517","599616099207620096","-193"
"1518","599616099215313792","-60"
"1519","599616099223007488","178"
"1520","599616099230701184","417"
"1521","599616099238394752","390"
"1522","599616099246088448","33"
"1523","599616099253782144","-270"
"1524","599616099261475840","-316"
"1525","599616099269169536","-275"
"1526","599616099276863232","-258"
"1527","599616099284556800","-255"
"1528","599616099292250496","-248"
"1529","599616099299944192","-243"
"1530","599616099307637888","-250"
"1531","599616099315331584","-255"
"1532","599616099323025152","-224"
"1533","599616099330718832","-200"
"1534","599616099338412288","-207"
"1535","599616099346105728","-200"
"1536","599616099353799168","-183"
"1537","599616099361492736","-168"
"1538","599616099369186176","-135"
"1539","599616099376879616","-123"
"1540","599616099384573056","-135"
"1541","599616099392266496","-103"
"1542","599616099399959936","-72"
"1543","599616099407653504","-91"
"1544","599616099415346944","-84"
"1545","599616099423040384","-26"
"1546","599616099430733824","-21"
"1547","599616099438427264","-72"
"1548","599616099446120704","-86"
"1549","599616099453814272","-60"
"1550","599616099461507712","-43"
"1551","599616099469201152","-65"
"1552","599616099476894592","-106"
"1553","599616099484588032","-149"
"1554","599616099492281472","-144"
"1555","599616099499975040","-125"
"1556","599616099507668480","-156"
"1557","599616099515361920","-144"
"1558","599616099523055360","-82"
"1559","599616099530748800","-77"
"1560","599616099538442368","-65"
"1561","599616099546135808","-9"
"1562","599616099553829248","-67"
"1563","599616099561522688","-125"
"1564","599616099569216128","0"
"1565","599616099576909568","45"
"1566","599616099584603136","-94"
"1567","599616099592296576","-149"
"1568","599616099599990016","-101"
"1569","599616099607683456","-115"
"1570","599616099615376896","-168"
"1571","599616099623070336","-171"
"1572","599616099630763904","-89"
"1573","599616099638457344","-2"
"1574","599616099646150784","-86"
"1575","599616099653844224","-209"
"1576","599616099661537664","-147"
"1577","599616099669231232","-98"
"1578","599616099676924672","-214"
"1579","599616099684618112","-270"
"1580","599616099692311552","-226"
"1581","599616099700004992","-238"
"1582","599616099707698432","-282"
"1583","599616099715392000","-320"
"1584","599616099723085440","-354"
"1585","599616099730778880","-270"
"1586","599616099738472320","2"
"1587","599616099746165760","357"
"1588","599616099753859200","477"
"1589","599616099761552768","106"
"1590","599616099769246208","-328"
"1591","599616099776939648","-364"
"1592","599616099784633088","-275"
"1593","599616099792326528","-253"
"1594","599616099800019968","-224"
"1595","599616099807713536","-217"
"1596","599616099815406976","-221"
"1597","599616099823100416","-200"
"1598","599616099830793856","-166"
"1599","599616099838487296","-156"
"1600","599616099846180864","-164"
"1601","599616099853874304","-159"
"1602","599616099861567744","-142"
"1603","599616099869261184","-137"
"1604","599616099876954624","-115"
"1605","599616099884648064","-79"
"1606","599616099892341586","-84"
"1607","599616099900035072","-110"
"1608","599616099907728512","-108"
"1609","599616099915421952","-123"
"1610","599616099923115520","-84"
"1611","599616099930808960","38"
"1612","599616099938502400","48"
"1613","599616099946195840","21"
"1614","599616099953889280","101"
"1615","599616099961582720","79"
"1616","599616099969276288","43"
"1617","599616099976969728","267"
"1618","599616099984663168","513"
"1619","599616099992356608","526"
"1620","599616100000050048","427"
"1621","599616100007743488","369"
"1622","599616100015437056","279"
"1623","599616100023130496","86"
"1624","599616100030823936","16"
"1625","599616100038517376","139"
"1626","599616100046210816","110"
"1627","599616100053904256","-84"
"1628","599616100061597824","-103"
"1629","599616100069291264","4"
"1630","599616100076984704","-69"
"1631","599616100084678144","-195"
"1632","599616100092371584","-108"
"1633","599616100100065152","-53"
"1634","599616100107758592","-190"
"1635","599616100115452032","-255"
"1636","599616100123145472","-161"
"1637","599616100130838912","-110"
"1638","599616100138532352","-144"
"1639","599616100146225920","-139"
"1640","599616100153919360","-101"
"1641","599616100161612800","-115"
"1642","599616100169306240","-178"
"1643","599616100176999680","-207"
"1644","599616100184693120","-190"
"1645","599616100192386688","-176"
"1646","599616100200080128","-161"
"1647","599616100207773568","-147"
"1648","599616100215467008","-149"
"1649","599616100223160448","-171"
"1650","599616100230854016","-195"
"1651","599616100238547456","-197"
"1652","599616100246240896","-125"
"1653","599616100253934336","86"
"1654","599616100261627776","386"
"1655","599616100269321216","448"
"1656","599616100277014784","82"
"1657","599616100284708224","-267"
"1658","599616100292401664","-282"
"1659","599616100300095104","-250"
"1660","599616100307788544","-277"
"1661","599616100315481984","-229"
"1662","599616100323175552","-178"
"1663","599616100330868992","-214"
"1664","599616100338562432","-238"
"1665","599616100346255872","-193"
"1666","599616100353949312","-149"
"1667","599616100361642752","-135"
"1668","599616100369336320","-135"
"1669","599616100377029760","-118"
"1670","599616100384723200","-77"
"1671","599616100392416640","-33"
"1672","599616100400110080","65"
"1673","599616100407803648","200"
"1674","599616100415497088","323"
"1675","599616100423190528","451"
"1676","599616100430883968","448"
"1677","599616100438577408","383"
"1678","599616100446270848","441"
"1679","599616100453964340","400"
"1680","599616100461657856","277"
"1681","599616100469351424","306"
"1682","599616100477044864","335"
"1683","599616100484738432","236"
"1684","599616100492432000","74"
"1685","599616100500125568","19"
"1686","599616100507819008","125"
"1687","599616100515512576","82"
"1688","599616100523206144","-82"
"1689","599616100530899584","-108"
"1690","599616100538593152","-108"
"1691","599616100546286720","-154"
"1692","599616100553980288","-168"
"1693","599616100561673728","-173"
"1694","599616100569367296","-197"
"1695","599616100577060864","-200"
"1696","599616100584754432","-188"
"1697","599616100592447872","-193"
"1698","599616100600141440","-195"
"1699","599616100607835008","-185"
"1700","599616100615528448","-185"
"1701","599616100623222016","-190"
"1702","599616100630915584","-178"
"1703","599616100638609152","-149"
"1704","599616100646302592","-110"
"1705","599616100653996160","-84"
"1706","599616100661689728","-98"
"1707","599616100669383168","-123"
"1708","599616100677076736","-98"
"1709","599616100684770304","-82"
"1710","599616100692463872","-144"
"1711","599616100700157312","-188"
"1712","599616100707850880","-176"
"1713","599616100715544448","-183"
"1714","599616100723237888","-205"
"1715","599616100730931456","-197"
"1716","599616100738625024","-226"
"1717","599616100746318592","-287"
"1718","599616100754012032","-183"
"1719","599616100761705600","98"
"1720","599616100769399168","388"
"1721","599616100777092608","516"
"1722","599616100784786176","241"
"1723","599616100792479744","-214"
"1724","599616100800173312","-296"
"1725","599616100807866752","-142"
"1726","599616100815560320","-135"
"1727","599616100823253888","-137"
"1728","599616100830947456","-53"
"1729","599616100838640896","19"
"1730","599616100846334464","159"
"1731","599616100854028032","337"
"1732","599616100861721472","349"
"1733","599616100869415040","265"
"1734","599616100877108608","316"
"1735","599616100884802176","393"
"1736","599616100892495616","311"
"1737","599616100900189184","197"
"1738","599616100907882752","154"
"1739","599616100915576192","156"
"1740","599616100923269760","147"
"1741","599616100930963328","77"
"1742","599616100938656896","106"
"1743","599616100946350336","219"
"1744","599616100954043904","195"
"1745","599616100961737472","130"
"1746","599616100969430912","156"
"1747","599616100977124480","139"
"1748","599616100984818048","91"
"1749","599616100992511616","156"
"1750","599616101000205056","229"
"1751","599616101007898624","180"
"1752","599616101015592180","132"
"1753","599616101023285760","127"
"1754","599616101030979328","55"
"1755","599616101038672768","-43"
"1756","599616101046366336","-86"
"1757","599616101054059904","-137"
"1758","599616101061753472","-193"
"1759","599616101069446912","-197"
"1760","599616101077140480","-207"
"1761","599616101084834048","-246"
"1762","599616101092527488","-238"
"1763","599616101100221056","-195"
"1764","599616101107914624","-183"
"1765","599616101115608192","-209"
"1766","599616101123301632","-238"
"1767","599616101130995200","-234"
"1768","599616101138688768","-200"
"1769","599616101146382336","-195"
"1770","599616101154075776","-219"
"1771","599616101161769344","-209"
"1772","599616101169462912","-154"
"1773","599616101177156352","-123"
"1774","599616101184849920","-144"
"1775","599616101192543488","-171"
"1776","599616101200237056","-176"
"1777","599616101207930496","-161"
"1778","599616101215624064","-144"
"1779","599616101223317632","-173"
"1780","599616101231011072","-173"
"1781","599616101238704640","-86"
"1782","599616101246398208","-50"
"1783","599616101254091776","-94"
"1784","599616101261785216","-72"
"1785","599616101269478784","183"
"1786","599616101277172352","617"
"1787","599616101284865792","907"
"1788","599616101292559360","854"
"1789","599616101300252928","562"
"1790","599616101307946496","289"
"1791","599616101315639936","193"
"1792","599616101323333504","197"
"1793","599616101331027072","195"
"1794","599616101338720512","166"
"1795","599616101346414080","132"
"1796","599616101354107648","101"
"1797","599616101361801216","103"
"1798","599616101369494656","108"
"1799","599616101377188224","86"
"1800","599616101384881792","60"
"1801","599616101392575360","36"
"1802","599616101400268800","7"
"1803","599616101407962368","-9"
"1804","599616101415655936","0"
"1805","599616101423349376","9"
"1806","599616101431042944","-14"
"1807","599616101438736512","-28"
"1808","599616101446430080","-31"
"1809","599616101454123520","-33"
"1810","599616101461817088","-38"
"1811","599616101469510656","-43"
"1812","599616101477204096","-36"
"1813","599616101484897664","-28"
"1814","599616101492591232","-33"
"1815","599616101500284800","-36"
"1816","599616101507978240","-19"
"1817","599616101515671808","-16"
"1818","599616101523365376","-36"
"1819","599616101531058816","-74"
"1820","599616101538752384","-135"
"1821","599616101546445952","-193"
"1822","599616101554139520","-243"
"1823","599616101561832960","-277"
"1824","599616101569526528","-275"
"1825","599616101577220020","-284"
"1826","599616101584913536","-316"
"1827","599616101592607104","-325"
"1828","599616101600300544","-272"
"1829","599616101607994112","-224"
"1830","599616101615687680","-255"
"1831","599616101623381248","-335"
"1832","599616101631074688","-359"
"1833","599616101638768256","-325"
"1834","599616101646461824","-267"
"1835","599616101654155264","-200"
"1836","599616101661848832","-188"
"1837","599616101669542400","-171"
"1838","599616101677235968","-98"
"1839","599616101684929408","-86"
"1840","599616101692622976","-115"
"1841","599616101700316544","-69"
"1842","599616101708010112","0"
"1843","599616101715703552","60"
"1844","599616101723397120","161"
"1845","599616101731090688","214"
"1846","599616101738784128","176"
"1847","599616101746477696","154"
"1848","599616101754171264","115"
"1849","599616101761864832","-9"
"1850","599616101769558272","-113"
"1851","599616101777251840","-69"
"1852","599616101784945408","214"
"1853","599616101792638848","658"
"1854","599616101800332416","781"
"1855","599616101808025984","332"
"1856","599616101815719552","-118"
"1857","599616101823412992","-205"
"1858","599616101831106560","-217"
"1859","599616101838800128","-250"
"1860","599616101846493568","-219"
"1861","599616101854187136","-202"
"1862","599616101861880704","-217"
"1863","599616101869574272","-197"
"1864","599616101877267712","-166"
"1865","599616101884961280","-173"
"1866","599616101892654848","-200"
"1867","599616101900348288","-190"
"1868","599616101908041856","-166"
"1869","599616101915735424","-161"
"1870","599616101923428992","-156"
"1871","599616101931122432","-137"
"1872","599616101938816000","-115"
"1873","599616101946509568","-106"
"1874","599616101954203136","-86"
"1875","599616101961896576","-57"
"1876","599616101969590144","-43"
"1877","599616101977283712","-33"
"1878","599616101984977152","-26"
"1879","599616101992670720","-31"
"1880","599616102000364288","-28"
"1881","599616102008057856","-4"
"1882","599616102015751296","-9"
"1883","599616102023444864","-50"
"1884","599616102031138432","-33"
"1885","599616102038831872","0"
"1886","599616102046525440","-67"
"1887","599616102054219008","-144"
"1888","599616102061912576","-164"
"1889","599616102069606016","-214"
"1890","599616102077299584","-272"
"1891","599616102084993152","-282"
"1892","599616102092686592","-294"
"1893","599616102100380160","-258"
"1894","599616102108073728","-168"
"1895","599616102115767296","-159"
"1896","599616102123460736","-159"
"1897","599616102131154304","-77"
"1898","599616102138847860","-36"
"1899","599616102146541440","-48"
"1900","599616102154235008","-33"
"1901","599616102161928448","43"
"1902","599616102169622016","166"
"1903","599616102177315584","260"
"1904","599616102185009152","279"
"1905","599616102192702592","253"
"1906","599616102200396160","207"
"1907","599616102208089728","152"
"1908","599616102215783168","91"
"1909","599616102223476736","36"
"1910","599616102231170304","16"
"1911","599616102238863872","12"
"1912","599616102246557312","7"
"1913","599616102254250880","-26"
"1914","599616102261944448","-79"
"1915","599616102269638016","-77"
"1916","599616102277331456","-86"
"1917","599616102285025024","-185"
"1918","599616102292718592","-176"
"1919","599616102300412032","77"
"1920","599616102308105600","398"
"1921","599616102315799168","518"
"1922","599616102323492736","265"
"1923","599616102331186176","-101"
"1924","599616102338879744","-224"
"1925","599616102346573312","-217"
"1926","599616102354266752","-234"
"1927","599616102361960320","-226"
"1928","599616102369653888","-214"
"1929","599616102377347456","-202"
"1930","599616102385040896","-180"
"1931","599616102392734464","-168"
"1932","599616102400428032","-166"
"1933","599616102408121472","-159"
"1934","599616102415815040","-132"
"1935","599616102423508608","-123"
"1936","599616102431202176","-161"
"1937","599616102438895616","-164"
"1938","599616102446589184","-127"
"1939","599616102454282752","-130"
"1940","599616102461976192","-125"
"1941","599616102469669760","-96"
"1942","599616102477363328","-101"
"1943","599616102485056896","-108"
"1944","599616102492750336","-62"
"1945","599616102500443904","-31"
"1946","599616102508137472","-57"
"1947","599616102515831040","-67"
"1948","599616102523524480","-53"
"1949","599616102531218048","-48"
"1950","599616102538911616","-16"
"1951","599616102546605056","28"
"1952","599616102554298624","4"
"1953","599616102561992192","-36"
"1954","599616102569685760","-9"
"1955","599616102577379200","-12"
"1956","599616102585072768","-98"
"1957","599616102592766336","-60"
"1958","599616102600459776","84"
"1959","599616102608153344","48"
"1960","599616102615846912","-60"
"1961","599616102623540480","0"
"1962","599616102631233920","60"
"1963","599616102638927488","-36"
"1964","599616102646621056","-132"
"1965","599616102654314496","-125"
"1966","599616102662008064","-125"
"1967","599616102669701632","-149"
"1968","599616102677395200","-164"
"1969","599616102685088640","-190"
"1970","599616102692782208","-190"
"1971","599616102700475700","-142"
"1972","599616102708169216","-108"
"1973","599616102715862784","-130"
"1974","599616102723556224","-183"
"1975","599616102731249792","-226"
"1976","599616102738943360","-241"
"1977","599616102746636928","-231"
"1978","599616102754330368","-236"
"1979","599616102762023936","-258"
"1980","599616102769717504","-253"
"1981","599616102777410944","-263"
"1982","599616102785104512","-304"
"1983","599616102792798080","-328"
"1984","599616102800491648","-258"
"1985","599616102808185088","-31"
"1986","599616102815878656","296"
"1987","599616102823572224","492"
"1988","599616102831265792","287"
"1989","599616102838959232","-130"
"1990","599616102846652800","-299"
"1991","599616102854346368","-267"
"1992","599616102862039808","-246"
"1993","599616102869733376","-231"
"1994","599616102877426944","-241"
"1995","599616102885120512","-250"
"1996","599616102892813952","-200"
"1997","599616102900507520","-166"
"1998","599616102908201088","-190"
"1999","599616102915894528","-202"
"2000","599616102923588096","-171"
"2001","599616102931281664","-147"
"2002","599616102938975232","-152"
"2003","599616102946668672","-159"
"2004","599616102954362240","-164"
"2005","599616102962055808","-168"
"2006","599616102969749248","-152"
"2007","599616102977442816","-101"
"2008","599616102985136384","-69"
"2009","599616102992829952","-91"
"2010","599616103000523392","-43"
"2011","599616103008216960","60"
"2012","599616103015910528","45"
"2013","599616103023603968","16"
"2014","599616103031297536","113"
"2015","599616103038991104","195"
"2016","599616103046684672","241"
"2017","599616103054378112","381"
"2018","599616103062071680","468"
"2019","599616103069765248","378"
"2020","599616103077458816","325"
"2021","599616103085152256","325"
"2022","599616103092845824","178"
"2023","599616103100539392","12"
"2024","599616103108232832","-2"
"2025","599616103115926400","60"
"2026","599616103123619968","89"
"2027","599616103131313536","12"
"2028","599616103139006976","-60"
"2029","599616103146700544","-41"
"2030","599616103154394112","-43"
"2031","599616103162087552","-74"
"2032","599616103169781120","-91"
"2033","599616103177474688","-125"
"2034","599616103185168256","-147"
"2035","599616103192861696","-127"
"2036","599616103200555264","-115"
"2037","599616103208248832","-123"
"2038","599616103215942272","-127"
"2039","599616103223635840","-132"
"2040","599616103231329408","-156"
"2041","599616103239022976","-188"
"2042","599616103246716416","-202"
"2043","599616103254409984","-200"
"2044","599616103262103540","-193"
"2045","599616103269797120","-195"
"2046","599616103277490688","-212"
"2047","599616103285184128","-234"
"2048","599616103292877696","-272"
"2049","599616103300571264","-289"
"2050","599616103308264832","-147"
"2051","599616103315958272","164"
"2052","599616103323651840","427"
"2053","599616103331345408","335"
"2054","599616103339038848","-79"
"2055","599616103346732416","-316"
"2056","599616103354425984","-270"
"2057","599616103362119552","-258"
"2058","599616103369812992","-294"
"2059","599616103377506560","-294"
"2060","599616103385200128","-294"
"2061","599616103392893696","-243"
"2062","599616103400587136","-185"
"2063","599616103408280704","-214"
"2064","599616103415974272","-217"
"2065","599616103423667712","-159"
"2066","599616103431361280","-120"
"2067","599616103439054848","-84"
"2068","599616103446748416","-62"
"2069","599616103454441856","-94"
"2070","599616103462135424","-139"
"2071","599616103469828992","-101"
"2072","599616103477522432","84"
"2073","599616103485216000","301"
"2074","599616103492909568","352"
"2075","599616103500603136","277"
"2076","599616103508296576","241"
"2077","599616103515990144","209"
"2078","599616103523683712","144"
"2079","599616103531377152","94"
"2080","599616103539070720","74"
"2081","599616103546764288","38"
"2082","599616103554457856","-4"
"2083","599616103562151296","9"
"2084","599616103569844864","-14"
"2085","599616103577538432","-120"
"2086","599616103585231872","-178"
"2087","599616103592925440","-159"
"2088","599616103600619008","-164"
"2089","599616103608312576","-188"
"2090","599616103616006016","-190"
"2091","599616103623699584","-197"
"2092","599616103631393152","-219"
"2093","599616103639086720","-217"
"2094","599616103646780160","-205"
"2095","599616103654473728","-202"
"2096","599616103662167296","-214"
"2097","599616103669860736","-231"
"2098","599616103677554304","-234"
"2099","599616103685247872","-209"
"2100","599616103692941440","-178"
"2101","599616103700634880","-164"
"2102","599616103708328448","-159"
"2103","599616103716022016","-159"
"2104","599616103723715456","-166"
"2105","599616103731409024","-188"
"2106","599616103739102592","-224"
"2107","599616103746796160","-246"
"2108","599616103754489600","-238"
"2109","599616103762183168","-241"
"2110","599616103769876736","-255"
"2111","599616103777570176","-263"
"2112","599616103785263744","-272"
"2113","599616103792957312","-299"
"2114","599616103800650880","-316"
"2115","599616103808344320","-180"
"2116","599616103816037888","135"
"2117","599616103823731380","427"
"2118","599616103831424896","390"
"2119","599616103839118464","-36"
"2120","599616103846811904","-376"
"2121","599616103854505472","-342"
"2122","599616103862199040","-260"
"2123","599616103869892608","-265"
"2124","599616103877586048","-219"
"2125","599616103885279616","-168"
"2126","599616103892973184","-96"
"2127","599616103900666624","14"
"2128","599616103908360192","21"
"2129","599616103916053760","33"
"2130","599616103923747328","178"
"2131","599616103931440768","275"
"2132","599616103939134336","313"
"2133","599616103946827904","439"
"2134","599616103954521472","542"
"2135","599616103962214912","518"
"2136","599616103969908480","538"
"2137","599616103977602048","668"
"2138","599616103985295488","716"
"2139","599616103992989056","670"
"2140","599616104000682624","627"
"2141","599616104008376192","526"
"2142","599616104016069632","337"
"2143","599616104023763200","130"
"2144","599616104031456768","33"
"2145","599616104039150208","45"
"2146","599616104046843776","-12"
"2147","599616104054537344","-113"
"2148","599616104062230912","-130"
"2149","599616104069924352","-132"
"2150","599616104077617920","-183"
"2151","599616104085311488","-231"
"2152","599616104093004928","-248"
"2153","599616104100698496","-243"
"2154","599616104108392064","-241"
"2155","599616104116085632","-243"
"2156","599616104123779072","-263"
"2157","599616104131472640","-272"
"2158","599616104139166208","-236"
"2159","599616104146859648","-224"
"2160","599616104154553216","-248"
"2161","599616104162246784","-234"
"2162","599616104169940352","-217"
"2163","599616104177633792","-236"
"2164","599616104185327360","-258"
"2165","599616104193020928","-234"
"2166","599616104200714496","-156"
"2167","599616104208407936","-120"
"2168","599616104216101504","-168"
"2169","599616104223795072","-221"
"2170","599616104231488512","-246"
"2171","599616104239182080","-253"
"2172","599616104246875648","-246"
"2173","599616104254569216","-243"
"2174","599616104262262656","-260"
"2175","599616104269956224","-258"
"2176","599616104277649792","-231"
"2177","599616104285343232","-246"
"2178","599616104293036800","-291"
"2179","599616104300730368","-263"
"2180","599616104308423936","-28"
"2181","599616104316117376","337"
"2182","599616104323810944","554"
"2183","599616104331504512","446"
"2184","599616104339197952","214"
"2185","599616104346891520","238"
"2186","599616104354585088","480"
"2187","599616104362278656","569"
"2188","599616104369972096","415"
"2189","599616104377665664","258"
"2190","599616104385359222","279"
"2191","599616104393052800","308"
"2192","599616104400746368","183"
"2193","599616104408439808","82"
"2194","599616104416133376","125"
"2195","599616104423826944","135"
"2196","599616104431520512","91"
"2197","599616104439213952","74"
"2198","599616104446907520","28"
"2199","599616104454601088","53"
"2200","599616104462294528","115"
"2201","599616104469988096","55"
"2202","599616104477681664","7"
"2203","599616104485375232","31"
"2204","599616104493068672","16"
"2205","599616104500762240","4"
"2206","599616104508455808","24"
"2207","599616104516149376","4"
"2208","599616104523842816","-21"
"2209","599616104531536384","0"
"2210","599616104539229952","31"
"2211","599616104546923392","9"
"2212","599616104554616960","-45"
"2213","599616104562310528","-50"
"2214","599616104570004096","-36"
"2215","599616104577697536","-65"
"2216","599616104585391104","-113"
"2217","599616104593084672","-154"
"2218","599616104600778112","-190"
"2219","599616104608471680","-226"
"2220","599616104616165248","-241"
"2221","599616104623858816","-236"
"2222","599616104631552256","-255"
"2223","599616104639245824","-270"
"2224","599616104646939392","-253"
"2225","599616104654632832","-246"
"2226","599616104662326400","-265"
"2227","599616104670019968","-270"
"2228","599616104677713536","-258"
"2229","599616104685406976","-214"
"2230","599616104693100544","-154"
"2231","599616104700794112","-178"
"2232","599616104708487552","-246"
"2233","599616104716181120","-226"
"2234","599616104723874688","-173"
"2235","599616104731568256","-132"
"2236","599616104739261696","-94"
"2237","599616104746955264","-89"
"2238","599616104754648832","-115"
"2239","599616104762342400","-127"
"2240","599616104770035840","-65"
"2241","599616104777729408","45"
"2242","599616104785422976","82"
"2243","599616104793116416","60"
"2244","599616104800809984","94"
"2245","599616104808503552","221"
"2246","599616104816197120","484"
"2247","599616104823890560","694"
"2248","599616104831584128","456"
"2249","599616104839277696","-19"
"2250","599616104846971136","-202"
"2251","599616104854664704","-180"
"2252","599616104862358272","-193"
"2253","599616104870051840","-188"
"2254","599616104877745280","-166"
"2255","599616104885438848","-188"
"2256","599616104893132416","-207"
"2257","599616104900825856","-180"
"2258","599616104908519424","-166"
"2259","599616104916212992","-193"
"2260","599616104923906560","-207"
"2261","599616104931600000","-173"
"2262","599616104939293568","-123"
"2263","599616104946987062","-118"
"2264","599616104954680576","-132"
"2265","599616104962374144","-123"
"2266","599616104970067584","-101"
"2267","599616104977761152","-82"
"2268","599616104985454720","-74"
"2269","599616104993148288","-55"
"2270","599616105000841728","-26"
"2271","599616105008535296","-26"
"2272","599616105016228864","-28"
"2273","599616105023922304","-4"
"2274","599616105031615872","4"
"2275","599616105039309440","0"
"2276","599616105047003008","-12"
"2277","599616105054696448","-24"
"2278","599616105062390016","-24"
"2279","599616105070083584","-69"
"2280","599616105077777152","-144"
"2281","599616105085470592","-164"
"2282","599616105093164160","-161"
"2283","599616105100857728","-219"
"2284","599616105108551168","-284"
"2285","599616105116244736","-308"
"2286","599616105123938304","-318"
"2287","599616105131631872","-279"
"2288","599616105139325312","-188"
"2289","599616105147018880","-202"
"2290","599616105154712448","-291"
"2291","599616105162405888","-260"
"2292","599616105170099456","-171"
"2293","599616105177793024","-190"
"2294","599616105185486592","-154"
"2295","599616105193180032","-19"
"2296","599616105200873600","-62"
"2297","599616105208567168","-65"
"2298","599616105216260608","127"
"2299","599616105223954176","113"
"2300","599616105231647744","-26"
"2301","599616105239341312","36"
"2302","599616105247034752","82"
"2303","599616105254728320","-36"
"2304","599616105262421888","-110"
"2305","599616105270115328","-135"
"2306","599616105277808896","-188"
"2307","599616105285502464","-234"
"2308","599616105293196032","-253"
"2309","599616105300889472","-152"
"2310","599616105308583040","166"
"2311","599616105316276608","516"
"2312","599616105323970176","538"
"2313","599616105331663616","173"
"2314","599616105339357184","-185"
"2315","599616105347050752","-291"
"2316","599616105354744192","-279"
"2317","599616105362437760","-279"
"2318","599616105370131328","-282"
"2319","599616105377824896","-260"
"2320","599616105385518336","-241"
"2321","599616105393211904","-238"
"2322","599616105400905472","-214"
"2323","599616105408598912","-200"
"2324","599616105416292480","-214"
"2325","599616105423986048","-202"
"2326","599616105431679616","-161"
"2327","599616105439373056","-139"
"2328","599616105447066624","-147"
"2329","599616105454760192","-137"
"2330","599616105462453632","-106"
"2331","599616105470147200","-91"
"2332","599616105477840768","-94"
"2333","599616105485534336","-84"
"2334","599616105493227776","-69"
"2335","599616105500921344","-57"
"2336","599616105508614902","-48"
"2337","599616105516308480","-41"
"2338","599616105524002048","-55"
"2339","599616105531695488","-67"
"2340","599616105539389056","-48"
"2341","599616105547082624","-45"
"2342","599616105554776192","-62"
"2343","599616105562469632","-55"
"2344","599616105570163200","-74"
"2345","599616105577856768","-137"
"2346","599616105585550208","-190"
"2347","599616105593243776","-221"
"2348","599616105600937344","-246"
"2349","599616105608630912","-241"
"2350","599616105616324352","-226"
"2351","599616105624017920","-265"
"2352","599616105631711488","-265"
"2353","599616105639405056","-176"
"2354","599616105647098496","-118"
"2355","599616105654792064","-137"
"2356","599616105662485632","-144"
"2357","599616105670179072","-74"
"2358","599616105677872640","50"
"2359","599616105685566208","209"
"2360","599616105693259776","272"
"2361","599616105700953216","188"
"2362","599616105708646784","149"
"2363","599616105716340352","144"
"2364","599616105724033792","77"
"2365","599616105731727360","41"
"2366","599616105739420928","31"
"2367","599616105747114496","26"
"2368","599616105754807936","41"
"2369","599616105762501504","4"
"2370","599616105770195072","-72"
"2371","599616105777888512","-96"
"2372","599616105785582080","-96"
"2373","599616105793275648","-118"
"2374","599616105800969216","-41"
"2375","599616105808662656","221"
"2376","599616105816356224","465"
"2377","599616105824049792","386"
"2378","599616105831743232","26"
"2379","599616105839436800","-221"
"2380","599616105847130368","-260"
"2381","599616105854823936","-255"
"2382","599616105862517376","-231"
"2383","599616105870210944","-195"
"2384","599616105877904512","-195"
"2385","599616105885598080","-205"
"2386","599616105893291520","-188"
"2387","599616105900985088","-178"
"2388","599616105908678656","-171"
"2389","599616105916372096","-154"
"2390","599616105924065664","-142"
"2391","599616105931759232","-123"
"2392","599616105939452800","-115"
"2393","599616105947146240","-127"
"2394","599616105954839808","-118"
"2395","599616105962533376","-94"
"2396","599616105970226816","-94"
"2397","599616105977920384","-94"
"2398","599616105985613952","-86"
"2399","599616105993307520","-79"
"2400","599616106001000960","-67"
"2401","599616106008694528","-60"
"2402","599616106016388096","-65"
"2403","599616106024081536","-72"
"2404","599616106031775104","-65"
"2405","599616106039468672","-72"
"2406","599616106047162240","-106"
"2407","599616106054855680","-123"
"2408","599616106062549248","-137"
"2409","599616106070242742","-161"
"2410","599616106077936256","-176"
"2411","599616106085629824","-221"
"2412","599616106093323264","-260"
"2413","599616106101016832","-250"
"2414","599616106108710400","-217"
"2415","599616106116403968","-144"
"2416","599616106124097408","-103"
"2417","599616106131790976","-135"
"2418","599616106139484544","-38"
"2419","599616106147177984","224"
"2420","599616106154871552","323"
"2421","599616106162565120","147"
"2422","599616106170258688","-2"
"2423","599616106177952128","94"
"2424","599616106185645696","214"
"2425","599616106193339264","118"
"2426","599616106201032832","4"
"2427","599616106208726272","12"
"2428","599616106216419840","-16"
"2429","599616106224113408","-94"
"2430","599616106231806848","-149"
"2431","599616106239500416","-144"
"2432","599616106247193984","-125"
"2433","599616106254887552","-159"
"2434","599616106262580992","-212"
"2435","599616106270274560","-234"
"2436","599616106277968128","-258"
"2437","599616106285661568","-313"
"2438","599616106293355136","-279"
"2439","599616106301048704","-14"
"2440","599616106308742272","371"
"2441","599616106316435712","526"
"2442","599616106324129280","173"
"2443","599616106331822848","-318"
"2444","599616106339516288","-415"
"2445","599616106347209856","-304"
"2446","599616106354903424","-267"
"2447","599616106362596992","-229"
"2448","599616106370290432","-188"
"2449","599616106377984000","-188"
"2450","599616106385677568","-183"
"2451","599616106393371008","-154"
"2452","599616106401064576","-135"
"2453","599616106408758144","-130"
"2454","599616106416451712","-135"
"2455","599616106424145152","-137"
"2456","599616106431838720","-137"
"2457","599616106439532288","-154"
"2458","599616106447225856","-168"
"2459","599616106454919296","-144"
"2460","599616106462612864","-123"
"2461","599616106470306432","-156"
"2462","599616106477999872","-164"
"2463","599616106485693440","-91"
"2464","599616106493387008","-69"
"2465","599616106501080576","-135"
"2466","599616106508774016","-118"
"2467","599616106516467584","-74"
"2468","599616106524161152","-115"
"2469","599616106531854592","-108"
"2470","599616106539548160","-50"
"2471","599616106547241728","-38"
"2472","599616106554935296","-16"
"2473","599616106562628736","31"
"2474","599616106570322304","2"
"2475","599616106578015872","-60"
"2476","599616106585709312","-48"
"2477","599616106593402880","-19"
"2478","599616106601096448","-65"
"2479","599616106608790016","-74"
"2480","599616106616483456","-7"
"2481","599616106624177024","-28"
"2482","599616106631870582","-65"
"2483","599616106639564160","-21"
"2484","599616106647257728","-65"
"2485","599616106654951168","-147"
"2486","599616106662644736","-132"
"2487","599616106670338304","-118"
"2488","599616106678031872","-130"
"2489","599616106685725312","-118"
"2490","599616106693418880","-101"
"2491","599616106701112448","-74"
"2492","599616106708805888","-86"
"2493","599616106716499456","-154"
"2494","599616106724193024","-161"
"2495","599616106731886592","-118"
"2496","599616106739580032","-132"
"2497","599616106747273600","-168"
"2498","599616106754967168","-159"
"2499","599616106762660736","-171"
"2500","599616106770354176","-224"
"2501","599616106778047744","-277"
"2502","599616106785741312","-275"
"2503","599616106793434752","-113"
"2504","599616106801128320","214"
"2505","599616106808821888","542"
"2506","599616106816515456","499"
"2507","599616106824208896","33"
"2508","599616106831902464","-289"
"2509","599616106839596032","-275"
"2510","599616106847289472","-243"
"2511","599616106854983040","-258"
"2512","599616106862676608","-243"
"2513","599616106870370176","-226"
"2514","599616106878063616","-214"
"2515","599616106885757184","-200"
"2516","599616106893450752","-214"
"2517","599616106901144192","-224"
"2518","599616106908837760","-197"
"2519","599616106916531328","-161"
"2520","599616106924224896","-142"
"2521","599616106931918336","-149"
"2522","599616106939611904","-156"
"2523","599616106947305472","-142"
"2524","599616106954998912","-135"
"2525","599616106962692480","-164"
"2526","599616106970386048","-171"
"2527","599616106978079616","-118"
"2528","599616106985773056","-48"
"2529","599616106993466624","-24"
"2530","599616107001160192","-57"
"2531","599616107008853760","-60"
"2532","599616107016547200","14"
"2533","599616107024240768","69"
"2534","599616107031934336","14"
"2535","599616107039627776","-166"
"2536","599616107047321344","-410"
"2537","599616107055014912","-422"
"2538","599616107062708480","-19"
"2539","599616107070401920","390"
"2540","599616107078095488","443"
"2541","599616107085789056","349"
"2542","599616107093482496","320"
"2543","599616107101176064","207"
"2544","599616107108869632","9"
"2545","599616107116563200","-48"
"2546","599616107124256640","-24"
"2547","599616107131950208","-53"
"2548","599616107139643776","-69"
"2549","599616107147337216","-67"
"2550","599616107155030784","-74"
"2551","599616107162724352","-50"
"2552","599616107170417920","-24"
"2553","599616107178111360","-21"
"2554","599616107185804928","-2"
"2555","599616107193498422","-7"
"2556","599616107201192192","-43"
"2557","599616107208886016","-67"
"2558","599616107216579968","-74"
"2559","599616107224273792","-62"
"2560","599616107231967744","-60"
"2561","599616107239661568","-74"
"2562","599616107247355520","-65"
"2563","599616107255049344","-74"
"2564","599616107262743296","-144"
"2565","599616107270437120","-221"
"2566","599616107278130944","-241"
"2567","599616107285824896","-86"
"2568","599616107293518720","287"
"2569","599616107301212672","663"
"2570","599616107308906496","620"
"2571","599616107316600448","137"
"2572","599616107324294272","-200"
"2573","599616107331988096","-217"
"2574","599616107339682048","-207"
"2575","599616107347375872","-226"
"2576","599616107355069824","-214"
"2577","599616107362763648","-195"
"2578","599616107370457600","-197"
"2579","599616107378151424","-188"
"2580","599616107385845376","-164"
"2581","599616107393539200","-166"
"2582","599616107401233024","-173"
"2583","599616107408926976","-166"
"2584","599616107416620800","-183"
"2585","599616107424314752","-205"
"2586","599616107432008576","-152"
"2587","599616107439702528","-135"
"2588","599616107447396352","-190"
"2589","599616107455090304","-144"
"2590","599616107462784128","-69"
"2591","599616107470477952","-45"
"2592","599616107478171904","31"
"2593","599616107485865728","91"
"2594","599616107493559680","72"
"2595","599616107501253504","50"
"2596","599616107508947456","77"
"2597","599616107516641280","197"
"2598","599616107524335232","381"
"2599","599616107532029056","468"
"2600","599616107539722880","412"
"2601","599616107547416832","347"
"2602","599616107555110656","328"
"2603","599616107562804608","234"
"2604","599616107570498432","86"
"2605","599616107578192384","19"
"2606","599616107585886208","19"
"2607","599616107593580032","-7"
"2608","599616107601273984","-91"
"2609","599616107608967808","-125"
"2610","599616107616661760","-86"
"2611","599616107624355584","-86"
"2612","599616107632049536","-113"
"2613","599616107639743360","-120"
"2614","599616107647437312","-147"
"2615","599616107655131136","-173"
"2616","599616107662824960","-135"
"2617","599616107670518912","-69"
"2618","599616107678212736","-55"
"2619","599616107685906688","-79"
"2620","599616107693600512","-98"
"2621","599616107701294464","-96"
"2622","599616107708988288","-96"
"2623","599616107716682240","-115"
"2624","599616107724376064","-132"
"2625","599616107732069888","-137"
"2626","599616107739763840","-137"
"2627","599616107747457664","-147"
"2628","599616107755151696","-197"
"2629","599616107762845184","-272"
"2630","599616107770538624","-270"
"2631","599616107778232064","-69"
"2632","599616107785925632","301"
"2633","599616107793619072","581"
"2634","599616107801312512","463"
"2635","599616107809005952","26"
"2636","599616107816699392","-291"
"2637","599616107824392832","-318"
"2638","599616107832086400","-260"
"2639","599616107839779840","-265"
"2640","599616107847473280","-275"
"2641","599616107855166720","-236"
"2642","599616107862860160","-217"
"2643","599616107870553600","-253"
"2644","599616107878247168","-272"
"2645","599616107885940608","-229"
"2646","599616107893634048","-164"
"2647","599616107901327488","-159"
"2648","599616107909020928","-188"
"2649","599616107916714368","-180"
"2650","599616107924407936","-178"
"2651","599616107932101376","-205"
"2652","599616107939794816","-154"
"2653","599616107947488256","-72"
"2654","599616107955181696","-89"
"2655","599616107962875264","-161"
"2656","599616107970568704","-224"
"2657","599616107978262144","-118"
"2658","599616107985955584","185"
"2659","599616107993649024","506"
"2660","599616108001342464","760"
"2661","599616108009036032","699"
"2662","599616108016729472","419"
"2663","599616108024422912","349"
"2664","599616108032116352","352"
"2665","599616108039809792","217"
"2666","599616108047503232","139"
"2667","599616108055196800","156"
"2668","599616108062890240","168"
"2669","599616108070583680","139"
"2670","599616108078277120","28"
"2671","599616108085970560","0"
"2672","599616108093664128","96"
"2673","599616108101357568","33"
"2674","599616108109051008","-86"
"2675","599616108116744448","-57"
"2676","599616108124437888","-60"
"2677","599616108132131328","-144"
"2678","599616108139824896","-171"
"2679","599616108147518336","-152"
"2680","599616108155211776","-120"
"2681","599616108162905216","-77"
"2682","599616108170598656","-84"
"2683","599616108178292096","-127"
"2684","599616108185985664","-147"
"2685","599616108193679104","-142"
"2686","599616108201372544","-147"
"2687","599616108209065984","-183"
"2688","599616108216759424","-205"
"2689","599616108224452864","-183"
"2690","599616108232146432","-180"
"2691","599616108239839872","-219"
"2692","599616108247533312","-289"
"2693","599616108255226752","-347"
"2694","599616108262920192","-253"
"2695","599616108270613760","48"
"2696","599616108278307200","410"
"2697","599616108286000640","497"
"2698","599616108293694080","118"
"2699","599616108301387520","-267"
"2700","599616108309080960","-294"
"2701","599616108316774450","-260"
"2702","599616108324468096","-294"
"2703","599616108332161792","-258"
"2704","599616108339855488","-217"
"2705","599616108347549056","-241"
"2706","599616108355242752","-238"
"2707","599616108362936448","-200"
"2708","599616108370630144","-214"
"2709","599616108378323840","-265"
"2710","599616108386017408","-234"
"2711","599616108393711104","-156"
"2712","599616108401404800","-113"
"2713","599616108409098496","-62"
"2714","599616108416792192","-41"
"2715","599616108424485888","-57"
"2716","599616108432179456","-26"
"2717","599616108439873152","38"
"2718","599616108447566848","110"
"2719","599616108455260544","185"
"2720","599616108462954240","176"
"2721","599616108470647808","72"
"2722","599616108478341504","77"
"2723","599616108486035200","205"
"2724","599616108493728896","171"
"2725","599616108501422592","26"
"2726","599616108509116160","24"
"2727","599616108516809856","57"
"2728","599616108524503552","-19"
"2729","599616108532197248","-84"
"2730","599616108539890944","-96"
"2731","599616108547584512","-156"
"2732","599616108555278208","-234"
"2733","599616108562971904","-265"
"2734","599616108570665600","-263"
"2735","599616108578359296","-250"
"2736","599616108586052864","-265"
"2737","599616108593746560","-291"
"2738","599616108601440256","-279"
"2739","599616108609133952","-265"
"2740","599616108616827648","-287"
"2741","599616108624521344","-304"
"2742","599616108632214912","-287"
"2743","599616108639908608","-243"
"2744","599616108647602304","-190"
"2745","599616108655296000","-178"
"2746","599616108662989696","-195"
"2747","599616108670683264","-193"
"2748","599616108678376960","-188"
"2749","599616108686070656","-200"
"2750","599616108693764352","-209"
"2751","599616108701458048","-212"
"2752","599616108709151616","-219"
"2753","599616108716845312","-217"
"2754","599616108724539008","-221"
"2755","599616108732232704","-299"
"2756","599616108739926400","-405"
"2757","599616108747619968","-332"
"2758","599616108755313664","14"
"2759","599616108763007360","475"
"2760","599616108770701056","673"
"2761","599616108778394752","234"
"2762","599616108786088320","-378"
"2763","599616108793782016","-443"
"2764","599616108801475712","-241"
"2765","599616108809169408","-236"
"2766","599616108816863104","-301"
"2767","599616108824556800","-289"
"2768","599616108832250368","-250"
"2769","599616108839944064","-205"
"2770","599616108847637760","-156"
"2771","599616108855331456","-130"
"2772","599616108863025152","-108"
"2773","599616108870718720","-57"
"2774","599616108878412462","-21"
"2775","599616108886105984","-33"
"2776","599616108893799552","-28"
"2777","599616108901492992","38"
"2778","599616108909186560","69"
"2779","599616108916880128","50"
"2780","599616108924573696","94"
"2781","599616108932267136","147"
"2782","599616108939960704","101"
"2783","599616108947654272","33"
"2784","599616108955347712","28"
"2785","599616108963041280","53"
"2786","599616108970734848","67"
"2787","599616108978428416","69"
"2788","599616108986121856","57"
"2789","599616108993815424","14"
"2790","599616109001508992","-24"
"2791","599616109009202560","-31"
"2792","599616109016896000","-31"
"2793","599616109024589568","-77"
"2794","599616109032283136","-149"
"2795","599616109039976576","-183"
"2796","599616109047670144","-197"
"2797","599616109055363712","-234"
"2798","599616109063057280","-248"
"2799","599616109070750720","-236"
"2800","599616109078444288","-243"
"2801","599616109086137856","-253"
"2802","599616109093831296","-246"
"2803","599616109101524864","-241"
"2804","599616109109218432","-241"
"2805","599616109116912000","-226"
"2806","599616109124605440","-190"
"2807","599616109132299008","-149"
"2808","599616109139992576","-113"
"2809","599616109147686016","-110"
"2810","599616109155379584","-132"
"2811","599616109163073152","-137"
"2812","599616109170766720","-154"
"2813","599616109178460160","-200"
"2814","599616109186153728","-197"
"2815","599616109193847296","-161"
"2816","599616109201540736","-164"
"2817","599616109209234304","-173"
"2818","599616109216927872","-229"
"2819","599616109224621440","-349"
"2820","599616109232314880","-340"
"2821","599616109240008448","-135"
"2822","599616109247702016","178"
"2823","599616109255395584","528"
"2824","599616109263089024","499"
"2825","599616109270782592","12"
"2826","599616109278476160","-270"
"2827","599616109286169600","-214"
"2828","599616109293863168","-207"
"2829","599616109301556736","-205"
"2830","599616109309250304","-149"
"2831","599616109316943744","-139"
"2832","599616109324637312","-123"
"2833","599616109332330880","-101"
"2834","599616109340024320","-45"
"2835","599616109347717888","96"
"2836","599616109355411456","190"
"2837","599616109363105024","166"
"2838","599616109370798464","144"
"2839","599616109378492032","173"
"2840","599616109386185600","166"
"2841","599616109393879040","106"
"2842","599616109401572608","55"
"2843","599616109409266176","43"
"2844","599616109416959744","60"
"2845","599616109424653184","72"
"2846","599616109432346752","72"
"2847","599616109440040302","53"
"2848","599616109447733888","28"
"2849","599616109455427456","28"
"2850","599616109463121152","16"
"2851","599616109470814720","-2"
"2852","599616109478508288","2"
"2853","599616109486201856","26"
"2854","599616109493895552","41"
"2855","599616109501589120","4"
"2856","599616109509282688","-53"
"2857","599616109516976256","-82"
"2858","599616109524669952","-108"
"2859","599616109532363520","-139"
"2860","599616109540057088","-171"
"2861","599616109547750656","-205"
"2862","599616109555444352","-217"
"2863","599616109563137920","-209"
"2864","599616109570831488","-202"
"2865","599616109578525056","-209"
"2866","599616109586218752","-217"
"2867","599616109593912320","-224"
"2868","599616109601605888","-219"
"2869","599616109609299584","-193"
"2870","599616109616993152","-144"
"2871","599616109624686720","-125"
"2872","599616109632380288","-147"
"2873","599616109640073984","-166"
"2874","599616109647767552","-171"
"2875","599616109655461120","-185"
"2876","599616109663154688","-202"
"2877","599616109670848384","-202"
"2878","599616109678541952","-183"
"2879","599616109686235520","-197"
"2880","599616109693929088","-236"
"2881","599616109701622784","-260"
"2882","599616109709316352","-301"
"2883","599616109717009920","-332"
"2884","599616109724703488","-212"
"2885","599616109732397184","127"
"2886","599616109740090752","526"
"2887","599616109747784320","620"
"2888","599616109755478016","263"
"2889","599616109763171584","-101"
"2890","599616109770865152","-152"
"2891","599616109778558720","-74"
"2892","599616109786252416","38"
"2893","599616109793945984","118"
"2894","599616109801639552","43"
"2895","599616109809333120","-19"
"2896","599616109817026816","14"
"2897","599616109824720384","-12"
"2898","599616109832413952","-79"
"2899","599616109840107520","-98"
"2900","599616109847801216","-127"
"2901","599616109855494784","-152"
"2902","599616109863188352","-125"
"2903","599616109870882048","-118"
"2904","599616109878575616","-137"
"2905","599616109886269184","-137"
"2906","599616109893962752","-142"
"2907","599616109901656448","-132"
"2908","599616109909350016","-67"
"2909","599616109917043584","-55"
"2910","599616109924737152","-115"
"2911","599616109932430848","-120"
"2912","599616109940124416","-72"
"2913","599616109947817984","-60"
"2914","599616109955511552","-89"
"2915","599616109963205248","-118"
"2916","599616109970898816","-113"
"2917","599616109978592384","-84"
"2918","599616109986285952","-82"
"2919","599616109993979648","-108"
"2920","599616110001673230","-137"
"2921","599616110009366656","-161"
"2922","599616110017060096","-188"
"2923","599616110024753536","-209"
"2924","599616110032447104","-212"
"2925","599616110040140544","-209"
"2926","599616110047833984","-224"
"2927","599616110055527424","-250"
"2928","599616110063220864","-241"
"2929","599616110070914304","-226"
"2930","599616110078607872","-243"
"2931","599616110086301312","-263"
"2932","599616110093994752","-236"
"2933","599616110101688192","-180"
"2934","599616110109381632","-149"
"2935","599616110117075072","-147"
"2936","599616110124768640","-154"
"2937","599616110132462080","-137"
"2938","599616110140155520","-168"
"2939","599616110147848960","-275"
"2940","599616110155542400","-231"
"2941","599616110163235840","-123"
"2942","599616110170929408","-173"
"2943","599616110178622848","-173"
"2944","599616110186316288","-53"
"2945","599616110194009728","-123"
"2946","599616110201703168","-306"
"2947","599616110209396736","-137"
"2948","599616110217090176","424"
"2949","599616110224783616","907"
"2950","599616110232477056","880"
"2951","599616110240170496","371"
"2952","599616110247863936","-82"
"2953","599616110255557504","-193"
"2954","599616110263250944","-178"
"2955","599616110270944384","-188"
"2956","599616110278637824","-209"
"2957","599616110286331264","-180"
"2958","599616110294024704","-123"
"2959","599616110301718272","-113"
"2960","599616110309411712","-135"
"2961","599616110317105152","-125"
"2962","599616110324798592","-96"
"2963","599616110332492032","-96"
"2964","599616110340185600","-113"
"2965","599616110347879040","-103"
"2966","599616110355572480","-89"
"2967","599616110363265920","-98"
"2968","599616110370959360","-110"
"2969","599616110378652800","-113"
"2970","599616110386346368","-118"
"2971","599616110394039808","-115"
"2972","599616110401733248","-94"
"2973","599616110409426688","-77"
"2974","599616110417120128","-79"
"2975","599616110424813568","-72"
"2976","599616110432507136","-48"
"2977","599616110440200576","-33"
"2978","599616110447894016","-28"
"2979","599616110455587456","-36"
"2980","599616110463280896","-53"
"2981","599616110470974336","-57"
"2982","599616110478667904","-62"
"2983","599616110486361344","-101"
"2984","599616110494054784","-147"
"2985","599616110501748224","-166"
"2986","599616110509441664","-185"
"2987","599616110517135232","-193"
"2988","599616110524828672","-180"
"2989","599616110532522112","-214"
"2990","599616110540215552","-231"
"2991","599616110547908992","-178"
"2992","599616110555602432","-164"
"2993","599616110563295984","-226"
"2994","599616110570989568","-236"
"2995","599616110578683136","-214"
"2996","599616110586376576","-200"
"2997","599616110594070144","-91"
"2998","599616110601763712","2"
"2999","599616110609457280","-53"
"3000","599616110617150720","-103"
"3001","599616110624844288","-21"
"3002","599616110632537856","82"
"3003","599616110640231296","152"
"3004","599616110647924864","168"
"3005","599616110655618432","132"
"3006","599616110663312000","144"
"3007","599616110671005440","168"
"3008","599616110678699008","69"
"3009","599616110686392576","-62"
"3010","599616110694086144","-74"
"3011","599616110701779584","106"
"3012","599616110709473152","518"
"3013","599616110717166720","839"
"3014","599616110724860160","632"
"3015","599616110732553728","171"
"3016","599616110740247296","-50"
"3017","599616110747940864","-120"
"3018","599616110755634304","-159"
"3019","599616110763327872","-135"
"3020","599616110771021440","-144"
"3021","599616110778714880","-161"
"3022","599616110786408448","-142"
"3023","599616110794102016","-147"
"3024","599616110801795584","-173"
"3025","599616110809489024","-168"
"3026","599616110817182592","-159"
"3027","599616110824876160","-149"
"3028","599616110832569600","-132"
"3029","599616110840263168","-135"
"3030","599616110847956736","-135"
"3031","599616110855650304","-113"
"3032","599616110863343744","-79"
"3033","599616110871037312","-62"
"3034","599616110878730880","-55"
"3035","599616110886424320","-36"
"3036","599616110894117888","-21"
"3037","599616110901811456","-33"
"3038","599616110909505024","-28"
"3039","599616110917198464","-7"
"3040","599616110924892032","-14"
"3041","599616110932585600","-31"
"3042","599616110940279168","-21"
"3043","599616110947972608","-19"
"3044","599616110955666176","-48"
"3045","599616110963359744","-96"
"3046","599616110971053184","-137"
"3047","599616110978746752","-144"
"3048","599616110986440320","-156"
"3049","599616110994133888","-193"
"3050","599616111001827328","-212"
"3051","599616111009520896","-226"
"3052","599616111017214464","-238"
"3053","599616111024907904","-219"
"3054","599616111032601472","-185"
"3055","599616111040295040","-188"
"3056","599616111047988608","-183"
"3057","599616111055682048","-149"
"3058","599616111063375616","-82"
"3059","599616111071069184","36"
"3060","599616111078762624","144"
"3061","599616111086456192","178"
"3062","599616111094149760","147"
"3063","599616111101843328","103"
"3064","599616111109536768","77"
"3065","599616111117230336","60"
"3066","599616111124923824","19"
"3067","599616111132617600","-41"
"3068","599616111140311424","-77"
"3069","599616111148005248","-96"
"3070","599616111155699072","-115"
"3071","599616111163392896","-144"
"3072","599616111171086592","-197"
"3073","599616111178780416","-219"
"3074","599616111186474240","-67"
"3075","599616111194168064","337"
"3076","599616111201861888","719"
"3077","599616111209555712","567"
"3078","599616111217249536","-2"
"3079","599616111224943360","-299"
"3080","599616111232637184","-272"
"3081","599616111240331008","-267"
"3082","599616111248024704","-275"
"3083","599616111255718528","-255"
"3084","599616111263412352","-253"
"3085","599616111271106176","-250"
"3086","599616111278800000","-229"
"3087","599616111286493824","-197"
"3088","599616111294187648","-183"
"3089","599616111301881472","-183"
"3090","599616111309575296","-156"
"3091","599616111317269120","-127"
"3092","599616111324962816","-130"
"3093","599616111332656640","-132"
"3094","599616111340350464","-108"
"3095","599616111348044288","-82"
"3096","599616111355738112","-65"
"3097","599616111363431936","-45"
"3098","599616111371125760","-41"
"3099","599616111378819584","-53"
"3100","599616111386513408","-48"
"3101","599616111394207104","-26"
"3102","599616111401900928","2"
"3103","599616111409594752","0"
"3104","599616111417288576","-45"
"3105","599616111424982400","-67"
"3106","599616111432676224","-79"
"3107","599616111440370048","-91"
"3108","599616111448063872","-50"
"3109","599616111455757696","-69"
"3110","599616111463451520","-147"
"3111","599616111471145216","-137"
"3112","599616111478839040","-94"
"3113","599616111486532864","-67"
"3114","599616111494226688","-65"
"3115","599616111501920512","-50"
"3116","599616111509614336","36"
"3117","599616111517308160","91"
"3118","599616111525001984","16"
"3119","599616111532695808","-84"
"3120","599616111540389632","-91"
"3121","599616111548083328","-48"
"3122","599616111555777152","-43"
"3123","599616111563470976","-36"
"3124","599616111571164800","-19"
"3125","599616111578858624","-45"
"3126","599616111586552448","-43"
"3127","599616111594246272","-12"
"3128","599616111601940096","-60"
"3129","599616111609633920","-127"
"3130","599616111617327616","-120"
"3131","599616111625021440","-108"
"3132","599616111632715264","-130"
"3133","599616111640409088","-137"
"3134","599616111648102912","-164"
"3135","599616111655796736","-250"
"3136","599616111663490560","-289"
"3137","599616111671184384","-130"
"3138","599616111678878208","243"
"3139","599616111686572010","588"
"3140","599616111694265472","482"
"3141","599616111701958912","-41"
"3142","599616111709652352","-345"
"3143","599616111717345920","-306"
"3144","599616111725039360","-275"
"3145","599616111732732800","-272"
"3146","599616111740426240","-234"
"3147","599616111748119680","-221"
"3148","599616111755813120","-217"
"3149","599616111763506688","-185"
"3150","599616111771200128","-176"
"3151","599616111778893568","-183"
"3152","599616111786587008","-156"
"3153","599616111794280448","-113"
"3154","599616111801973888","-94"
"3155","599616111809667456","-96"
"3156","599616111817360896","-106"
"3157","599616111825054336","-98"
"3158","599616111832747776","-69"
"3159","599616111840441216","-55"
"3160","599616111848134656","-48"
"3161","599616111855828224","-26"
"3162","599616111863521664","-31"
"3163","599616111871215104","-55"
"3164","599616111878908544","-50"
"3165","599616111886601984","2"
"3166","599616111894295552","60"
"3167","599616111901988992","57"
"3168","599616111909682432","33"
"3169","599616111917375872","69"
"3170","599616111925069312","77"
"3171","599616111932762752","12"
"3172","599616111940456320","86"
"3173","599616111948149760","258"
"3174","599616111955843200","214"
"3175","599616111963536640","31"
"3176","599616111971230080","0"
"3177","599616111978923520","50"
"3178","599616111986617088","-14"
"3179","599616111994310528","-101"
"3180","599616112002003968","-94"
"3181","599616112009697408","-101"
"3182","599616112017390848","-139"
"3183","599616112025084416","-156"
"3184","599616112032777856","-144"
"3185","599616112040471296","-96"
"3186","599616112048164736","-65"
"3187","599616112055858176","-74"
"3188","599616112063551616","-74"
"3189","599616112071245184","-86"
"3190","599616112078938624","-106"
"3191","599616112086632064","-125"
"3192","599616112094325504","-159"
"3193","599616112102018944","-178"
"3194","599616112109712384","-183"
"3195","599616112117405952","-190"
"3196","599616112125099392","-205"
"3197","599616112132792832","-255"
"3198","599616112140486272","-323"
"3199","599616112148179712","-287"
"3200","599616112155873152","-12"
"3201","599616112163566720","484"
"3202","599616112171260160","817"
"3203","599616112178953600","523"
"3204","599616112186647040","-74"
"3205","599616112194340480","-270"
"3206","599616112202034048","-166"
"3207","599616112209727488","-166"
"3208","599616112217420928","-197"
"3209","599616112225114368","-161"
"3210","599616112232807808","-149"
"3211","599616112240501248","-173"
"3212","599616112248194764","-183"
"3213","599616112255888256","-171"
"3214","599616112263581696","-156"
"3215","599616112271275136","-135"
"3216","599616112278968704","-103"
"3217","599616112286662144","-101"
"3218","599616112294355584","-125"
"3219","599616112302049024","-125"
"3220","599616112309742464","-123"
"3221","599616112317435904","-130"
"3222","599616112325129472","-67"
"3223","599616112332822912","7"
"3224","599616112340516352","-4"
"3225","599616112348209792","-19"
"3226","599616112355903232","24"
"3227","599616112363596672","57"
"3228","599616112371290240","74"
"3229","599616112378983680","135"
"3230","599616112386677120","205"
"3231","599616112394370560","147"
"3232","599616112402064000","36"
"3233","599616112409757440","74"
"3234","599616112417451008","115"
"3235","599616112425144448","-21"
"3236","599616112432837888","-152"
"3237","599616112440531328","-156"
"3238","599616112448224768","-139"
"3239","599616112455918336","-123"
"3240","599616112463611776","-98"
"3241","599616112471305216","-149"
"3242","599616112478998656","-214"
"3243","599616112486692096","-195"
"3244","599616112494385536","-168"
"3245","599616112502079104","-193"
"3246","599616112509772544","-205"
"3247","599616112517465984","-176"
"3248","599616112525159424","-154"
"3249","599616112532852864","-147"
"3250","599616112540546304","-127"
"3251","599616112548239872","-120"
"3252","599616112555933312","-132"
"3253","599616112563626752","-152"
"3254","599616112571320192","-168"
"3255","599616112579013632","-156"
"3256","599616112586707200","-147"
"3257","599616112594400640","-152"
"3258","599616112602094080","-147"
"3259","599616112609787520","-147"
"3260","599616112617480960","-200"
"3261","599616112625174400","-267"
"3262","599616112632867968","-180"
"3263","599616112640561408","139"
"3264","599616112648254848","550"
"3265","599616112655948288","678"
"3266","599616112663641728","250"
"3267","599616112671335168","-275"
"3268","599616112679028736","-349"
"3269","599616112686722176","-214"
"3270","599616112694415616","-200"
"3271","599616112702109056","-214"
"3272","599616112709802496","-142"
"3273","599616112717495936","-123"
"3274","599616112725189504","-173"
"3275","599616112732882944","-164"
"3276","599616112740576384","-147"
"3277","599616112748269824","-142"
"3278","599616112755963264","-55"
"3279","599616112763656832","0"
"3280","599616112771350272","-26"
"3281","599616112779043712","-19"
"3282","599616112786737152","36"
"3283","599616112794430592","178"
"3284","599616112802124032","340"
"3285","599616112809817518","330"
"3286","599616112817511296","258"
"3287","599616112825205120","267"
"3288","599616112832898944","263"
"3289","599616112840592768","217"
"3290","599616112848286592","176"
"3291","599616112855980288","164"
"3292","599616112863674112","168"
"3293","599616112871367936","144"
"3294","599616112879061760","132"
"3295","599616112886755584","137"
"3296","599616112894449408","65"
"3297","599616112902143232","-50"
"3298","599616112909837056","-98"
"3299","599616112917530880","-115"
"3300","599616112925224704","-164"
"3301","599616112932918400","-193"
"3302","599616112940612224","-212"
"3303","599616112948306048","-238"
"3304","599616112955999872","-248"
"3305","599616112963693696","-258"
"3306","599616112971387520","-272"
"3307","599616112979081344","-270"
"3308","599616112986775168","-282"
"3309","599616112994468992","-294"
"3310","599616113002162816","-255"
"3311","599616113009856512","-207"
"3312","599616113017550336","-200"
"3313","599616113025244160","-209"
"3314","599616113032937984","-205"
"3315","599616113040631808","-200"
"3316","599616113048325632","-221"
"3317","599616113056019456","-234"
"3318","599616113063713280","-214"
"3319","599616113071407104","-195"
"3320","599616113079100800","-185"
"3321","599616113086794624","-168"
"3322","599616113094488448","-178"
"3323","599616113102182272","-226"
"3324","599616113109876096","-193"
"3325","599616113117569920","53"
"3326","599616113125263744","374"
"3327","599616113132957568","477"
"3328","599616113140651392","209"
"3329","599616113148345216","-161"
"3330","599616113156038912","-250"
"3331","599616113163732736","-166"
"3332","599616113171426560","-149"
"3333","599616113179120384","-178"
"3334","599616113186814208","-166"
"3335","599616113194508032","-103"
"3336","599616113202201856","-38"
"3337","599616113209895680","-16"
"3338","599616113217589504","-7"
"3339","599616113225283328","48"
"3340","599616113232977024","166"
"3341","599616113240670848","270"
"3342","599616113248364672","287"
"3343","599616113256058496","263"
"3344","599616113263752320","272"
"3345","599616113271446144","296"
"3346","599616113279139968","282"
"3347","599616113286833792","221"
"3348","599616113294527616","166"
"3349","599616113302221312","166"
"3350","599616113309915136","183"
"3351","599616113317608960","166"
"3352","599616113325302784","154"
"3353","599616113332996608","149"
"3354","599616113340690432","106"
"3355","599616113348384256","53"
"3356","599616113356078080","36"
"3357","599616113363771904","45"
"3358","599616113371465702","19"
"3359","599616113379159296","-26"
"3360","599616113386852864","-60"
"3361","599616113394546304","-110"
"3362","599616113402239872","-161"
"3363","599616113409933440","-183"
"3364","599616113417627008","-202"
"3365","599616113425320448","-219"
"3366","599616113433014016","-224"
"3367","599616113440707584","-221"
"3368","599616113448401024","-212"
"3369","599616113456094592","-217"
"3370","599616113463788160","-217"
"3371","599616113471481728","-161"
"3372","599616113479175168","-86"
"3373","599616113486868736","-65"
"3374","599616113494562304","-72"
"3375","599616113502255872","-65"
"3376","599616113509949312","-74"
"3377","599616113517642880","-98"
"3378","599616113525336448","-127"
"3379","599616113533029888","-154"
"3380","599616113540723456","-132"
"3381","599616113548417024","-118"
"3382","599616113556110592","-180"
"3383","599616113563804032","-209"
"3384","599616113571497600","-221"
"3385","599616113579191168","-248"
"3386","599616113586884608","-67"
"3387","599616113594578176","359"
"3388","599616113602271744","704"
"3389","599616113609965312","588"
"3390","599616113617658752","89"
"3391","599616113625352320","-212"
"3392","599616113633045888","-202"
"3393","599616113640739328","-183"
"3394","599616113648432896","-164"
"3395","599616113656126464","-77"
"3396","599616113663820032","21"
"3397","599616113671513472","113"
"3398","599616113679207040","106"
"3399","599616113686900608","0"
"3400","599616113694594048","-7"
"3401","599616113702287616","84"
"3402","599616113709981184","79"
"3403","599616113717674752","0"
"3404","599616113725368192","-12"
"3405","599616113733061760","9"
"3406","599616113740755328","-2"
"3407","599616113748448896","14"
"3408","599616113756142336","67"
"3409","599616113763835904","41"
"3410","599616113771529472","0"
"3411","599616113779222912","28"
"3412","599616113786916480","36"
"3413","599616113794610048","-2"
"3414","599616113802303616","-2"
"3415","599616113809997056","0"
"3416","599616113817690624","-36"
"3417","599616113825384192","-55"
"3418","599616113833077632","-50"
"3419","599616113840771200","-67"
"3420","599616113848464768","-101"
"3421","599616113856158336","-139"
"3422","599616113863851776","-173"
"3423","599616113871545344","-200"
"3424","599616113879238912","-229"
"3425","599616113886932352","-241"
"3426","599616113894625920","-231"
"3427","599616113902319488","-241"
"3428","599616113910013056","-248"
"3429","599616113917706496","-231"
"3430","599616113925400064","-219"
"3431","599616113933093542","-217"
"3432","599616113940787072","-207"
"3433","599616113948480640","-190"
"3434","599616113956174080","-154"
"3435","599616113963867648","-123"
"3436","599616113971561216","-103"
"3437","599616113979254784","-103"
"3438","599616113986948224","-127"
"3439","599616113994641792","-125"
"3440","599616114002335360","-132"
"3441","599616114010028800","-190"
"3442","599616114017722368","-207"
"3443","599616114025415936","-166"
"3444","599616114033109504","-171"
"3445","599616114040802944","-236"
"3446","599616114048496512","-282"
"3447","599616114056190080","-248"
"3448","599616114063883648","-60"
"3449","599616114071577088","301"
"3450","599616114079270656","641"
"3451","599616114086964224","581"
"3452","599616114094657664","159"
"3453","599616114102351232","19"
"3454","599616114110044800","214"
"3455","599616114117738368","275"
"3456","599616114125431808","178"
"3457","599616114133125376","113"
"3458","599616114140818944","98"
"3459","599616114148512384","82"
"3460","599616114156205952","43"
"3461","599616114163899520","-14"
"3462","599616114171593088","-43"
"3463","599616114179286528","9"
"3464","599616114186980096","53"
"3465","599616114194673664","21"
"3466","599616114202367104","-14"
"3467","599616114210060672","-33"
"3468","599616114217754240","-55"
"3469","599616114225447808","-82"
"3470","599616114233141248","-96"
"3471","599616114240834816","-86"
"3472","599616114248528384","-84"
"3473","599616114256221824","-106"
"3474","599616114263915392","-110"
"3475","599616114271608960","-84"
"3476","599616114279302528","-84"
"3477","599616114286995968","-96"
"3478","599616114294689536","-77"
"3479","599616114302383104","-48"
"3480","599616114310076672","-38"
"3481","599616114317770112","-31"
"3482","599616114325463680","-41"
"3483","599616114333157248","-67"
"3484","599616114340850688","-89"
"3485","599616114348544256","-110"
"3486","599616114356237824","-135"
"3487","599616114363931392","-147"
"3488","599616114371624832","-152"
"3489","599616114379318400","-159"
"3490","599616114387011968","-154"
"3491","599616114394705408","-161"
"3492","599616114402398976","-185"
"3493","599616114410092544","-176"
"3494","599616114417786112","-142"
"3495","599616114425479552","-132"
"3496","599616114433173120","-113"
"3497","599616114440866688","-79"
"3498","599616114448560128","-82"
"3499","599616114456253696","-96"
"3500","599616114463947264","-89"
"3501","599616114471640832","-96"
"3502","599616114479334272","-127"
"3503","599616114487027840","-137"
"3504","599616114494721384","-127"
"3505","599616114502414976","-139"
"3506","599616114510108544","-130"
"3507","599616114517801984","-77"
"3508","599616114525495552","-57"
"3509","599616114533189120","-43"
"3510","599616114540882688","190"
"3511","599616114548576128","637"
"3512","599616114556269696","945"
"3513","599616114563963264","772"
"3514","599616114571656704","243"
"3515","599616114579350272","-94"
"3516","599616114587043840","-110"
"3517","599616114594737408","-82"
"3518","599616114602430848","-69"
"3519","599616114610124416","-43"
"3520","599616114617817984","-55"
"3521","599616114625511552","-96"
"3522","599616114633204992","-123"
"3523","599616114640898560","-130"
"3524","599616114648592128","-125"
"3525","599616114656285568","-110"
"3526","599616114663979136","-103"
"3527","599616114671672704","-115"
"3528","599616114679366272","-123"
"3529","599616114687059712","-110"
"3530","599616114694753280","-110"
"3531","599616114702446848","-123"
"3532","599616114710140288","-113"
"3533","599616114717833856","-96"
"3534","599616114725527424","-98"
"3535","599616114733220992","-91"
"3536","599616114740914432","-72"
"3537","599616114748608000","-60"
"3538","599616114756301568","-48"
"3539","599616114763995008","-38"
"3540","599616114771688576","-43"
"3541","599616114779382144","-43"
"3542","599616114787075712","-19"
"3543","599616114794769152","-21"
"3544","599616114802462720","-62"
"3545","599616114810156288","-115"
"3546","599616114817849728","-168"
"3547","599616114825543296","-178"
"3548","599616114833236864","-176"
"3549","599616114840930432","-224"
"3550","599616114848623872","-241"
"3551","599616114856317440","-221"
"3552","599616114864011008","-246"
"3553","599616114871704576","-253"
"3554","599616114879398016","-212"
"3555","599616114887091584","-205"
"3556","599616114894785152","-229"
"3557","599616114902478592","-231"
"3558","599616114910172160","-190"
"3559","599616114917865728","-118"
"3560","599616114925559296","-50"
"3561","599616114933252736","-60"
"3562","599616114940946304","-123"
"3563","599616114948639872","-123"
"3564","599616114956333312","-82"
"3565","599616114964026880","-38"
"3566","599616114971720448","115"
"3567","599616114979414016","320"
"3568","599616114987107456","415"
"3569","599616114994801024","369"
"3570","599616115002494592","253"
"3571","599616115010188032","287"
"3572","599616115017881600","629"
"3573","599616115025575168","1112"
"3574","599616115033268736","1281"
"3575","599616115040962176","834"
"3576","599616115048655744","234"
"3577","599616115056349224","-7"
"3578","599616115064043136","-67"
"3579","599616115071737088","-113"
"3580","599616115079431040","-108"
"3581","599616115087124992","-125"
"3582","599616115094818944","-166"
"3583","599616115102512896","-164"
"3584","599616115110206848","-152"
"3585","599616115117900800","-168"
"3586","599616115125594752","-185"
"3587","599616115133288704","-205"
"3588","599616115140982656","-209"
"3589","599616115148676608","-188"
"3590","599616115156370560","-180"
"3591","599616115164064512","-178"
"3592","599616115171758464","-164"
"3593","599616115179452416","-147"
"3594","599616115187146368","-125"
"3595","599616115194840320","-106"
"3596","599616115202534272","-69"
"3597","599616115210228224","-26"
"3598","599616115217922176","-31"
"3599","599616115225616128","-41"
"3600","599616115233310080","-7"
"3601","599616115241004032","2"
"3602","599616115248697984","-24"
"3603","599616115256391936","-31"
"3604","599616115264085888","-53"
"3605","599616115271779840","-86"
"3606","599616115279473792","-118"
"3607","599616115287167744","-178"
"3608","599616115294861696","-231"
"3609","599616115302555648","-229"
"3610","599616115310249600","-212"
"3611","599616115317943552","-253"
"3612","599616115325637376","-289"
"3613","599616115333331328","-250"
"3614","599616115341025280","-241"
"3615","599616115348719232","-279"
"3616","599616115356413184","-231"
"3617","599616115364107136","-142"
"3618","599616115371801088","-115"
"3619","599616115379495040","-120"
"3620","599616115387188992","-86"
"3621","599616115394882944","-12"
"3622","599616115402576896","94"
"3623","599616115410270848","209"
"3624","599616115417964800","265"
"3625","599616115425658752","207"
"3626","599616115433352704","137"
"3627","599616115441046656","156"
"3628","599616115448740608","144"
"3629","599616115456434560","45"
"3630","599616115464128512","-21"
"3631","599616115471822464","-50"
"3632","599616115479516416","-137"
"3633","599616115487210368","-154"
"3634","599616115494904320","127"
"3635","599616115502598272","581"
"3636","599616115510292224","786"
"3637","599616115517986176","451"
"3638","599616115525680128","-86"
"3639","599616115533374080","-294"
"3640","599616115541068032","-270"
"3641","599616115548761984","-291"
"3642","599616115556455936","-279"
"3643","599616115564149888","-238"
"3644","599616115571843840","-272"
"3645","599616115579537792","-294"
"3646","599616115587231744","-267"
"3647","599616115594925696","-270"
"3648","599616115602619648","-282"
"3649","599616115610313600","-263"
"3650","599616115618007581","-231"
"3651","599616115625700864","-212"
"3652","599616115633394176","-197"
"3653","599616115641087360","-159"
"3654","599616115648780672","-135"
"3655","599616115656473856","-123"
"3656","599616115664167168","-98"
"3657","599616115671860352","-82"
"3658","599616115679553664","-77"
"3659","599616115687246848","-48"
"3660","599616115694940160","-16"
"3661","599616115702633344","-43"
"3662","599616115710326656","-60"
"3663","599616115718019968","-28"
"3664","599616115725713152","-19"
"3665","599616115733406464","-31"
"3666","599616115741099648","-16"
"3667","599616115748792960","-14"
"3668","599616115756486144","-28"
"3669","599616115764179456","4"
"3670","599616115771872640","26"
"3671","599616115779565952","-94"
"3672","599616115787259136","-246"
"3673","599616115794952448","-238"
"3674","599616115802645632","-183"
"3675","599616115810338944","-171"
"3676","599616115818032256","-103"
"3677","599616115825725440","38"
"3678","599616115833418752","209"
"3679","599616115841111936","325"
"3680","599616115848805248","332"
"3681","599616115856498432","337"
"3682","599616115864191744","400"
"3683","599616115871884928","390"
"3684","599616115879578240","279"
"3685","599616115887271424","159"
"3686","599616115894964736","84"
"3687","599616115902658048","79"
"3688","599616115910351232","84"
"3689","599616115918044544","36"
"3690","599616115925737728","-4"
"3691","599616115933431040","-28"
"3692","599616115941124224","-82"
"3693","599616115948817536","-164"
"3694","599616115956510720","-226"
"3695","599616115964204032","-149"
"3696","599616115971897216","74"
"3697","599616115979590528","349"
"3698","599616115987283712","424"
"3699","599616115994977024","74"
"3700","599616116002670336","-328"
"3701","599616116010363520","-383"
"3702","599616116018056832","-304"
"3703","599616116025750016","-287"
"3704","599616116033443328","-253"
"3705","599616116041136512","-209"
"3706","599616116048829824","-207"
"3707","599616116056523008","-207"
"3708","599616116064216320","-183"
"3709","599616116071909504","-159"
"3710","599616116079602816","-147"
"3711","599616116087296128","-142"
"3712","599616116094989312","-125"
"3713","599616116102682624","-106"
"3714","599616116110375808","-89"
"3715","599616116118069120","-69"
"3716","599616116125762304","-67"
"3717","599616116133455616","-74"
"3718","599616116141148800","-86"
"3719","599616116148842112","-84"
"3720","599616116156535296","-43"
"3721","599616116164228608","-19"
"3722","599616116171921792","-43"
"3723","599616116179615078","-38"
"3724","599616116187308928","31"
"3725","599616116195002752","62"
"3726","599616116202696576","28"
"3727","599616116210390400","-24"
"3728","599616116218084224","-16"
"3729","599616116225777920","60"
"3730","599616116233471744","55"
"3731","599616116241165568","-7"
"3732","599616116248859392","77"
"3733","599616116256553216","173"
"3734","599616116264247040","74"
"3735","599616116271940864","-19"
"3736","599616116279634688","-4"
"3737","599616116287328512","-26"
"3738","599616116295022336","-79"
"3739","599616116302716032","-79"
"3740","599616116310409856","-53"
"3741","599616116318103680","-45"
"3742","599616116325797504","-16"
"3743","599616116333491328","28"
"3744","599616116341185152","31"
"3745","599616116348878976","-4"
"3746","599616116356572800","-36"
"3747","599616116364266624","-48"
"3748","599616116371960448","-74"
"3749","599616116379654144","-118"
"3750","599616116387347968","-147"
"3751","599616116395041792","-152"
"3752","599616116402735616","-168"
"3753","599616116410429440","-207"
"3754","599616116418123264","-263"
"3755","599616116425817088","-316"
"3756","599616116433510912","-272"
"3757","599616116441204736","-45"
"3758","599616116448898432","340"
"3759","599616116456592256","591"
"3760","599616116464286080","328"
"3761","599616116471979904","-152"
"3762","599616116479673728","-296"
"3763","599616116487367552","-248"
"3764","599616116495061376","-253"
"3765","599616116502755200","-221"
"3766","599616116510449024","-168"
"3767","599616116518142848","-161"
"3768","599616116525836544","-178"
"3769","599616116533530368","-178"
"3770","599616116541224192","-130"
"3771","599616116548918016","-91"
"3772","599616116556611840","-115"
"3773","599616116564305664","-132"
"3774","599616116571999488","-84"
"3775","599616116579693312","-28"
"3776","599616116587387136","-28"
"3777","599616116595080960","-41"
"3778","599616116602774656","-65"
"3779","599616116610468480","-96"
"3780","599616116618162304","-41"
"3781","599616116625856128","72"
"3782","599616116633549952","74"
"3783","599616116641243776","19"
"3784","599616116648937600","62"
"3785","599616116656631424","142"
"3786","599616116664325248","195"
"3787","599616116672018944","258"
"3788","599616116679712768","347"
"3789","599616116687406592","402"
"3790","599616116695100416","381"
"3791","599616116702794240","395"
"3792","599616116710488064","398"
"3793","599616116718181888","272"
"3794","599616116725875712","142"
"3795","599616116733569536","94"
"3796","599616116741263262","74"
"3797","599616116748956800","36"
"3798","599616116756650368","-9"
"3799","599616116764343808","-26"
"3800","599616116772037376","-31"
"3801","599616116779730944","-43"
"3802","599616116787424512","-62"
"3803","599616116795117952","-86"
"3804","599616116802811520","-65"
"3805","599616116810505088","-12"
"3806","599616116818198528","-12"
"3807","599616116825892096","-62"
"3808","599616116833585664","-94"
"3809","599616116841279232","-101"
"3810","599616116848972672","-118"
"3811","599616116856666240","-144"
"3812","599616116864359808","-147"
"3813","599616116872053376","-142"
"3814","599616116879746816","-147"
"3815","599616116887440384","-183"
"3816","599616116895133952","-263"
"3817","599616116902827392","-277"
"3818","599616116910520960","-110"
"3819","599616116918214528","236"
"3820","599616116925908096","576"
"3821","599616116933601536","516"
"3822","599616116941295104","7"
"3823","599616116948988672","-349"
"3824","599616116956682112","-294"
"3825","599616116964375680","-202"
"3826","599616116972069248","-209"
"3827","599616116979762816","-197"
"3828","599616116987456256","-190"
"3829","599616116995149824","-209"
"3830","599616117002843392","-193"
"3831","599616117010536832","-166"
"3832","599616117018230400","-176"
"3833","599616117025923968","-168"
"3834","599616117033617536","-147"
"3835","599616117041310976","-147"
"3836","599616117049004544","-110"
"3837","599616117056698112","-28"
"3838","599616117064391552","-12"
"3839","599616117072085120","-4"
"3840","599616117079778688","84"
"3841","599616117087472256","212"
"3842","599616117095165696","306"
"3843","599616117102859264","301"
"3844","599616117110552832","255"
"3845","599616117118246400","243"
"3846","599616117125939840","207"
"3847","599616117133633408","135"
"3848","599616117141326976","101"
"3849","599616117149020416","110"
"3850","599616117156713984","106"
"3851","599616117164407552","50"
"3852","599616117172101120","-2"
"3853","599616117179794560","-21"
"3854","599616117187488128","-45"
"3855","599616117195181696","-67"
"3856","599616117202875136","-60"
"3857","599616117210568704","-50"
"3858","599616117218262272","-55"
"3859","599616117225955840","-45"
"3860","599616117233649280","-19"
"3861","599616117241342848","-9"
"3862","599616117249036416","-19"
"3863","599616117256729856","-31"
"3864","599616117264423424","-41"
"3865","599616117272116992","-41"
"3866","599616117279810560","-28"
"3867","599616117287504000","-19"
"3868","599616117295197568","-31"
"3869","599616117302891102","-65"
"3870","599616117310584704","-98"
"3871","599616117318278272","-108"
"3872","599616117325971712","-106"
"3873","599616117333665280","-113"
"3874","599616117341358848","-123"
"3875","599616117349052416","-135"
"3876","599616117356745856","-166"
"3877","599616117364439424","-236"
"3878","599616117372132992","-272"
"3879","599616117379826432","-74"
"3880","599616117387520000","374"
"3881","599616117395213568","733"
"3882","599616117402907136","564"
"3883","599616117410600576","19"
"3884","599616117418294144","-265"
"3885","599616117425987712","-224"
"3886","599616117433681280","-193"
"3887","599616117441374720","-161"
"3888","599616117449068288","-123"
"3889","599616117456761856","-159"
"3890","599616117464455296","-180"
"3891","599616117472148864","-115"
"3892","599616117479842432","-60"
"3893","599616117487536000","-60"
"3894","599616117495229440","-14"
"3895","599616117502923008","41"
"3896","599616117510616576","33"
"3897","599616117518310016","98"
"3898","599616117526003584","212"
"3899","599616117533697152","183"
"3900","599616117541390720","106"
"3901","599616117549084160","94"
"3902","599616117556777728","74"
"3903","599616117564471296","65"
"3904","599616117572164736","96"
"3905","599616117579858304","110"
"3906","599616117587551872","79"
"3907","599616117595245440","86"
"3908","599616117602938880","135"
"3909","599616117610632448","137"
"3910","599616117618326016","115"
"3911","599616117626019456","79"
"3912","599616117633713024","38"
"3913","599616117641406592","14"
"3914","599616117649100160","-38"
"3915","599616117656793600","-110"
"3916","599616117664487168","-137"
"3917","599616117672180736","-127"
"3918","599616117679874304","-142"
"3919","599616117687567744","-178"
"3920","599616117695261312","-202"
"3921","599616117702954880","-200"
"3922","599616117710648320","-188"
"3923","599616117718341888","-205"
"3924","599616117726035456","-226"
"3925","599616117733729024","-207"
"3926","599616117741422464","-161"
"3927","599616117749116032","-127"
"3928","599616117756809600","-118"
"3929","599616117764503040","-123"
"3930","599616117772196608","-137"
"3931","599616117779890176","-171"
"3932","599616117787583744","-178"
"3933","599616117795277184","-149"
"3934","599616117802970752","-159"
"3935","599616117810664320","-202"
"3936","599616117818357760","-195"
"3937","599616117826051328","-178"
"3938","599616117833744896","-224"
"3939","599616117841438464","-238"
"3940","599616117849131904","-57"
"3941","599616117856825472","246"
"3942","599616117864518944","453"
"3943","599616117872212480","352"
"3944","599616117879906048","-19"
"3945","599616117887599488","-267"
"3946","599616117895293056","-248"
"3947","599616117902986624","-183"
"3948","599616117910680192","-110"
"3949","599616117918373632","-45"
"3950","599616117926067200","-60"
"3951","599616117933760768","-33"
"3952","599616117941454208","82"
"3953","599616117949147776","110"
"3954","599616117956841344","65"
"3955","599616117964534912","55"
"3956","599616117972228352","38"
"3957","599616117979921920","2"
"3958","599616117987615488","4"
"3959","599616117995309056","4"
"3960","599616118003002496","4"
"3961","599616118010696064","31"
"3962","599616118018389632","62"
"3963","599616118026083072","82"
"3964","599616118033776640","67"
"3965","599616118041470208","45"
"3966","599616118049163776","55"
"3967","599616118056857216","82"
"3968","599616118064550784","84"
"3969","599616118072244352","65"
"3970","599616118079937792","60"
"3971","599616118087631360","50"
"3972","599616118095324928","28"
"3973","599616118103018496","4"
"3974","599616118110711936","-26"
"3975","599616118118405504","-69"
"3976","599616118126099072","-113"
"3977","599616118133792512","-159"
"3978","599616118141486080","-180"
"3979","599616118149179648","-195"
"3980","599616118156873216","-224"
"3981","599616118164566656","-246"
"3982","599616118172260224","-255"
"3983","599616118179953792","-260"
"3984","599616118187647232","-243"
"3985","599616118195340800","-209"
"3986","599616118203034368","-183"
"3987","599616118210727936","-159"
"3988","599616118218421376","-142"
"3989","599616118226114944","-144"
"3990","599616118233808512","-154"
"3991","599616118241502080","-173"
"3992","599616118249195520","-205"
"3993","599616118256889088","-219"
"3994","599616118264582656","-212"
"3995","599616118272276096","-205"
"3996","599616118279969664","-207"
"3997","599616118287663232","-231"
"3998","599616118295356800","-282"
"3999","599616118303050240","-311"
"4000","599616118310743808","-171"
"4001","599616118318437376","195"
"4002","599616118326130816","571"
"4003","599616118333824384","552"
"4004","599616118341517952","77"
"4005","599616118349211520","-282"
"4006","599616118356904960","-253"
"4007","599616118364598528","-171"
"4008","599616118372292096","-190"
"4009","599616118379985536","-166"
"4010","599616118387679104","-82"
"4011","599616118395372672","-41"
"4012","599616118403066240","-65"
"4013","599616118410759680","-118"
"4014","599616118418453248","-156"
"4015","599616118426146784","-132"
"4016","599616118433840384","-98"
"4017","599616118441533952","-113"
"4018","599616118449227392","-123"
"4019","599616118456920960","-86"
"4020","599616118464614528","-36"
"4021","599616118472308096","-19"
"4022","599616118480001536","-28"
"4023","599616118487695104","-19"
"4024","599616118495388672","-7"
"4025","599616118503082112","-2"
"4026","599616118510775680","41"
"4027","599616118518469248","77"
"4028","599616118526162816","55"
"4029","599616118533856256","12"
"4030","599616118541549824","4"
"4031","599616118549243392","2"
"4032","599616118556936960","-33"
"4033","599616118564630400","-45"
"4034","599616118572323968","-60"
"4035","599616118580017536","-139"
"4036","599616118587710976","-193"
"4037","599616118595404544","-183"
"4038","599616118603098112","-188"
"4039","599616118610791680","-214"
"4040","599616118618485120","-226"
"4041","599616118626178688","-214"
"4042","599616118633872256","-219"
"4043","599616118641565696","-253"
"4044","599616118649259264","-243"
"4045","599616118656952832","-195"
"4046","599616118664646400","-188"
"4047","599616118672339840","-224"
"4048","599616118680033408","-221"
"4049","599616118687726976","-144"
"4050","599616118695420416","-101"
"4051","599616118703113984","-132"
"4052","599616118710807552","-185"
"4053","599616118718501120","-238"
"4054","599616118726194560","-248"
"4055","599616118733888128","-214"
"4056","599616118741581696","-178"
"4057","599616118749275136","-161"
"4058","599616118756968704","-207"
"4059","599616118764662272","-304"
"4060","599616118772355840","-275"
"4061","599616118780049280","65"
"4062","599616118787742848","574"
"4063","599616118795436416","798"
"4064","599616118803129984","465"
"4065","599616118810823424","-57"
"4066","599616118818516992","-282"
"4067","599616118826210560","-243"
"4068","599616118833904000","-144"
"4069","599616118841597568","-113"
"4070","599616118849291136","-154"
"4071","599616118856984704","-135"
"4072","599616118864678144","-98"
"4073","599616118872371712","-130"
"4074","599616118880065280","-120"
"4075","599616118887758720","-50"
"4076","599616118895452288","-38"
"4077","599616118903145856","-60"
"4078","599616118910839424","-43"
"4079","599616118918532864","-24"
"4080","599616118926226432","-12"
"4081","599616118933920000","-21"
"4082","599616118941613440","-38"
"4083","599616118949307008","-24"
"4084","599616118957000576","-19"
"4085","599616118964694144","-41"
"4086","599616118972387584","-41"
"4087","599616118980081152","-31"
"4088","599616118987774624","-50"
"4089","599616118995468160","-94"
"4090","599616119003161728","-113"
"4091","599616119010855168","-94"
"4092","599616119018548736","-84"
"4093","599616119026242304","-82"
"4094","599616119033935872","-86"
"4095","599616119041629312","-139"
"4096","599616119049322880","-195"
"4097","599616119057016448","-209"
"4098","599616119064709888","-217"
"4099","599616119072403456","-209"
"4100","599616119080097024","-214"
"4101","599616119087790592","-236"
"4102","599616119095484032","-207"
"4103","599616119103177600","-195"
"4104","599616119110871168","-243"
"4105","599616119118564736","-248"
"4106","599616119126258176","-168"
"4107","599616119133951744","-103"
"4108","599616119141645312","-118"
"4109","599616119149338752","-130"
"4110","599616119157032320","-103"
"4111","599616119164725888","-108"
"4112","599616119172419456","-120"
"4113","599616119180112896","-91"
"4114","599616119187806464","-60"
"4115","599616119195500032","-77"
"4116","599616119203193472","-91"
"4117","599616119210887040","-74"
"4118","599616119218580608","-98"
"4119","599616119226274176","-144"
"4120","599616119233967616","-185"
"4121","599616119241661184","-159"
"4122","599616119249354752","62"
"4123","599616119257048192","463"
"4124","599616119264741760","779"
"4125","599616119272435328","629"
"4126","599616119280128896","156"
"4127","599616119287822336","-67"
"4128","599616119295515904","-45"
"4129","599616119303209472","-79"
"4130","599616119310902912","-115"
"4131","599616119318596480","-101"
"4132","599616119326290048","-98"
"4133","599616119333983616","-101"
"4134","599616119341677056","-74"
"4135","599616119349370624","-57"
"4136","599616119357064192","-82"
"4137","599616119364757760","-108"
"4138","599616119372451200","-98"
"4139","599616119380144768","-77"
"4140","599616119387838336","-82"
"4141","599616119395531776","-86"
"4142","599616119403225344","-77"
"4143","599616119410918912","-77"
"4144","599616119418612480","-77"
"4145","599616119426305920","-74"
"4146","599616119433999488","-77"
"4147","599616119441693056","-77"
"4148","599616119449386496","-65"
"4149","599616119457080064","-48"
"4150","599616119464773632","-43"
"4151","599616119472467200","-45"
"4152","599616119480160640","-31"
"4153","599616119487854208","-14"
"4154","599616119495547776","-21"
"4155","599616119503241216","-43"
"4156","599616119510934784","-77"
"4157","599616119518628352","-103"
"4158","599616119526321920","-113"
"4159","599616119534015360","-156"
"4160","599616119541708928","-207"
"4161","599616119549402464","-214"
"4162","599616119557096064","-197"
"4163","599616119564789632","-205"
"4164","599616119572483328","-231"
"4165","599616119580176896","-231"
"4166","599616119587870464","-188"
"4167","599616119595564032","-152"
"4168","599616119603257728","-139"
"4169","599616119610951296","-103"
"4170","599616119618644864","-53"
"4171","599616119626338432","-45"
"4172","599616119634032128","-67"
"4173","599616119641725696","-62"
"4174","599616119649419264","-45"
"4175","599616119657112832","-36"
"4176","599616119664806528","4"
"4177","599616119672500096","38"
"4178","599616119680193664","2"
"4179","599616119687887232","-67"
"4180","599616119695580928","-137"
"4181","599616119703274496","-180"
"4182","599616119710968064","-4"
"4183","599616119718661760","492"
"4184","599616119726355328","849"
"4185","599616119734048896","569"
"4186","599616119741742464","33"
"4187","599616119749436160","-176"
"4188","599616119757129728","-185"
"4189","599616119764823296","-207"
"4190","599616119772516864","-178"
"4191","599616119780210560","-147"
"4192","599616119787904128","-152"
"4193","599616119795597696","-139"
"4194","599616119803291264","-120"
"4195","599616119810984960","-130"
"4196","599616119818678528","-139"
"4197","599616119826372096","-130"
"4198","599616119834065664","-120"
"4199","599616119841759360","-123"
"4200","599616119849452928","-137"
"4201","599616119857146496","-113"
"4202","599616119864840192","-77"
"4203","599616119872533760","-79"
"4204","599616119880227328","-74"
"4205","599616119887920896","-48"
"4206","599616119895614592","-24"
"4207","599616119903308160","4"
"4208","599616119911001728","12"
"4209","599616119918695296","-7"
"4210","599616119926388992","0"
"4211","599616119934082560","41"
"4212","599616119941776128","55"
"4213","599616119949469696","26"
"4214","599616119957163392","-19"
"4215","599616119964856960","-33"
"4216","599616119972550528","-48"
"4217","599616119980244224","-130"
"4218","599616119987937792","-188"
"4219","599616119995631360","-166"
"4220","599616120003324928","-168"
"4221","599616120011018624","-212"
"4222","599616120018712192","-217"
"4223","599616120026405760","-161"
"4224","599616120034099328","-139"
"4225","599616120041793024","-188"
"4226","599616120049486592","-154"
"4227","599616120057180160","-69"
"4228","599616120064873728","-36"
"4229","599616120072567424","69"
"4230","599616120080260992","224"
"4231","599616120087954560","255"
"4232","599616120095648128","152"
"4233","599616120103341824","91"
"4234","599616120111035392","115"
"4235","599616120118728832","62"
"4236","599616120126422272","-50"
"4237","599616120134115712","-96"
"4238","599616120141809280","-36"
"4239","599616120149502720","16"
"4240","599616120157196160","-86"
"4241","599616120164889600","-229"
"4242","599616120172583040","-238"
"4243","599616120180276480","-26"
"4244","599616120187970048","400"
"4245","599616120195663488","678"
"4246","599616120203356928","419"
"4247","599616120211050368","-79"
"4248","599616120218743808","-296"
"4249","599616120226437248","-304"
"4250","599616120234130816","-316"
"4251","599616120241824256","-304"
"4252","599616120249517696","-267"
"4253","599616120257211136","-250"
"4254","599616120264904576","-243"
"4255","599616120272598016","-236"
"4256","599616120280291584","-224"
"4257","599616120287985024","-209"
"4258","599616120295678464","-205"
"4259","599616120303371904","-178"
"4260","599616120311065344","-130"
"4261","599616120318758912","-113"
"4262","599616120326452352","-120"
"4263","599616120334145792","-108"
"4264","599616120341839232","-82"
"4265","599616120349532672","-67"
"4266","599616120357226112","-60"
"4267","599616120364919680","-41"
"4268","599616120372613120","-28"
"4269","599616120380306560","-21"
"4270","599616120388000000","-9"
"4271","599616120395693440","-4"
"4272","599616120403386880","-9"
"4273","599616120411080448","-31"
"4274","599616120418773888","-45"
"4275","599616120426467328","-12"
"4276","599616120434160768","4"
"4277","599616120441854208","-48"
"4278","599616120449547776","-60"
"4279","599616120457241216","-28"
"4280","599616120464934656","-55"
"4281","599616120472628096","-89"
"4282","599616120480321536","-14"
"4283","599616120488014976","33"
"4284","599616120495708544","-43"
"4285","599616120503401984","-53"
"4286","599616120511095424","4"
"4287","599616120518788864","-53"
"4288","599616120526482304","-120"
"4289","599616120534175744","-65"
"4290","599616120541869312","-2"
"4291","599616120549562752","-7"
"4292","599616120557256192","-28"
"4293","599616120564949632","-50"
"4294","599616120572643072","-98"
"4295","599616120580336512","-147"
"4296","599616120588030080","-130"
"4297","599616120595723520","-86"
"4298","599616120603416960","-89"
"4299","599616120611110400","-110"
"4300","599616120618803840","-161"
"4301","599616120626497408","-236"
"4302","599616120634190848","-229"
"4303","599616120641884288","-69"
"4304","599616120649577728","241"
"4305","599616120657271168","579"
"4306","599616120664964608","513"
"4307","599616120672658146","0"
"4308","599616120680352000","-301"
"4309","599616120688045824","-246"
"4310","599616120695739776","-214"
"4311","599616120703433600","-219"
"4312","599616120711127552","-178"
"4313","599616120718821376","-168"
"4314","599616120726515328","-180"
"4315","599616120734209152","-161"
"4316","599616120741903104","-154"
"4317","599616120749596928","-161"
"4318","599616120757290752","-144"
"4319","599616120764984704","-127"
"4320","599616120772678528","-118"
"4321","599616120780372480","-101"
"4322","599616120788066304","-94"
"4323","599616120795760256","-72"
"4324","599616120803454080","-38"
"4325","599616120811147904","-50"
"4326","599616120818841856","-55"
"4327","599616120826535680","7"
"4328","599616120834229632","-26"
"4329","599616120841923456","-135"
"4330","599616120849617408","-98"
"4331","599616120857311232","-12"
"4332","599616120865005184","16"
"4333","599616120872699008","72"
"4334","599616120880392832","86"
"4335","599616120888086784","-2"
"4336","599616120895780608","16"
"4337","599616120903474560","202"
"4338","599616120911168384","236"
"4339","599616120918862336","28"
"4340","599616120926556160","-60"
"4341","599616120934250112","31"
"4342","599616120941943936","4"
"4343","599616120949637760","-94"
"4344","599616120957331712","-91"
"4345","599616120965025536","-96"
"4346","599616120972719488","-137"
"4347","599616120980413312","-154"
"4348","599616120988107264","-154"
"4349","599616120995801088","-127"
"4350","599616121003495040","-77"
"4351","599616121011188864","-65"
"4352","599616121018882688","-79"
"4353","599616121026576640","-89"
"4354","599616121034270464","-135"
"4355","599616121041964416","-193"
"4356","599616121049658240","-197"
"4357","599616121057352192","-195"
"4358","599616121065046016","-209"
"4359","599616121072739840","-207"
"4360","599616121080433792","-226"
"4361","599616121088127616","-299"
"4362","599616121095821568","-340"
"4363","599616121103515392","-209"
"4364","599616121111209344","98"
"4365","599616121118903168","436"
"4366","599616121126597120","509"
"4367","599616121134290944","142"
"4368","599616121141984768","-234"
"4369","599616121149678720","-272"
"4370","599616121157372544","-212"
"4371","599616121165066496","-212"
"4372","599616121172760320","-188"
"4373","599616121180454272","-149"
"4374","599616121188148096","-166"
"4375","599616121195842048","-214"
"4376","599616121203535872","-209"
"4377","599616121211229696","-183"
"4378","599616121218923648","-193"
"4379","599616121226617472","-147"
"4380","599616121234311418","-69"
"4381","599616121242004992","-65"
"4382","599616121249698560","-82"
"4383","599616121257392256","-82"
"4384","599616121265085824","-79"
"4385","599616121272779392","-48"
"4386","599616121280472960","0"
"4387","599616121288166656","36"
"4388","599616121295860224","41"
"4389","599616121303553792","41"
"4390","599616121311247360","106"
"4391","599616121318941056","224"
"4392","599616121326634624","323"
"4393","599616121334328192","407"
"4394","599616121342021760","484"
"4395","599616121349715456","487"
"4396","599616121357409024","361"
"4397","599616121365102592","193"
"4398","599616121372796160","106"
"4399","599616121380489856","43"
"4400","599616121388183424","-65"
"4401","599616121395876992","-115"
"4402","599616121403570688","-118"
"4403","599616121411264256","-152"
"4404","599616121418957824","-159"
"4405","599616121426651392","-154"
"4406","599616121434345088","-176"
"4407","599616121442038656","-207"
"4408","599616121449732224","-243"
"4409","599616121457425792","-226"
"4410","599616121465119488","-168"
"4411","599616121472813056","-137"
"4412","599616121480506624","-139"
"4413","599616121488200192","-154"
"4414","599616121495893888","-164"
"4415","599616121503587456","-185"
"4416","599616121511281024","-221"
"4417","599616121518974592","-217"
"4418","599616121526668288","-185"
"4419","599616121534361856","-190"
"4420","599616121542055424","-219"
"4421","599616121549749120","-279"
"4422","599616121557442688","-330"
"4423","599616121565136256","-229"
"4424","599616121572829824","65"
"4425","599616121580523520","429"
"4426","599616121588217088","513"
"4427","599616121595910656","103"
"4428","599616121603604224","-311"
"4429","599616121611297920","-342"
"4430","599616121618991488","-253"
"4431","599616121626685056","-250"
"4432","599616121634378624","-243"
"4433","599616121642072320","-188"
"4434","599616121649765888","-178"
"4435","599616121657459456","-224"
"4436","599616121665153024","-219"
"4437","599616121672846720","-190"
"4438","599616121680540288","-193"
"4439","599616121688233856","-142"
"4440","599616121695927552","-74"
"4441","599616121703621120","-67"
"4442","599616121711314688","-36"
"4443","599616121719008256","28"
"4444","599616121726701952","67"
"4445","599616121734395520","91"
"4446","599616121742089088","103"
"4447","599616121749782656","125"
"4448","599616121757476352","130"
"4449","599616121765169920","94"
"4450","599616121772863488","132"
"4451","599616121780557056","176"
"4452","599616121788250752","55"
"4453","599616121795944344","-41"
"4454","599616121803637888","26"
"4455","599616121811331456","69"
"4456","599616121819024896","12"
"4457","599616121826718464","-45"
"4458","599616121834412032","-62"
"4459","599616121842105600","-94"
"4460","599616121849799040","-115"
"4461","599616121857492608","-108"
"4462","599616121865186176","-132"
"4463","599616121872879616","-164"
"4464","599616121880573184","-166"
"4465","599616121888266752","-185"
"4466","599616121895960320","-221"
"4467","599616121903653760","-221"
"4468","599616121911347328","-193"
"4469","599616121919040896","-164"
"4470","599616121926734464","-132"
"4471","599616121934427904","-110"
"4472","599616121942121472","-108"
"4473","599616121949815040","-127"
"4474","599616121957508480","-149"
"4475","599616121965202048","-156"
"4476","599616121972895616","-161"
"4477","599616121980589184","-164"
"4478","599616121988282624","-164"
"4479","599616121995976192","-156"
"4480","599616122003669760","-188"
"4481","599616122011363200","-277"
"4482","599616122019056768","-282"
"4483","599616122026750336","-62"
"4484","599616122034443904","357"
"4485","599616122042137344","697"
"4486","599616122049830912","494"
"4487","599616122057524480","-108"
"4488","599616122065217920","-381"
"4489","599616122072911488","-282"
"4490","599616122080605056","-234"
"4491","599616122088298624","-250"
"4492","599616122095992064","-219"
"4493","599616122103685632","-166"
"4494","599616122111379200","-94"
"4495","599616122119072640","-50"
"4496","599616122126766208","-103"
"4497","599616122134459776","-152"
"4498","599616122142153344","-82"
"4499","599616122149846784","26"
"4500","599616122157540352","55"
"4501","599616122165233920","31"
"4502","599616122172927488","65"
"4503","599616122180620928","108"
"4504","599616122188314496","91"
"4505","599616122196008064","65"
"4506","599616122203701504","69"
"4507","599616122211395072","108"
"4508","599616122219088640","123"
"4509","599616122226782208","101"
"4510","599616122234475648","86"
"4511","599616122242169216","94"
"4512","599616122249862784","79"
"4513","599616122257556224","41"
"4514","599616122265249792","28"
"4515","599616122272943360","9"
"4516","599616122280636928","-43"
"4517","599616122288330368","-96"
"4518","599616122296023936","-139"
"4519","599616122303717504","-159"
"4520","599616122311410944","-171"
"4521","599616122319104512","-188"
"4522","599616122326798080","-207"
"4523","599616122334491648","-226"
"4524","599616122342185088","-231"
"4525","599616122349878656","-246"
"4526","599616122357572184","-263"
"4527","599616122365265792","-234"
"4528","599616122372959360","-183"
"4529","599616122380652800","-149"
"4530","599616122388346368","-137"
"4531","599616122396039936","-132"
"4532","599616122403733504","-125"
"4533","599616122411426944","-132"
"4534","599616122419120512","-156"
"4535","599616122426814080","-168"
"4536","599616122434507520","-171"
"4537","599616122442201088","-183"
"4538","599616122449894656","-180"
"4539","599616122457588224","-188"
"4540","599616122465281664","-260"
"4541","599616122472975232","-308"
"4542","599616122480668800","-229"
"4543","599616122488362368","-2"
"4544","599616122496055808","357"
"4545","599616122503749376","535"
"4546","599616122511442944","250"
"4547","599616122519136384","-123"
"4548","599616122526829952","-197"
"4549","599616122534523520","-168"
"4550","599616122542217088","-180"
"4551","599616122549910528","-156"
"4552","599616122557604096","-123"
"4553","599616122565297664","-120"
"4554","599616122572991104","-108"
"4555","599616122580684672","-50"
"4556","599616122588378240","4"
"4557","599616122596071808","31"
"4558","599616122603765248","55"
"4559","599616122611458816","67"
"4560","599616122619152384","45"
"4561","599616122626845824","31"
"4562","599616122634539392","43"
"4563","599616122642232960","33"
"4564","599616122649926528","7"
"4565","599616122657619968","0"
"4566","599616122665313536","-7"
"4567","599616122673007104","-9"
"4568","599616122680700544","-7"
"4569","599616122688394112","-12"
"4570","599616122696087680","-21"
"4571","599616122703781248","-45"
"4572","599616122711474688","-60"
"4573","599616122719168256","-50"
"4574","599616122726861824","-50"
"4575","599616122734555392","-72"
"4576","599616122742248832","-96"
"4577","599616122749942400","-120"
"4578","599616122757635968","-154"
"4579","599616122765329408","-173"
"4580","599616122773022976","-188"
"4581","599616122780716544","-205"
"4582","599616122788410112","-219"
"4583","599616122796103552","-226"
"4584","599616122803797120","-238"
"4585","599616122811490688","-253"
"4586","599616122819184128","-260"
"4587","599616122826877696","-236"
"4588","599616122834571264","-166"
"4589","599616122842264832","-103"
"4590","599616122849958272","-94"
"4591","599616122857651840","-101"
"4592","599616122865345408","-89"
"4593","599616122873038848","-79"
"4594","599616122880732416","-94"
"4595","599616122888425984","-115"
"4596","599616122896119552","-108"
"4597","599616122903812992","-79"
"4598","599616122911506560","-69"
"4599","599616122919200024","-98"
"4600","599616122926893568","-161"
"4601","599616122934587136","-209"
"4602","599616122942280576","-91"
"4603","599616122949974144","275"
"4604","599616122957667712","680"
"4605","599616122965361280","661"
"4606","599616122973054720","147"
"4607","599616122980748288","-255"
"4608","599616122988441856","-272"
"4609","599616122996135296","-238"
"4610","599616123003828864","-263"
"4611","599616123011522432","-248"
"4612","599616123019216000","-226"
"4613","599616123026909440","-236"
"4614","599616123034603008","-241"
"4615","599616123042296576","-226"
"4616","599616123049990144","-207"
"4617","599616123057683584","-202"
"4618","599616123065377152","-197"
"4619","599616123073070720","-180"
"4620","599616123080764160","-166"
"4621","599616123088457728","-159"
"4622","599616123096151296","-139"
"4623","599616123103844864","-113"
"4624","599616123111538304","-89"
"4625","599616123119231872","-79"
"4626","599616123126925440","-91"
"4627","599616123134618880","-91"
"4628","599616123142312448","-67"
"4629","599616123150006016","-41"
"4630","599616123157699584","-28"
"4631","599616123165393024","-45"
"4632","599616123173086592","-67"
"4633","599616123180780160","-55"
"4634","599616123188473600","-26"
"4635","599616123196167168","-41"
"4636","599616123203860736","-91"
"4637","599616123211554304","-118"
"4638","599616123219247744","-137"
"4639","599616123226941312","-188"
"4640","599616123234634880","-214"
"4641","599616123242328320","-197"
"4642","599616123250021888","-185"
"4643","599616123257715456","-185"
"4644","599616123265409024","-188"
"4645","599616123273102464","-190"
"4646","599616123280796032","-200"
"4647","599616123288489600","-197"
"4648","599616123296183168","-139"
"4649","599616123303876608","-69"
"4650","599616123311570176","-72"
"4651","599616123319263744","-98"
"4652","599616123326957184","-77"
"4653","599616123334650752","-84"
"4654","599616123342344320","-154"
"4655","599616123350037888","-168"
"4656","599616123357731328","-101"
"4657","599616123365424896","-69"
"4658","599616123373118464","-103"
"4659","599616123380811904","-156"
"4660","599616123388505472","-212"
"4661","599616123396199040","-214"
"4662","599616123403892608","-21"
"4663","599616123411586048","364"
"4664","599616123419279616","663"
"4665","599616123426973184","482"
"4666","599616123434666624","-36"
"4667","599616123442360192","-299"
"4668","599616123450053760","-260"
"4669","599616123457747328","-234"
"4670","599616123465440768","-197"
"4671","599616123473134336","-147"
"4672","599616123480827864","-147"
"4673","599616123488521472","-156"
"4674","599616123496215040","-139"
"4675","599616123503908480","-118"
"4676","599616123511602048","-113"
"4677","599616123519295616","-115"
"4678","599616123526989184","-96"
"4679","599616123534682624","-74"
"4680","599616123542376192","-65"
"4681","599616123550069760","-48"
"4682","599616123557763200","-26"
"4683","599616123565456768","-16"
"4684","599616123573150336","-9"
"4685","599616123580843904","7"
"4686","599616123588537344","16"
"4687","599616123596230912","19"
"4688","599616123603924480","14"
"4689","599616123611618048","12"
"4690","599616123619311488","14"
"4691","599616123627005056","7"
"4692","599616123634698624","-14"
"4693","599616123642392064","-26"
"4694","599616123650085632","-12"
"4695","599616123657779200","-28"
"4696","599616123665472768","-82"
"4697","599616123673166208","-98"
"4698","599616123680859776","-96"
"4699","599616123688553344","-127"
"4700","599616123696246784","-152"
"4701","599616123703940352","-156"
"4702","599616123711633920","-156"
"4703","599616123719327488","-137"
"4704","599616123727020928","-142"
"4705","599616123734714496","-161"
"4706","599616123742408064","-154"
"4707","599616123750101504","-144"
"4708","599616123757795072","-125"
"4709","599616123765488640","-77"
"4710","599616123773182208","-55"
"4711","599616123780875648","-79"
"4712","599616123788569216","-98"
"4713","599616123796262784","-106"
"4714","599616123803956224","-123"
"4715","599616123811649792","-130"
"4716","599616123819343360","-120"
"4717","599616123827036928","-120"
"4718","599616123834730368","-123"
"4719","599616123842423936","-125"
"4720","599616123850117504","-171"
"4721","599616123857811072","-217"
"4722","599616123865504512","-106"
"4723","599616123873198080","180"
"4724","599616123880891648","468"
"4725","599616123888585088","477"
"4726","599616123896278656","137"
"4727","599616123903972224","-176"
"4728","599616123911665792","-209"
"4729","599616123919359232","-168"
"4730","599616123927052800","-161"
"4731","599616123934746368","-142"
"4732","599616123942439808","-127"
"4733","599616123950133376","-130"
"4734","599616123957826944","-127"
"4735","599616123965520512","-115"
"4736","599616123973213952","-103"
"4737","599616123980907520","-98"
"4738","599616123988601088","-89"
"4739","599616123996294528","-77"
"4740","599616124003988096","-55"
"4741","599616124011681664","-38"
"4742","599616124019375232","-31"
"4743","599616124027068672","-16"
"4744","599616124034762240","-2"
"4745","599616124042455704","2"
"4746","599616124050149248","7"
"4747","599616124057842816","14"
"4748","599616124065536256","19"
"4749","599616124073229824","12"
"4750","599616124080923392","0"
"4751","599616124088616960","-4"
"4752","599616124096310400","2"
"4753","599616124104003968","2"
"4754","599616124111697536","0"
"4755","599616124119390976","-12"
"4756","599616124127084544","-41"
"4757","599616124134778112","-72"
"4758","599616124142471680","-96"
"4759","599616124150165120","-120"
"4760","599616124157858688","-139"
"4761","599616124165552256","-144"
"4762","599616124173245824","-149"
"4763","599616124180939264","-161"
"4764","599616124188632832","-154"
"4765","599616124196326400","-149"
"4766","599616124204019840","-159"
"4767","599616124211713408","-156"
"4768","599616124219406976","-125"
"4769","599616124227100544","-77"
"4770","599616124234793984","-50"
"4771","599616124242487552","-62"
"4772","599616124250181120","-82"
"4773","599616124257874560","-98"
"4774","599616124265568128","-108"
"4775","599616124273261696","-115"
"4776","599616124280955264","-123"
"4777","599616124288648704","-125"
"4778","599616124296342272","-120"
"4779","599616124304035840","-125"
"4780","599616124311729280","-171"
"4781","599616124319422848","-241"
"4782","599616124327116416","-212"
"4783","599616124334809984","21"
"4784","599616124342503424","398"
"4785","599616124350196992","617"
"4786","599616124357890560","364"
"4787","599616124365584000","-106"
"4788","599616124373277568","-272"
"4789","599616124380971136","-209"
"4790","599616124388664704","-190"
"4791","599616124396358144","-185"
"4792","599616124404051712","-154"
"4793","599616124411745280","-154"
"4794","599616124419438848","-159"
"4795","599616124427132288","-132"
"4796","599616124434825856","-118"
"4797","599616124442519424","-130"
"4798","599616124450212864","-120"
"4799","599616124457906432","-94"
"4800","599616124465600000","-86"
"4801","599616124473293568","-94"
"4802","599616124480987008","-79"
"4803","599616124488680576","-60"
"4804","599616124496374144","-50"
"4805","599616124504067584","-45"
"4806","599616124511761152","-41"
"4807","599616124519454720","-36"
"4808","599616124527148288","-36"
"4809","599616124534841728","-45"
"4810","599616124542535296","-48"
"4811","599616124550228864","-45"
"4812","599616124557922304","-45"
"4813","599616124565615872","-45"
"4814","599616124573309440","-43"
"4815","599616124581003008","-62"
"4816","599616124588696448","-98"
"4817","599616124596390016","-123"
"4818","599616124604083546","-137"
"4819","599616124611777152","-159"
"4820","599616124619470720","-185"
"4821","599616124627164160","-209"
"4822","599616124634857728","-221"
"4823","599616124642551296","-219"
"4824","599616124650244864","-212"
"4825","599616124657938304","-221"
"4826","599616124665631872","-231"
"4827","599616124673325440","-219"
"4828","599616124681018880","-205"
"4829","599616124688712448","-178"
"4830","599616124696406016","-132"
"4831","599616124704099584","-110"
"4832","599616124711793024","-125"
"4833","599616124719486592","-137"
"4834","599616124727180160","-142"
"4835","599616124734873728","-168"
"4836","599616124742567168","-188"
"4837","599616124750260736","-164"
"4838","599616124757954304","-144"
"4839","599616124765647744","-168"
"4840","599616124773341312","-209"
"4841","599616124781034880","-267"
"4842","599616124788728448","-296"
"4843","599616124796421888","-94"
"4844","599616124804115456","374"
"4845","599616124811809024","745"
"4846","599616124819502464","569"
"4847","599616124827196032","-2"
"4848","599616124834889600","-311"
"4849","599616124842583168","-250"
"4850","599616124850276608","-202"
"4851","599616124857970176","-219"
"4852","599616124865663744","-185"
"4853","599616124873357184","-154"
"4854","599616124881050752","-154"
"4855","599616124888744320","-147"
"4856","599616124896437888","-139"
"4857","599616124904131328","-127"
"4858","599616124911824896","-108"
"4859","599616124919518464","-98"
"4860","599616124927211904","-79"
"4861","599616124934905472","-55"
"4862","599616124942599040","-53"
"4863","599616124950292608","-45"
"4864","599616124957986048","-28"
"4865","599616124965679616","-24"
"4866","599616124973373184","-19"
"4867","599616124981066752","-12"
"4868","599616124988760192","-7"
"4869","599616124996453760","-14"
"4870","599616125004147328","-26"
"4871","599616125011840768","-31"
"4872","599616125019534336","-19"
"4873","599616125027227904","-7"
"4874","599616125034921472","-12"
"4875","599616125042614912","-31"
"4876","599616125050308480","-53"
"4877","599616125058002048","-72"
"4878","599616125065695488","-94"
"4879","599616125073389056","-120"
"4880","599616125081082624","-132"
"4881","599616125088776192","-139"
"4882","599616125096469632","-166"
"4883","599616125104163200","-176"
"4884","599616125111856768","-154"
"4885","599616125119550208","-156"
"4886","599616125127243776","-180"
"4887","599616125134937344","-173"
"4888","599616125142630912","-154"
"4889","599616125150324352","-137"
"4890","599616125158017920","-96"
"4891","599616125165711386","-62"
"4892","599616125173405056","-65"
"4893","599616125181098752","-74"
"4894","599616125188792576","-82"
"4895","599616125196486272","-84"
"4896","599616125204179968","-91"
"4897","599616125211873792","-103"
"4898","599616125219567488","-106"
"4899","599616125227261184","-106"
"4900","599616125234955008","-103"
"4901","599616125242648704","-152"
"4902","599616125250342528","-270"
"4903","599616125258036224","-258"
"4904","599616125265729920","98"
"4905","599616125273423744","620"
"4906","599616125281117440","808"
"4907","599616125288811136","415"
"4908","599616125296504960","-69"
"4909","599616125304198656","-185"
"4910","599616125311892352","-161"
"4911","599616125319586176","-195"
"4912","599616125327279872","-193"
"4913","599616125334973568","-152"
"4914","599616125342667392","-135"
"4915","599616125350361088","-152"
"4916","599616125358054784","-159"
"4917","599616125365748608","-142"
"4918","599616125373442304","-115"
"4919","599616125381136128","-96"
"4920","599616125388829824","-101"
"4921","599616125396523520","-89"
"4922","599616125404217344","-45"
"4923","599616125411911040","-28"
"4924","599616125419604736","-33"
"4925","599616125427298560","-12"
"4926","599616125434992256","9"
"4927","599616125442685952","7"
"4928","599616125450379776","-2"
"4929","599616125458073472","2"
"4930","599616125465767168","24"
"4931","599616125473460992","26"
"4932","599616125481154688","9"
"4933","599616125488848384","19"
"4934","599616125496542208","24"
"4935","599616125504235904","-2"
"4936","599616125511929728","-19"
"4937","599616125519623424","-28"
"4938","599616125527317120","-60"
"4939","599616125535010944","-77"
"4940","599616125542704640","-89"
"4941","599616125550398336","-120"
"4942","599616125558092160","-130"
"4943","599616125565785856","-123"
"4944","599616125573479552","-137"
"4945","599616125581173376","-132"
"4946","599616125588867072","-113"
"4947","599616125596560768","-120"
"4948","599616125604254592","-132"
"4949","599616125611948288","-130"
"4950","599616125619641984","-96"
"4951","599616125627335808","-43"
"4952","599616125635029504","-2"
"4953","599616125642723200","-2"
"4954","599616125650417024","-21"
"4955","599616125658110720","-43"
"4956","599616125665804544","-69"
"4957","599616125673498240","-86"
"4958","599616125681191936","-69"
"4959","599616125688885760","-50"
"4960","599616125696579456","-62"
"4961","599616125704273152","-89"
"4962","599616125711966976","-123"
"4963","599616125719660672","-183"
"4964","599616125727354486","-180"
"4965","599616125735047936","-12"
"4966","599616125742741376","277"
"4967","599616125750434816","451"
"4968","599616125758128384","284"
"4969","599616125765821824","-28"
"4970","599616125773515264","-168"
"4971","599616125781208704","-164"
"4972","599616125788902144","-137"
"4973","599616125796595584","-113"
"4974","599616125804289152","-106"
"4975","599616125811982592","-103"
"4976","599616125819676032","-89"
"4977","599616125827369472","-79"
"4978","599616125835062912","-79"
"4979","599616125842756352","-77"
"4980","599616125850449920","-60"
"4981","599616125858143360","-45"
"4982","599616125865836800","-36"
"4983","599616125873530240","-26"
"4984","599616125881223680","-24"
"4985","599616125888917120","-19"
"4986","599616125896610688","-2"
"4987","599616125904304128","4"
"4988","599616125911997568","-2"
"4989","599616125919691008","2"
"4990","599616125927384448","12"
"4991","599616125935078016","9"
"4992","599616125942771456","7"
"4993","599616125950464896","7"
"4994","599616125958158336","2"
"4995","599616125965851776","9"
"4996","599616125973545216","16"
"4997","599616125981238784","0"
"4998","599616125988932224","-31"
"4999","599616125996625664","-62"
"5000","599616126004319104","-89"
"5001","599616126012012544","-108"
"5002","599616126019705984","-132"
"5003","599616126027399552","-149"
"5004","599616126035092992","-152"
"5005","599616126042786432","-159"
"5006","599616126050479872","-171"
"5007","599616126058173312","-168"
"5008","599616126065866880","-168"
"5009","599616126073560320","-176"
"5010","599616126081253760","-173"
"5011","599616126088947200","-144"
"5012","599616126096640640","-103"
"5013","599616126104334080","-72"
"5014","599616126112027648","-62"
"5015","599616126119721088","-72"
"5016","599616126127414528","-98"
"5017","599616126135107968","-125"
"5018","599616126142801408","-123"
"5019","599616126150494848","-106"
"5020","599616126158188416","-113"
"5021","599616126165881856","-135"
"5022","599616126173575296","-142"
"5023","599616126181268736","-200"
"5024","599616126188962176","-263"
"5025","599616126196655616","-139"
"5026","599616126204349184","193"
"5027","599616126212042624","501"
"5028","599616126219736064","446"
"5029","599616126227429504","4"
"5030","599616126235122944","-301"
"5031","599616126242816512","-277"
"5032","599616126250509952","-224"
"5033","599616126258203392","-217"
"5034","599616126265896832","-188"
"5035","599616126273590272","-173"
"5036","599616126281283712","-173"
"5037","599616126288977240","-159"
"5038","599616126296670720","-152"
"5039","599616126304364160","-154"
"5040","599616126312057600","-142"
"5041","599616126319751168","-125"
"5042","599616126327444608","-113"
"5043","599616126335138048","-101"
"5044","599616126342831488","-86"
"5045","599616126350524928","-77"
"5046","599616126358218368","-69"
"5047","599616126365911936","-69"
"5048","599616126373605376","-72"
"5049","599616126381298816","-67"
"5050","599616126388992256","-67"
"5051","599616126396685696","-72"
"5052","599616126404379136","-69"
"5053","599616126412072704","-62"
"5054","599616126419766144","-55"
"5055","599616126427459584","-50"
"5056","599616126435153024","-53"
"5057","599616126442846464","-67"
"5058","599616126450539904","-98"
"5059","599616126458233472","-135"
"5060","599616126465926912","-142"
"5061","599616126473620352","-144"
"5062","599616126481313792","-183"
"5063","599616126489007232","-207"
"5064","599616126496700800","-190"
"5065","599616126504394240","-173"
"5066","599616126512087680","-180"
"5067","599616126519781120","-188"
"5068","599616126527474560","-178"
"5069","599616126535168000","-173"
"5070","599616126542861568","-161"
"5071","599616126550555008","-161"
"5072","599616126558248448","-161"
"5073","599616126565941888","-118"
"5074","599616126573635328","-67"
"5075","599616126581328768","-57"
"5076","599616126589022336","-57"
"5077","599616126596715776","-72"
"5078","599616126604409216","-115"
"5079","599616126612102656","-130"
"5080","599616126619796096","-106"
"5081","599616126627489664","-106"
"5082","599616126635183104","-120"
"5083","599616126642876544","-130"
"5084","599616126650569984","-193"
"5085","599616126658263424","-255"
"5086","599616126665956864","-156"
"5087","599616126673650432","161"
"5088","599616126681343872","559"
"5089","599616126689037312","632"
"5090","599616126696730752","217"
"5091","599616126704424192","-164"
"5092","599616126712117632","-188"
"5093","599616126719811200","-147"
"5094","599616126727504640","-156"
"5095","599616126735198080","-110"
"5096","599616126742891520","-69"
"5097","599616126750584960","-89"
"5098","599616126758278400","-106"
"5099","599616126765971968","-94"
"5100","599616126773665408","-77"
"5101","599616126781358848","-74"
"5102","599616126789052288","-48"
"5103","599616126796745728","14"
"5104","599616126804439296","41"
"5105","599616126812132736","12"
"5106","599616126819826176","9"
"5107","599616126827519616","53"
"5108","599616126835213056","72"
"5109","599616126842906496","48"
"5110","599616126850599994","12"
"5111","599616126858293760","19"
"5112","599616126865987584","65"
"5113","599616126873681536","79"
"5114","599616126881375360","48"
"5115","599616126889069312","14"
"5116","599616126896763136","14"
"5117","599616126904457088","33"
"5118","599616126912150912","21"
"5119","599616126919844864","2"
"5120","599616126927538688","-14"
"5121","599616126935232512","-43"
"5122","599616126942926464","-86"
"5123","599616126950620288","-108"
"5124","599616126958314240","-96"
"5125","599616126966008064","-96"
"5126","599616126973702016","-125"
"5127","599616126981395840","-139"
"5128","599616126989089664","-123"
"5129","599616126996783616","-101"
"5130","599616127004477440","-98"
"5131","599616127012171392","-123"
"5132","599616127019865216","-139"
"5133","599616127027559168","-110"
"5134","599616127035252992","-67"
"5135","599616127042946944","-57"
"5136","599616127050640768","-62"
"5137","599616127058334592","-38"
"5138","599616127066028544","-41"
"5139","599616127073722368","-94"
"5140","599616127081416320","-103"
"5141","599616127089110144","-86"
"5142","599616127096804096","-94"
"5143","599616127104497920","-91"
"5144","599616127112191872","-96"
"5145","599616127119885696","-132"
"5146","599616127127579520","-173"
"5147","599616127135273472","-168"
"5148","599616127142967296","-21"
"5149","599616127150661248","219"
"5150","599616127158355072","320"
"5151","599616127166049024","171"
"5152","599616127173742848","-77"
"5153","599616127181436800","-209"
"5154","599616127189130624","-205"
"5155","599616127196824448","-164"
"5156","599616127204518400","-152"
"5157","599616127212212224","-154"
"5158","599616127219906176","-127"
"5159","599616127227600000","-77"
"5160","599616127235293952","-50"
"5161","599616127242987776","-50"
"5162","599616127250681600","-36"
"5163","599616127258375552","-24"
"5164","599616127266069376","-31"
"5165","599616127273763328","-7"
"5166","599616127281457152","36"
"5167","599616127289151104","36"
"5168","599616127296844928","26"
"5169","599616127304538880","55"
"5170","599616127312232704","84"
"5171","599616127319926528","101"
"5172","599616127327620480","106"
"5173","599616127335314304","98"
"5174","599616127343008256","108"
"5175","599616127350702080","123"
"5176","599616127358396032","115"
"5177","599616127366089856","115"
"5178","599616127373783808","139"
"5179","599616127381477632","132"
"5180","599616127389171456","84"
"5181","599616127396865408","48"
"5182","599616127404559232","24"
"5183","599616127412253264","-14"
"5184","599616127419946880","-45"
"5185","599616127427640448","-67"
"5186","599616127435333888","-82"
"5187","599616127443027456","-86"
"5188","599616127450721024","-74"
"5189","599616127458414592","-72"
"5190","599616127466108032","-91"
"5191","599616127473801600","-84"
"5192","599616127481495168","-67"
"5193","599616127489188608","-84"
"5194","599616127496882176","-82"
"5195","599616127504575744","-41"
"5196","599616127512269312","-28"
"5197","599616127519962752","-31"
"5198","599616127527656320","0"
"5199","599616127535349888","0"
"5200","599616127543043456","-48"
"5201","599616127550736896","-57"
"5202","599616127558430464","-38"
"5203","599616127566124032","-65"
"5204","599616127573817472","-74"
"5205","599616127581511040","-43"
"5206","599616127589204608","-72"
"5207","599616127596898176","-173"
"5208","599616127604591616","-234"
"5209","599616127612285184","-142"
"5210","599616127619978752","77"
"5211","599616127627672192","308"
"5212","599616127635365760","347"
"5213","599616127643059328","86"
"5214","599616127650752896","-176"
"5215","599616127658446336","-209"
"5216","599616127666139904","-152"
"5217","599616127673833472","-127"
"5218","599616127681526912","-110"
"5219","599616127689220480","-77"
"5220","599616127696914048","-67"
"5221","599616127704607616","-86"
"5222","599616127712301056","-103"
"5223","599616127719994624","-82"
"5224","599616127727688192","-38"
"5225","599616127735381632","-33"
"5226","599616127743075200","-48"
"5227","599616127750768768","-57"
"5228","599616127758462336","-38"
"5229","599616127766155776","-9"
"5230","599616127773849344","-14"
"5231","599616127781542912","2"
"5232","599616127789236480","14"
"5233","599616127796929920","-36"
"5234","599616127804623488","-50"
"5235","599616127812317056","28"
"5236","599616127820010496","57"
"5237","599616127827704064","-19"
"5238","599616127835397632","-53"
"5239","599616127843091200","12"
"5240","599616127850784640","26"
"5241","599616127858478208","-41"
"5242","599616127866171776","-72"
"5243","599616127873865216","-79"
"5244","599616127881558784","-125"
"5245","599616127889252352","-142"
"5246","599616127896945920","-132"
"5247","599616127904639360","-176"
"5248","599616127912332928","-202"
"5249","599616127920026496","-173"
"5250","599616127927719936","-156"
"5251","599616127935413504","-159"
"5252","599616127943107072","-180"
"5253","599616127950800640","-219"
"5254","599616127958494080","-221"
"5255","599616127966187648","-154"
"5256","599616127973881106","-69"
"5257","599616127981574656","-43"
"5258","599616127989268224","-79"
"5259","599616127996961664","-96"
"5260","599616128004655232","-69"
"5261","599616128012348800","-82"
"5262","599616128020042368","-123"
"5263","599616128027735808","-110"
"5264","599616128035429376","-62"
"5265","599616128043122944","-41"
"5266","599616128050816384","-38"
"5267","599616128058509952","-72"
"5268","599616128066203520","-139"
"5269","599616128073897088","-152"
"5270","599616128081590528","-45"
"5271","599616128089284096","127"
"5272","599616128096977664","226"
"5273","599616128104671232","84"
"5274","599616128112364672","-219"
"5275","599616128120058240","-354"
"5276","599616128127751808","-296"
"5277","599616128135445248","-219"
"5278","599616128143138816","-168"
"5279","599616128150832384","-171"
"5280","599616128158525952","-193"
"5281","599616128166219392","-176"
"5282","599616128173912960","-147"
"5283","599616128181606528","-147"
"5284","599616128189299968","-166"
"5285","599616128196993536","-152"
"5286","599616128204687104","-118"
"5287","599616128212380672","-118"
"5288","599616128220074112","-110"
"5289","599616128227767680","-82"
"5290","599616128235461248","-74"
"5291","599616128243154688","-45"
"5292","599616128250848256","4"
"5293","599616128258541824","-7"
"5294","599616128266235392","-43"
"5295","599616128273928832","-26"
"5296","599616128281622400","0"
"5297","599616128289315968","4"
"5298","599616128297009408","28"
"5299","599616128304702976","50"
"5300","599616128312396544","2"
"5301","599616128320090112","-36"
"5302","599616128327783552","-2"
"5303","599616128335477120","-14"
"5304","599616128343170688","-86"
"5305","599616128350864256","-110"
"5306","599616128358557696","-137"
"5307","599616128366251264","-168"
"5308","599616128373944832","-135"
"5309","599616128381638272","-123"
"5310","599616128389331840","-171"
"5311","599616128397025408","-154"
"5312","599616128404718976","-108"
"5313","599616128412412416","-147"
"5314","599616128420105984","-180"
"5315","599616128427799552","-144"
"5316","599616128435492992","-110"
"5317","599616128443186560","-84"
"5318","599616128450880128","-62"
"5319","599616128458573696","-89"
"5320","599616128466267136","-130"
"5321","599616128473960704","-156"
"5322","599616128481654272","-161"
"5323","599616128489347712","-120"
"5324","599616128497041280","-113"
"5325","599616128504734848","-168"
"5326","599616128512428416","-149"
"5327","599616128520121856","-108"
"5328","599616128527815424","-176"
"5329","599616128535508946","-258"
"5330","599616128543202560","-202"
"5331","599616128550896128","4"
"5332","599616128558589568","238"
"5333","599616128566283136","301"
"5334","599616128573976704","98"
"5335","599616128581670272","-171"
"5336","599616128589363712","-275"
"5337","599616128597057280","-258"
"5338","599616128604750848","-217"
"5339","599616128612444288","-173"
"5340","599616128620137856","-161"
"5341","599616128627831424","-168"
"5342","599616128635524992","-154"
"5343","599616128643218432","-130"
"5344","599616128650912000","-130"
"5345","599616128658605568","-132"
"5346","599616128666299136","-98"
"5347","599616128673992576","-72"
"5348","599616128681686144","-96"
"5349","599616128689379712","-110"
"5350","599616128697073152","-60"
"5351","599616128704766720","-2"
"5352","599616128712460288","-21"
"5353","599616128720153856","-55"
"5354","599616128727847296","-36"
"5355","599616128735540864","-7"
"5356","599616128743234432","-9"
"5357","599616128750927872","-7"
"5358","599616128758621440","9"
"5359","599616128766315008","16"
"5360","599616128774008576","-7"
"5361","599616128781702016","-38"
"5362","599616128789395584","-36"
"5363","599616128797089152","-41"
"5364","599616128804782592","-86"
"5365","599616128812476160","-125"
"5366","599616128820169728","-144"
"5367","599616128827863296","-166"
"5368","599616128835556736","-171"
"5369","599616128843250304","-166"
"5370","599616128850943872","-180"
"5371","599616128858637312","-195"
"5372","599616128866330880","-188"
"5373","599616128874024448","-166"
"5374","599616128881718016","-161"
"5375","599616128889411456","-176"
"5376","599616128897105024","-183"
"5377","599616128904798592","-159"
"5378","599616128912492160","-98"
"5379","599616128920185600","-72"
"5380","599616128927879168","-110"
"5381","599616128935572736","-118"
"5382","599616128943266176","-108"
"5383","599616128950959744","-142"
"5384","599616128958653312","-159"
"5385","599616128966346880","-139"
"5386","599616128974040320","-144"
"5387","599616128981733888","-168"
"5388","599616128989427456","-166"
"5389","599616128997120896","-190"
"5390","599616129004814464","-253"
"5391","599616129012508032","-193"
"5392","599616129020201600","60"
"5393","599616129027895040","323"
"5394","599616129035588608","345"
"5395","599616129043282176","77"
"5396","599616129050975616","-188"
"5397","599616129058669184","-243"
"5398","599616129066362752","-219"
"5399","599616129074056320","-209"
"5400","599616129081749760","-176"
"5401","599616129089443328","-152"
"5402","599616129097136786","-152"
"5403","599616129104830336","-135"
"5404","599616129112523904","-127"
"5405","599616129120217344","-125"
"5406","599616129127910912","-103"
"5407","599616129135604480","-96"
"5408","599616129143298048","-98"
"5409","599616129150991488","-79"
"5410","599616129158685056","-69"
"5411","599616129166378624","-55"
"5412","599616129174072064","-41"
"5413","599616129181765632","-45"
"5414","599616129189459200","-26"
"5415","599616129197152768","7"
"5416","599616129204846208","12"
"5417","599616129212539776","9"
"5418","599616129220233344","-2"
"5419","599616129227926912","-16"
"5420","599616129235620352","-16"
"5421","599616129243313920","-12"
"5422","599616129251007488","-12"
"5423","599616129258700928","-36"
"5424","599616129266394496","-72"
"5425","599616129274088064","-91"
"5426","599616129281781632","-120"
"5427","599616129289475072","-156"
"5428","599616129297168640","-168"
"5429","599616129304862208","-168"
"5430","599616129312555648","-176"
"5431","599616129320249216","-188"
"5432","599616129327942784","-161"
"5433","599616129335636352","-139"
"5434","599616129343329792","-180"
"5435","599616129351023360","-202"
"5436","599616129358716928","-164"
"5437","599616129366410368","-125"
"5438","599616129374103936","-98"
"5439","599616129381797504","-67"
"5440","599616129389491072","-53"
"5441","599616129397184512","-67"
"5442","599616129404878080","-91"
"5443","599616129412571648","-120"
"5444","599616129420265088","-149"
"5445","599616129427958656","-135"
"5446","599616129435652224","-106"
"5447","599616129443345792","-118"
"5448","599616129451039232","-132"
"5449","599616129458732800","-144"
"5450","599616129466426368","-197"
"5451","599616129474119936","-202"
"5452","599616129481813376","-33"
"5453","599616129489506944","231"
"5454","599616129497200512","347"
"5455","599616129504893952","147"
"5456","599616129512587520","-156"
"5457","599616129520281088","-255"
"5458","599616129527974656","-209"
"5459","599616129535668096","-176"
"5460","599616129543361664","-144"
"5461","599616129551055232","-115"
"5462","599616129558748672","-118"
"5463","599616129566442240","-115"
"5464","599616129574135808","-98"
"5465","599616129581829376","-98"
"5466","599616129589522816","-98"
"5467","599616129597216384","-67"
"5468","599616129604909952","-55"
"5469","599616129612603392","-65"
"5470","599616129620296960","-48"
"5471","599616129627990528","-33"
"5472","599616129635684096","-24"
"5473","599616129643377536","-2"
"5474","599616129651071104","9"
"5475","599616129658764626","0"
"5476","599616129666458240","2"
"5477","599616129674151808","24"
"5478","599616129681845248","31"
"5479","599616129689538816","16"
"5480","599616129697232384","12"
"5481","599616129704925952","19"
"5482","599616129712619392","7"
"5483","599616129720312960","-28"
"5484","599616129728006528","-65"
"5485","599616129735699968","-94"
"5486","599616129743393536","-127"
"5487","599616129751087104","-168"
"5488","599616129758780672","-183"
"5489","599616129766474112","-180"
"5490","599616129774167680","-195"
"5491","599616129781861248","-207"
"5492","599616129789554816","-197"
"5493","599616129797248256","-202"
"5494","599616129804941824","-214"
"5495","599616129812635392","-193"
"5496","599616129820328832","-173"
"5497","599616129828022400","-176"
"5498","599616129835715968","-139"
"5499","599616129843409536","-86"
"5500","599616129851102976","-67"
"5501","599616129858796544","-84"
"5502","599616129866490112","-103"
"5503","599616129874183552","-98"
"5504","599616129881877120","-127"
"5505","599616129889570688","-171"
"5506","599616129897264256","-139"
"5507","599616129904957696","-108"
"5508","599616129912651264","-125"
"5509","599616129920344832","-149"
"5510","599616129928038272","-197"
"5511","599616129935731840","-226"
"5512","599616129943425408","-110"
"5513","599616129951118976","176"
"5514","599616129958812416","448"
"5515","599616129966505984","386"
"5516","599616129974199552","12"
"5517","599616129981892992","-221"
"5518","599616129989586560","-217"
"5519","599616129997280128","-164"
"5520","599616130004973696","-110"
"5521","599616130012667136","-96"
"5522","599616130020360704","-115"
"5523","599616130028054272","-110"
"5524","599616130035747840","-74"
"5525","599616130043441280","-53"
"5526","599616130051134848","-57"
"5527","599616130058828416","-36"
"5528","599616130066521856","-26"
"5529","599616130074215424","-48"
"5530","599616130081908992","-28"
"5531","599616130089602560","19"
"5532","599616130097296000","33"
"5533","599616130104989568","28"
"5534","599616130112683136","41"
"5535","599616130120376576","67"
"5536","599616130128070144","74"
"5537","599616130135763712","77"
"5538","599616130143457280","82"
"5539","599616130151150720","65"
"5540","599616130158844288","41"
"5541","599616130166537856","21"
"5542","599616130174231296","4"
"5543","599616130181924864","0"
"5544","599616130189618432","-7"
"5545","599616130197312000","-45"
"5546","599616130205005440","-94"
"5547","599616130212699008","-115"
"5548","599616130220392466","-127"
"5549","599616130228086016","-154"
"5550","599616130235779584","-161"
"5551","599616130243473024","-144"
"5552","599616130251166592","-137"
"5553","599616130258860160","-154"
"5554","599616130266553728","-156"
"5555","599616130274247168","-144"
"5556","599616130281940736","-152"
"5557","599616130289634304","-152"
"5558","599616130297327744","-113"
"5559","599616130305021312","-74"
"5560","599616130312714880","-57"
"5561","599616130320408448","-38"
"5562","599616130328101888","-43"
"5563","599616130335795456","-82"
"5564","599616130343489024","-89"
"5565","599616130351182592","-82"
"5566","599616130358876032","-106"
"5567","599616130366569600","-103"
"5568","599616130374263168","-74"
"5569","599616130381956608","-91"
"5570","599616130389650176","-139"
"5571","599616130397343744","-193"
"5572","599616130405037312","-231"
"5573","599616130412730752","-113"
"5574","599616130420424320","212"
"5575","599616130428117888","494"
"5576","599616130435811328","410"
"5577","599616130443504896","33"
"5578","599616130451198464","-188"
"5579","599616130458892032","-185"
"5580","599616130466585472","-168"
"5581","599616130474279040","-159"
"5582","599616130481972608","-135"
"5583","599616130489666048","-125"
"5584","599616130497359616","-125"
"5585","599616130505053184","-120"
"5586","599616130512746752","-103"
"5587","599616130520440192","-84"
"5588","599616130528133760","-84"
"5589","599616130535827328","-79"
"5590","599616130543520768","-60"
"5591","599616130551214336","-31"
"5592","599616130558907904","-16"
"5593","599616130566601472","-4"
"5594","599616130574294912","14"
"5595","599616130581988480","33"
"5596","599616130589682048","45"
"5597","599616130597375616","45"
"5598","599616130605069056","45"
"5599","599616130612762624","50"
"5600","599616130620456192","55"
"5601","599616130628149632","50"
"5602","599616130635843200","38"
"5603","599616130643536768","24"
"5604","599616130651230336","-7"
"5605","599616130658923776","-41"
"5606","599616130666617344","-69"
"5607","599616130674310912","-98"
"5608","599616130682004352","-120"
"5609","599616130689697920","-130"
"5610","599616130697391488","-144"
"5611","599616130705085056","-159"
"5612","599616130712778496","-152"
"5613","599616130720472064","-147"
"5614","599616130728165632","-144"
"5615","599616130735859072","-137"
"5616","599616130743552640","-130"
"5617","599616130751246208","-137"
"5618","599616130758939776","-135"
"5619","599616130766633216","-103"
"5620","599616130774326784","-74"
"5621","599616130782020306","-50"
"5622","599616130789713792","-31"
"5623","599616130797407232","-28"
"5624","599616130805100672","-41"
"5625","599616130812794240","-72"
"5626","599616130820487680","-106"
"5627","599616130828181120","-108"
"5628","599616130835874560","-96"
"5629","599616130843568000","-82"
"5630","599616130851261440","-72"
"5631","599616130858955008","-101"
"5632","599616130866648448","-171"
"5633","599616130874341888","-236"
"5634","599616130882035328","-180"
"5635","599616130889728768","89"
"5636","599616130897422208","412"
"5637","599616130905115776","463"
"5638","599616130912809216","171"
"5639","599616130920502656","-142"
"5640","599616130928196096","-219"
"5641","599616130935889536","-152"
"5642","599616130943583104","-132"
"5643","599616130951276544","-154"
"5644","599616130958969984","-127"
"5645","599616130966663424","-101"
"5646","599616130974356864","-101"
"5647","599616130982050304","-94"
"5648","599616130989743872","-96"
"5649","599616130997437312","-106"
"5650","599616131005130752","-77"
"5651","599616131012824192","-43"
"5652","599616131020517632","-43"
"5653","599616131028211072","-38"
"5654","599616131035904640","-19"
"5655","599616131043598080","-4"
"5656","599616131051291520","2"
"5657","599616131058984960","2"
"5658","599616131066678400","7"
"5659","599616131074371840","14"
"5660","599616131082065408","16"
"5661","599616131089758848","12"
"5662","599616131097452288","19"
"5663","599616131105145728","26"
"5664","599616131112839168","9"
"5665","599616131120532736","-12"
"5666","599616131128226176","-31"
"5667","599616131135919616","-60"
"5668","599616131143613056","-82"
"5669","599616131151306496","-110"
"5670","599616131158999936","-142"
"5671","599616131166693504","-156"
"5672","599616131174386944","-161"
"5673","599616131182080384","-154"
"5674","599616131189773824","-144"
"5675","599616131197467264","-154"
"5676","599616131205160704","-159"
"5677","599616131212854272","-156"
"5678","599616131220547712","-152"
"5679","599616131228241152","-137"
"5680","599616131235934592","-132"
"5681","599616131243628032","-142"
"5682","599616131251321600","-123"
"5683","599616131259015040","-84"
"5684","599616131266708480","-67"
"5685","599616131274401920","-65"
"5686","599616131282095360","-55"
"5687","599616131289788800","-67"
"5688","599616131297482368","-103"
"5689","599616131305175808","-110"
"5690","599616131312869248","-108"
"5691","599616131320562688","-113"
"5692","599616131328256128","-103"
"5693","599616131335949568","-94"
"5694","599616131343643062","-113"
"5695","599616131351336448","-164"
"5696","599616131359029888","-226"
"5697","599616131366723328","-190"
"5698","599616131374416896","33"
"5699","599616131382110336","349"
"5700","599616131389803776","463"
"5701","599616131397497216","205"
"5702","599616131405190656","-120"
"5703","599616131412884096","-200"
"5704","599616131420577664","-166"
"5705","599616131428271104","-159"
"5706","599616131435964544","-152"
"5707","599616131443657984","-132"
"5708","599616131451351424","-125"
"5709","599616131459044864","-113"
"5710","599616131466738432","-91"
"5711","599616131474431872","-82"
"5712","599616131482125312","-84"
"5713","599616131489818752","-67"
"5714","599616131497512192","-48"
"5715","599616131505205632","-38"
"5716","599616131512899200","-28"
"5717","599616131520592640","-21"
"5718","599616131528286080","-9"
"5719","599616131535979520","9"
"5720","599616131543672960","24"
"5721","599616131551366528","33"
"5722","599616131559059968","45"
"5723","599616131566753408","48"
"5724","599616131574446848","36"
"5725","599616131582140288","28"
"5726","599616131589833728","24"
"5727","599616131597527296","19"
"5728","599616131605220736","12"
"5729","599616131612914176","-7"
"5730","599616131620607616","-45"
"5731","599616131628301056","-82"
"5732","599616131635994496","-108"
"5733","599616131643688064","-127"
"5734","599616131651381504","-147"
"5735","599616131659074944","-159"
"5736","599616131666768384","-156"
"5737","599616131674461824","-156"
"5738","599616131682155392","-159"
"5739","599616131689848832","-147"
"5740","599616131697542272","-137"
"5741","599616131705235712","-142"
"5742","599616131712929152","-147"
"5743","599616131720622592","-139"
"5744","599616131728316160","-139"
"5745","599616131736009600","-139"
"5746","599616131743703040","-125"
"5747","599616131751396480","-94"
"5748","599616131759089920","-62"
"5749","599616131766783360","-50"
"5750","599616131774476928","-65"
"5751","599616131782170368","-74"
"5752","599616131789863808","-86"
"5753","599616131797557248","-103"
"5754","599616131805250688","-108"
"5755","599616131812944128","-108"
"5756","599616131820637696","-115"
"5757","599616131828331136","-115"
"5758","599616131836024576","-120"
"5759","599616131843718016","-156"
"5760","599616131851411456","-219"
"5761","599616131859105024","-200"
"5762","599616131866798464","0"
"5763","599616131874491904","320"
"5764","599616131882185344","472"
"5765","599616131889878784","221"
"5766","599616131897572224","-139"
"5767","599616131905265816","-236"
"5768","599616131912959232","-195"
"5769","599616131920652672","-185"
"5770","599616131928346112","-164"
"5771","599616131936039680","-137"
"5772","599616131943733120","-137"
"5773","599616131951426560","-137"
"5774","599616131959120000","-123"
"5775","599616131966813440","-115"
"5776","599616131974506880","-113"
"5777","599616131982200448","-101"
"5778","599616131989893888","-84"
"5779","599616131997587328","-74"
"5780","599616132005280768","-60"
"5781","599616132012974208","-43"
"5782","599616132020667648","-21"
"5783","599616132028361216","-4"
"5784","599616132036054656","-2"
"5785","599616132043748096","7"
"5786","599616132051441536","24"
"5787","599616132059134976","24"
"5788","599616132066828416","16"
"5789","599616132074521984","2"
"5790","599616132082215424","-2"
"5791","599616132089908864","-2"
"5792","599616132097602304","-19"
"5793","599616132105295744","-45"
"5794","599616132112989312","-77"
"5795","599616132120682752","-115"
"5796","599616132128376192","-147"
"5797","599616132136069632","-159"
"5798","599616132143763072","-176"
"5799","599616132151456512","-197"
"5800","599616132159150080","-205"
"5801","599616132166843520","-195"
"5802","599616132174536960","-193"
"5803","599616132182230400","-197"
"5804","599616132189923840","-202"
"5805","599616132197617280","-197"
"5806","599616132205310848","-171"
"5807","599616132213004288","-149"
"5808","599616132220697728","-168"
"5809","599616132228391168","-200"
"5810","599616132236084608","-193"
"5811","599616132243778176","-154"
"5812","599616132251471616","-113"
"5813","599616132259165056","-82"
"5814","599616132266858496","-65"
"5815","599616132274551936","-72"
"5816","599616132282245376","-89"
"5817","599616132289938944","-101"
"5818","599616132297632384","-113"
"5819","599616132305325824","-118"
"5820","599616132313019264","-113"
"5821","599616132320712704","-110"
"5822","599616132328406144","-101"
"5823","599616132336099712","-115"
"5824","599616132343793152","-173"
"5825","599616132351486592","-236"
"5826","599616132359180032","-226"
"5827","599616132366873472","-38"
"5828","599616132374566912","318"
"5829","599616132382260480","567"
"5830","599616132389953920","359"
"5831","599616132397647360","-120"
"5832","599616132405340800","-308"
"5833","599616132413034240","-214"
"5834","599616132420727808","-166"
"5835","599616132428421248","-171"
"5836","599616132436114688","-154"
"5837","599616132443808128","-142"
"5838","599616132451501568","-127"
"5839","599616132459195008","-101"
"5840","599616132466888570","-106"
"5841","599616132474582144","-118"
"5842","599616132482275712","-86"
"5843","599616132489969408","-57"
"5844","599616132497662976","-53"
"5845","599616132505356544","-21"
"5846","599616132513050112","4"
"5847","599616132520743808","-14"
"5848","599616132528437376","-19"
"5849","599616132536130944","26"
"5850","599616132543824512","57"
"5851","599616132551518208","62"
"5852","599616132559211776","82"
"5853","599616132566905344","82"
"5854","599616132574598912","33"
"5855","599616132582292608","7"
"5856","599616132589986176","14"
"5857","599616132597679744","-2"
"5858","599616132605373312","-9"
"5859","599616132613067008","-9"
"5860","599616132620760576","-57"
"5861","599616132628454144","-115"
"5862","599616132636147840","-135"
"5863","599616132643841408","-125"
"5864","599616132651534976","-125"
"5865","599616132659228544","-149"
"5866","599616132666922240","-164"
"5867","599616132674615808","-147"
"5868","599616132682309376","-139"
"5869","599616132690002944","-142"
"5870","599616132697696640","-135"
"5871","599616132705390208","-127"
"5872","599616132713083776","-135"
"5873","599616132720777344","-127"
"5874","599616132728471040","-103"
"5875","599616132736164608","-101"
"5876","599616132743858176","-108"
"5877","599616132751551744","-110"
"5878","599616132759245440","-101"
"5879","599616132766939008","-48"
"5880","599616132774632576","14"
"5881","599616132782326272","16"
"5882","599616132790019840","-24"
"5883","599616132797713408","-57"
"5884","599616132805406976","-69"
"5885","599616132813100672","-84"
"5886","599616132820794240","-103"
"5887","599616132828487808","-96"
"5888","599616132836181376","-91"
"5889","599616132843875072","-108"
"5890","599616132851568640","-132"
"5891","599616132859262208","-178"
"5892","599616132866955776","-209"
"5893","599616132874649472","-65"
"5894","599616132882343040","270"
"5895","599616132890036608","528"
"5896","599616132897730176","407"
"5897","599616132905423872","2"
"5898","599616132913117440","-234"
"5899","599616132920811008","-205"
"5900","599616132928504704","-156"
"5901","599616132936198272","-139"
"5902","599616132943891840","-106"
"5903","599616132951585408","-86"
"5904","599616132959279104","-86"
"5905","599616132966972672","-89"
"5906","599616132974666240","-84"
"5907","599616132982359808","-55"
"5908","599616132990053504","-28"
"5909","599616132997747072","-28"
"5910","599616133005440640","-24"
"5911","599616133013134208","-7"
"5912","599616133020827904","7"
"5913","599616133028521494","21"
"5914","599616133036215168","36"
"5915","599616133043908864","45"
"5916","599616133051602560","55"
"5917","599616133059296128","69"
"5918","599616133066989824","67"
"5919","599616133074683520","65"
"5920","599616133082377216","72"
"5921","599616133090070912","62"
"5922","599616133097764480","43"
"5923","599616133105458176","33"
"5924","599616133113151872","12"
"5925","599616133120845568","-14"
"5926","599616133128539264","-36"
"5927","599616133136232960","-67"
"5928","599616133143926528","-94"
"5929","599616133151620224","-98"
"5930","599616133159313920","-98"
"5931","599616133167007616","-120"
"5932","599616133174701312","-135"
"5933","599616133182394880","-118"
"5934","599616133190088576","-115"
"5935","599616133197782272","-135"
"5936","599616133205475968","-120"
"5937","599616133213169664","-101"
"5938","599616133220863232","-103"
"5939","599616133228556928","-96"
"5940","599616133236250624","-96"
"5941","599616133243944320","-96"
"5942","599616133251638016","-84"
"5943","599616133259331584","-86"
"5944","599616133267025280","-94"
"5945","599616133274718976","-86"
"5946","599616133282412672","-67"
"5947","599616133290106368","-43"
"5948","599616133297799936","-28"
"5949","599616133305493632","-24"
"5950","599616133313187328","-41"
"5951","599616133320881024","-72"
"5952","599616133328574720","-84"
"5953","599616133336268416","-79"
"5954","599616133343961984","-77"
"5955","599616133351655680","-77"
"5956","599616133359349376","-84"
"5957","599616133367043072","-98"
"5958","599616133374736768","-106"
"5959","599616133382430336","-147"
"5960","599616133390124032","-178"
"5961","599616133397817728","-53"
"5962","599616133405511424","212"
"5963","599616133413205120","393"
"5964","599616133420898688","291"
"5965","599616133428592384","-14"
"5966","599616133436286080","-197"
"5967","599616133443979776","-197"
"5968","599616133451673472","-161"
"5969","599616133459367040","-123"
"5970","599616133467060736","-96"
"5971","599616133474754432","-89"
"5972","599616133482448128","-82"
"5973","599616133490141824","-72"
"5974","599616133497835392","-67"
"5975","599616133505529088","-60"
"5976","599616133513222784","-48"
"5977","599616133520916480","-36"
"5978","599616133528610176","-24"
"5979","599616133536303872","-14"
"5980","599616133543997440","-2"
"5981","599616133551691136","19"
"5982","599616133559384832","38"
"5983","599616133567078528","45"
"5984","599616133574772224","55"
"5985","599616133582465792","60"
"5986","599616133590159508","60"
"5987","599616133597853056","60"
"5988","599616133605546624","60"
"5989","599616133613240064","48"
"5990","599616133620933632","43"
"5991","599616133628627200","41"
"5992","599616133636320768","28"
"5993","599616133644014208","2"
"5994","599616133651707776","-31"
"5995","599616133659401344","-62"
"5996","599616133667094784","-86"
"5997","599616133674788352","-101"
"5998","599616133682481920","-106"
"5999","599616133690175488","-113"
"6000","599616133697868928","-115"
"6001","599616133705562496","-118"
"6002","599616133713256064","-125"
"6003","599616133720949632","-125"
"6004","599616133728643072","-110"
"6005","599616133736336640","-108"
"6006","599616133744030208","-110"
"6007","599616133751723648","-108"
"6008","599616133759417216","-103"
"6009","599616133767110784","-103"
"6010","599616133774804352","-106"
"6011","599616133782497792","-108"
"6012","599616133790191360","-118"
"6013","599616133797884928","-120"
"6014","599616133805578368","-103"
"6015","599616133813271936","-72"
"6016","599616133820965504","-43"
"6017","599616133828659072","-31"
"6018","599616133836352512","-38"
"6019","599616133844046080","-57"
"6020","599616133851739648","-72"
"6021","599616133859433088","-86"
"6022","599616133867126656","-106"
"6023","599616133874820224","-110"
"6024","599616133882513792","-86"
"6025","599616133890207232","-72"
"6026","599616133897900800","-89"
"6027","599616133905594368","-130"
"6028","599616133913287808","-178"
"6029","599616133920981376","-178"
"6030","599616133928674944","-28"
"6031","599616133936368512","224"
"6032","599616133944061952","361"
"6033","599616133951755520","217"
"6034","599616133959449088","-79"
"6035","599616133967142656","-236"
"6036","599616133974836096","-236"
"6037","599616133982529664","-207"
"6038","599616133990223232","-173"
"6039","599616133997916672","-132"
"6040","599616134005610240","-89"
"6041","599616134013303808","-50"
"6042","599616134020997376","-19"
"6043","599616134028690816","-21"
"6044","599616134036384384","-57"
"6045","599616134044077952","-67"
"6046","599616134051771392","-50"
"6047","599616134059464960","-45"
"6048","599616134067158528","-41"
"6049","599616134074852096","-21"
"6050","599616134082545536","0"
"6051","599616134090239104","4"
"6052","599616134097932672","4"
"6053","599616134105626112","19"
"6054","599616134113319680","31"
"6055","599616134121013248","28"
"6056","599616134128706816","21"
"6057","599616134136400256","7"
"6058","599616134144093824","4"
"6059","599616134151787348","19"
"6060","599616134159480960","16"
"6061","599616134167174528","-19"
"6062","599616134174867968","-53"
"6063","599616134182561536","-84"
"6064","599616134190255104","-118"
"6065","599616134197948672","-132"
"6066","599616134205642112","-142"
"6067","599616134213335680","-166"
"6068","599616134221029248","-183"
"6069","599616134228722688","-180"
"6070","599616134236416256","-171"
"6071","599616134244109824","-171"
"6072","599616134251803392","-171"
"6073","599616134259496832","-164"
"6074","599616134267190400","-156"
"6075","599616134274883968","-152"
"6076","599616134282577536","-147"
"6077","599616134290270976","-137"
"6078","599616134297964544","-127"
"6079","599616134305658112","-132"
"6080","599616134313351552","-137"
"6081","599616134321045120","-135"
"6082","599616134328738688","-139"
"6083","599616134336432256","-154"
"6084","599616134344125696","-144"
"6085","599616134351819264","-103"
"6086","599616134359512832","-72"
"6087","599616134367206272","-62"
"6088","599616134374899840","-48"
"6089","599616134382593408","-69"
"6090","599616134390286976","-132"
"6091","599616134397980416","-144"
"6092","599616134405673984","-115"
"6093","599616134413367552","-132"
"6094","599616134421060992","-164"
"6095","599616134428754560","-144"
"6096","599616134436448128","-135"
"6097","599616134444141696","-161"
"6098","599616134451835136","-171"
"6099","599616134459528704","-74"
"6100","599616134467222272","166"
"6101","599616134474915712","405"
"6102","599616134482609280","361"
"6103","599616134490302848","-19"
"6104","599616134497996416","-296"
"6105","599616134505689856","-270"
"6106","599616134513383424","-217"
"6107","599616134521076992","-173"
"6108","599616134528770560","-103"
"6109","599616134536464000","-113"
"6110","599616134544157568","-152"
"6111","599616134551851136","-127"
"6112","599616134559544576","-103"
"6113","599616134567238144","-113"
"6114","599616134574931712","-106"
"6115","599616134582625280","-86"
"6116","599616134590318720","-82"
"6117","599616134598012288","-60"
"6118","599616134605705856","-28"
"6119","599616134613399296","-28"
"6120","599616134621092864","-26"
"6121","599616134628786432","16"
"6122","599616134636480000","45"
"6123","599616134644173440","24"
"6124","599616134651867008","19"
"6125","599616134659560576","36"
"6126","599616134667254016","16"
"6127","599616134674947584","-12"
"6128","599616134682641152","0"
"6129","599616134690334720","9"
"6130","599616134698028160","-14"
"6131","599616134705721728","-53"
"6132","599616134713415190","-86"
"6133","599616134721108864","-120"
"6134","599616134728802560","-154"
"6135","599616134736496256","-183"
"6136","599616134744189824","-190"
"6137","599616134751883520","-185"
"6138","599616134759577216","-193"
"6139","599616134767270912","-207"
"6140","599616134774964608","-202"
"6141","599616134782658176","-180"
"6142","599616134790351872","-171"
"6143","599616134798045568","-176"
"6144","599616134805739264","-166"
"6145","599616134813432960","-168"
"6146","599616134821126656","-166"
"6147","599616134828820224","-135"
"6148","599616134836513920","-144"
"6149","599616134844207616","-180"
"6150","599616134851901312","-176"
"6151","599616134859595008","-154"
"6152","599616134867288576","-166"
"6153","599616134874982272","-168"
"6154","599616134882675968","-127"
"6155","599616134890369664","-91"
"6156","599616134898063360","-82"
"6157","599616134905756928","-74"
"6158","599616134913450624","-79"
"6159","599616134921144320","-106"
"6160","599616134928838016","-130"
"6161","599616134936531712","-132"
"6162","599616134944225280","-137"
"6163","599616134951918976","-132"
"6164","599616134959612672","-120"
"6165","599616134967306368","-135"
"6166","599616134975000064","-178"
"6167","599616134982693632","-219"
"6168","599616134990387328","-152"
"6169","599616134998081024","108"
"6170","599616135005774720","448"
"6171","599616135013468416","513"
"6172","599616135021162112","135"
"6173","599616135028855680","-250"
"6174","599616135036549376","-272"
"6175","599616135044243072","-188"
"6176","599616135051936768","-178"
"6177","599616135059630464","-152"
"6178","599616135067324032","-120"
"6179","599616135075017728","-118"
"6180","599616135082711424","-110"
"6181","599616135090405120","-101"
"6182","599616135098098816","-96"
"6183","599616135105792384","-79"
"6184","599616135113486080","-65"
"6185","599616135121179776","-60"
"6186","599616135128873472","-41"
"6187","599616135136567168","-19"
"6188","599616135144260736","-7"
"6189","599616135151954432","9"
"6190","599616135159648128","28"
"6191","599616135167341824","38"
"6192","599616135175035520","50"
"6193","599616135182729088","62"
"6194","599616135190422784","57"
"6195","599616135198116480","48"
"6196","599616135205810176","41"
"6197","599616135213503872","24"
"6198","599616135221197568","16"
"6199","599616135228891136","19"
"6200","599616135236584832","-12"
"6201","599616135244278528","-69"
"6202","599616135251972224","-106"
"6203","599616135259665920","-120"
"6204","599616135267359488","-142"
"6205","599616135275053202","-161"
"6206","599616135282746624","-166"
"6207","599616135290440064","-166"
"6208","599616135298133376","-161"
"6209","599616135305826816","-154"
"6210","599616135313520256","-149"
"6211","599616135321213568","-149"
"6212","599616135328907008","-147"
"6213","599616135336600320","-139"
"6214","599616135344293760","-139"
"6215","599616135351987200","-135"
"6216","599616135359680512","-130"
"6217","599616135367373952","-130"
"6218","599616135375067392","-127"
"6219","599616135382760704","-127"
"6220","599616135390454144","-132"
"6221","599616135398147456","-135"
"6222","599616135405840896","-135"
"6223","599616135413534336","-113"
"6224","599616135421227648","-69"
"6225","599616135428921088","-41"
"6226","599616135436614528","-45"
"6227","599616135444307840","-62"
"6228","599616135452001280","-77"
"6229","599616135459694720","-94"
"6230","599616135467388032","-106"
"6231","599616135475081472","-110"
"6232","599616135482774784","-103"
"6233","599616135490468224","-103"
"6234","599616135498161664","-108"
"6235","599616135505854976","-113"
"6236","599616135513548416","-152"
"6237","599616135521241856","-178"
"6238","599616135528935168","-57"
"6239","599616135536628608","200"
"6240","599616135544321920","378"
"6241","599616135552015360","277"
"6242","599616135559708800","-48"
"6243","599616135567402112","-253"
"6244","599616135575095552","-212"
"6245","599616135582788992","-149"
"6246","599616135590482304","-149"
"6247","599616135598175744","-123"
"6248","599616135605869056","-67"
"6249","599616135613562496","-57"
"6250","599616135621255936","-84"
"6251","599616135628949248","-72"
"6252","599616135636642688","-33"
"6253","599616135644336128","-24"
"6254","599616135652029440","-31"
"6255","599616135659722880","-12"
"6256","599616135667416320","14"
"6257","599616135675109632","12"
"6258","599616135682803072","2"
"6259","599616135690496384","26"
"6260","599616135698189824","72"
"6261","599616135705883264","86"
"6262","599616135713576576","79"
"6263","599616135721270016","86"
"6264","599616135728963456","91"
"6265","599616135736656768","74"
"6266","599616135744350208","48"
"6267","599616135752043520","26"
"6268","599616135759736960","53"
"6269","599616135767430400","77"
"6270","599616135775123712","26"
"6271","599616135782817152","-26"
"6272","599616135790510592","-45"
"6273","599616135798203904","-84"
"6274","599616135805897344","-115"
"6275","599616135813590784","-115"
"6276","599616135821284096","-118"
"6277","599616135828977536","-135"
"6278","599616135836670870","-130"
"6279","599616135844364544","-115"
"6280","599616135852058240","-108"
"6281","599616135859751936","-101"
"6282","599616135867445504","-106"
"6283","599616135875139200","-123"
"6284","599616135882832896","-113"
"6285","599616135890526592","-82"
"6286","599616135898220288","-79"
"6287","599616135905913856","-106"
"6288","599616135913607552","-108"
"6289","599616135921301248","-77"
"6290","599616135928994944","-79"
"6291","599616135936688640","-120"
"6292","599616135944382336","-137"
"6293","599616135952075904","-110"
"6294","599616135959769600","-57"
"6295","599616135967463296","-12"
"6296","599616135975156992","-9"
"6297","599616135982850688","-28"
"6298","599616135990544256","-55"
"6299","599616135998237952","-77"
"6300","599616136005931648","-82"
"6301","599616136013625344","-74"
"6302","599616136021319040","-72"
"6303","599616136029012608","-79"
"6304","599616136036706304","-77"
"6305","599616136044400000","-79"
"6306","599616136052093696","-118"
"6307","599616136059787392","-166"
"6308","599616136067480960","-110"
"6309","599616136075174656","89"
"6310","599616136082868352","301"
"6311","599616136090562048","340"
"6312","599616136098255744","132"
"6313","599616136105949312","-130"
"6314","599616136113643008","-209"
"6315","599616136121336704","-156"
"6316","599616136129030400","-110"
"6317","599616136136724096","-94"
"6318","599616136144417792","-84"
"6319","599616136152111360","-77"
"6320","599616136159805056","-62"
"6321","599616136167498752","-45"
"6322","599616136175192448","-43"
"6323","599616136182886144","-33"
"6324","599616136190579712","-12"
"6325","599616136198273408","-9"
"6326","599616136205967104","-16"
"6327","599616136213660800","0"
"6328","599616136221354496","24"
"6329","599616136229048064","38"
"6330","599616136236741760","45"
"6331","599616136244435456","53"
"6332","599616136252129152","55"
"6333","599616136259822848","60"
"6334","599616136267516416","69"
"6335","599616136275210112","74"
"6336","599616136282903808","67"
"6337","599616136290597504","57"
"6338","599616136298291200","50"
"6339","599616136305984768","41"
"6340","599616136313678464","21"
"6341","599616136321372160","-4"
"6342","599616136329065856","-41"
"6343","599616136336759552","-72"
"6344","599616136344453248","-89"
"6345","599616136352146816","-103"
"6346","599616136359840512","-123"
"6347","599616136367534208","-132"
"6348","599616136375227904","-130"
"6349","599616136382921600","-127"
"6350","599616136390615168","-130"
"6351","599616136398308884","-130"
"6352","599616136406002688","-127"
"6353","599616136413696512","-123"
"6354","599616136421390336","-115"
"6355","599616136429084160","-120"
"6356","599616136436777984","-118"
"6357","599616136444471680","-106"
"6358","599616136452165504","-110"
"6359","599616136459859328","-115"
"6360","599616136467553152","-110"
"6361","599616136475246976","-118"
"6362","599616136482940800","-132"
"6363","599616136490634624","-113"
"6364","599616136498328448","-72"
"6365","599616136506022272","-53"
"6366","599616136513716096","-38"
"6367","599616136521409792","-26"
"6368","599616136529103616","-48"
"6369","599616136536797440","-86"
"6370","599616136544491264","-98"
"6371","599616136552185088","-89"
"6372","599616136559878912","-86"
"6373","599616136567572736","-89"
"6374","599616136575266560","-91"
"6375","599616136582960384","-98"
"6376","599616136590654208","-137"
"6377","599616136598347904","-178"
"6378","599616136606041728","-125"
"6379","599616136613735552","55"
"6380","599616136621429376","258"
"6381","599616136629123200","296"
"6382","599616136636817024","82"
"6383","599616136644510848","-152"
"6384","599616136652204672","-197"
"6385","599616136659898496","-156"
"6386","599616136667592192","-130"
"6387","599616136675286016","-108"
"6388","599616136682979840","-98"
"6389","599616136690673664","-91"
"6390","599616136698367488","-79"
"6391","599616136706061312","-72"
"6392","599616136713755136","-67"
"6393","599616136721448960","-65"
"6394","599616136729142784","-57"
"6395","599616136736836608","-33"
"6396","599616136744530304","-12"
"6397","599616136752224128","-4"
"6398","599616136759917952","0"
"6399","599616136767611776","19"
"6400","599616136775305600","38"
"6401","599616136782999424","41"
"6402","599616136790693248","45"
"6403","599616136798387072","53"
"6404","599616136806080896","50"
"6405","599616136813774720","57"
"6406","599616136821468416","69"
"6407","599616136829162240","57"
"6408","599616136836856064","43"
"6409","599616136844549888","43"
"6410","599616136852243712","21"
"6411","599616136859937536","-26"
"6412","599616136867631360","-65"
"6413","599616136875325184","-86"
"6414","599616136883019008","-101"
"6415","599616136890712704","-115"
"6416","599616136898406528","-120"
"6417","599616136906100352","-118"
"6418","599616136913794176","-127"
"6419","599616136921488000","-125"
"6420","599616136929181824","-123"
"6421","599616136936875648","-127"
"6422","599616136944569472","-113"
"6423","599616136952263296","-103"
"6424","599616136959957068","-110"
"6425","599616136967650688","-106"
"6426","599616136975344256","-84"
"6427","599616136983037696","-84"
"6428","599616136990731264","-106"
"6429","599616136998424832","-115"
"6430","599616137006118400","-113"
"6431","599616137013811840","-110"
"6432","599616137021505408","-106"
"6433","599616137029198976","-86"
"6434","599616137036892416","-55"
"6435","599616137044585984","-38"
"6436","599616137052279552","-41"
"6437","599616137059973120","-57"
"6438","599616137067666560","-84"
"6439","599616137075360128","-96"
"6440","599616137083053696","-96"
"6441","599616137090747264","-94"
"6442","599616137098440704","-94"
"6443","599616137106134272","-86"
"6444","599616137113827840","-89"
"6445","599616137121521280","-110"
"6446","599616137129214848","-152"
"6447","599616137136908416","-152"
"6448","599616137144601984","-4"
"6449","599616137152295424","238"
"6450","599616137159988992","364"
"6451","599616137167682560","209"
"6452","599616137175376000","-79"
"6453","599616137183069568","-214"
"6454","599616137190763136","-183"
"6455","599616137198456704","-132"
"6456","599616137206150144","-101"
"6457","599616137213843712","-86"
"6458","599616137221537280","-79"
"6459","599616137229230720","-74"
"6460","599616137236924288","-69"
"6461","599616137244617856","-57"
"6462","599616137252311424","-48"
"6463","599616137260004864","-45"
"6464","599616137267698432","-45"
"6465","599616137275392000","-28"
"6466","599616137283085440","0"
"6467","599616137290779008","9"
"6468","599616137298472576","16"
"6469","599616137306166144","38"
"6470","599616137313859584","45"
"6471","599616137321553152","45"
"6472","599616137329246720","67"
"6473","599616137336940288","82"
"6474","599616137344633728","57"
"6475","599616137352327296","36"
"6476","599616137360020864","45"
"6477","599616137367714304","43"
"6478","599616137375407872","24"
"6479","599616137383101440","12"
"6480","599616137390795008","-12"
"6481","599616137398488448","-57"
"6482","599616137406182016","-91"
"6483","599616137413875584","-120"
"6484","599616137421569024","-144"
"6485","599616137429262592","-152"
"6486","599616137436956160","-149"
"6487","599616137444649728","-154"
"6488","599616137452343168","-161"
"6489","599616137460036736","-159"
"6490","599616137467730304","-152"
"6491","599616137475423744","-144"
"6492","599616137483117312","-139"
"6493","599616137490810880","-135"
"6494","599616137498504448","-132"
"6495","599616137506197888","-137"
"6496","599616137513891456","-137"
"6497","599616137521584910","-125"
"6498","599616137529278464","-127"
"6499","599616137536972032","-135"
"6500","599616137544665472","-132"
"6501","599616137552359040","-125"
"6502","599616137560052608","-106"
"6503","599616137567746176","-74"
"6504","599616137575439616","-57"
"6505","599616137583133184","-62"
"6506","599616137590826752","-72"
"6507","599616137598520192","-91"
"6508","599616137606213760","-110"
"6509","599616137613907328","-115"
"6510","599616137621600896","-108"
"6511","599616137629294336","-103"
"6512","599616137636987904","-106"
"6513","599616137644681472","-118"
"6514","599616137652375040","-149"
"6515","599616137660068480","-195"
"6516","599616137667762048","-168"
"6517","599616137675455616","19"
"6518","599616137683149056","289"
"6519","599616137690842624","383"
"6520","599616137698536192","144"
"6521","599616137706229760","-173"
"6522","599616137713923200","-260"
"6523","599616137721616768","-205"
"6524","599616137729310336","-166"
"6525","599616137737003776","-132"
"6526","599616137744697344","-108"
"6527","599616137752390912","-101"
"6528","599616137760084480","-98"
"6529","599616137767777920","-94"
"6530","599616137775471488","-82"
"6531","599616137783165056","-53"
"6532","599616137790858496","-38"
"6533","599616137798552064","-55"
"6534","599616137806245632","-60"
"6535","599616137813939200","-38"
"6536","599616137821632640","-16"
"6537","599616137829326208","9"
"6538","599616137837019776","41"
"6539","599616137844713216","48"
"6540","599616137852406784","53"
"6541","599616137860100352","57"
"6542","599616137867793920","45"
"6543","599616137875487360","36"
"6544","599616137883180928","36"
"6545","599616137890874496","36"
"6546","599616137898568064","33"
"6547","599616137906261504","16"
"6548","599616137913955072","-14"
"6549","599616137921648640","-57"
"6550","599616137929342080","-103"
"6551","599616137937035648","-132"
"6552","599616137944729216","-147"
"6553","599616137952422784","-161"
"6554","599616137960116224","-178"
"6555","599616137967809792","-188"
"6556","599616137975503360","-185"
"6557","599616137983196800","-183"
"6558","599616137990890368","-183"
"6559","599616137998583936","-183"
"6560","599616138006277504","-178"
"6561","599616138013970944","-171"
"6562","599616138021664512","-168"
"6563","599616138029358080","-168"
"6564","599616138037051520","-164"
"6565","599616138044745088","-159"
"6566","599616138052438656","-156"
"6567","599616138060132224","-156"
"6568","599616138067825664","-161"
"6569","599616138075519232","-178"
"6570","599616138083212750","-168"
"6571","599616138090906368","-115"
"6572","599616138098599936","-82"
"6573","599616138106293376","-91"
"6574","599616138113986944","-98"
"6575","599616138121680512","-113"
"6576","599616138129374080","-132"
"6577","599616138137067520","-139"
"6578","599616138144761088","-142"
"6579","599616138152454656","-142"
"6580","599616138160148096","-137"
"6581","599616138167841664","-132"
"6582","599616138175535232","-149"
"6583","599616138183228800","-200"
"6584","599616138190922240","-214"
"6585","599616138198615808","-53"
"6586","599616138206309376","258"
"6587","599616138214002944","470"
"6588","599616138221696384","320"
"6589","599616138229389952","-84"
"6590","599616138237083520","-291"
"6591","599616138244776960","-226"
"6592","599616138252470528","-171"
"6593","599616138260164096","-166"
"6594","599616138267857664","-137"
"6595","599616138275551104","-113"
"6596","599616138283244672","-113"
"6597","599616138290938240","-106"
"6598","599616138298631680","-98"
"6599","599616138306325248","-96"
"6600","599616138314018816","-74"
"6601","599616138321712384","-50"
"6602","599616138329405824","-45"
"6603","599616138337099392","-38"
"6604","599616138344792960","-14"
"6605","599616138352486400","7"
"6606","599616138360179968","16"
"6607","599616138367873536","33"
"6608","599616138375567104","50"
"6609","599616138383260544","50"
"6610","599616138390954112","45"
"6611","599616138398647680","45"
"6612","599616138406341120","41"
"6613","599616138414034688","33"
"6614","599616138421728256","31"
"6615","599616138429421824","16"
"6616","599616138437115264","-12"
"6617","599616138444808832","-55"
"6618","599616138452502400","-103"
"6619","599616138460195968","-135"
"6620","599616138467889408","-156"
"6621","599616138475582976","-171"
"6622","599616138483276544","-173"
"6623","599616138490969984","-176"
"6624","599616138498663552","-178"
"6625","599616138506357120","-180"
"6626","599616138514050688","-180"
"6627","599616138521744128","-171"
"6628","599616138529437696","-164"
"6629","599616138537131264","-159"
"6630","599616138544824704","-139"
"6631","599616138552518272","-132"
"6632","599616138560211840","-144"
"6633","599616138567905408","-149"
"6634","599616138575598848","-144"
"6635","599616138583292416","-142"
"6636","599616138590985984","-144"
"6637","599616138598679424","-154"
"6638","599616138606372992","-147"
"6639","599616138614066560","-108"
"6640","599616138621760128","-65"
"6641","599616138629453568","-53"
"6642","599616138637147136","-65"
"6643","599616138644840590","-82"
"6644","599616138652534272","-96"
"6645","599616138660227968","-103"
"6646","599616138667921792","-98"
"6647","599616138675615488","-94"
"6648","599616138683309184","-89"
"6649","599616138691003008","-79"
"6650","599616138698696704","-101"
"6651","599616138706390400","-164"
"6652","599616138714084224","-193"
"6653","599616138721777920","-36"
"6654","599616138729471744","318"
"6655","599616138737165440","644"
"6656","599616138744859136","562"
"6657","599616138752552960","86"
"6658","599616138760246656","-207"
"6659","599616138767940352","-156"
"6660","599616138775634176","-108"
"6661","599616138783327872","-125"
"6662","599616138791021568","-106"
"6663","599616138798715392","-84"
"6664","599616138806409088","-79"
"6665","599616138814102784","-67"
"6666","599616138821796608","-55"
"6667","599616138829490304","-48"
"6668","599616138837184000","-31"
"6669","599616138844877824","-19"
"6670","599616138852571520","-14"
"6671","599616138860265344","7"
"6672","599616138867959040","24"
"6673","599616138875652736","33"
"6674","599616138883346560","53"
"6675","599616138891040256","69"
"6676","599616138898733952","79"
"6677","599616138906427776","77"
"6678","599616138914121472","65"
"6679","599616138921815168","65"
"6680","599616138929508992","62"
"6681","599616138937202688","48"
"6682","599616138944896384","41"
"6683","599616138952590208","33"
"6684","599616138960283904","12"
"6685","599616138967977600","-26"
"6686","599616138975671424","-62"
"6687","599616138983365120","-84"
"6688","599616138991058944","-101"
"6689","599616138998752640","-113"
"6690","599616139006446336","-120"
"6691","599616139014140160","-120"
"6692","599616139021833856","-120"
"6693","599616139029527552","-130"
"6694","599616139037221376","-132"
"6695","599616139044915072","-118"
"6696","599616139052608768","-110"
"6697","599616139060302592","-110"
"6698","599616139067996288","-108"
"6699","599616139075689984","-101"
"6700","599616139083383808","-98"
"6701","599616139091077504","-96"
"6702","599616139098771200","-91"
"6703","599616139106465024","-101"
"6704","599616139114158720","-113"
"6705","599616139121852416","-108"
"6706","599616139129546240","-89"
"6707","599616139137239936","-57"
"6708","599616139144933760","-24"
"6709","599616139152627456","-4"
"6710","599616139160321152","-9"
"6711","599616139168014976","-33"
"6712","599616139175708672","-55"
"6713","599616139183402368","-67"
"6714","599616139191096192","-67"
"6715","599616139198789888","-60"
"6716","599616139206483690","-62"
"6717","599616139214177408","-62"
"6718","599616139221871104","-65"
"6719","599616139229564928","-118"
"6720","599616139237258624","-195"
"6721","599616139244952320","-149"
"6722","599616139252646144","115"
"6723","599616139260339840","477"
"6724","599616139268033536","608"
"6725","599616139275727360","301"
"6726","599616139283421056","-86"
"6727","599616139291114880","-176"
"6728","599616139298808576","-132"
"6729","599616139306502272","-135"
"6730","599616139314196096","-125"
"6731","599616139321889792","-106"
"6732","599616139329583488","-103"
"6733","599616139337277312","-94"
"6734","599616139344971008","-74"
"6735","599616139352664704","-65"
"6736","599616139360358528","-57"
"6737","599616139368052224","-43"
"6738","599616139375745920","-26"
"6739","599616139383439744","-7"
"6740","599616139391133440","7"
"6741","599616139398827136","19"
"6742","599616139406520960","36"
"6743","599616139414214656","55"
"6744","599616139421908480","62"
"6745","599616139429602176","72"
"6746","599616139437295872","77"
"6747","599616139444989696","69"
"6748","599616139452683392","55"
"6749","599616139460377088","48"
"6750","599616139468070912","48"
"6751","599616139475764608","38"
"6752","599616139483458304","19"
"6753","599616139491152128","-12"
"6754","599616139498845824","-41"
"6755","599616139506539520","-69"
"6756","599616139514233344","-96"
"6757","599616139521927040","-113"
"6758","599616139529620736","-120"
"6759","599616139537314560","-127"
"6760","599616139545008256","-127"
"6761","599616139552701952","-120"
"6762","599616139560395776","-115"
"6763","599616139568089472","-115"
"6764","599616139575783296","-120"
"6765","599616139583476992","-115"
"6766","599616139591170688","-108"
"6767","599616139598864512","-101"
"6768","599616139606558208","-94"
"6769","599616139614251904","-91"
"6770","599616139621945728","-101"
"6771","599616139629639424","-98"
"6772","599616139637333120","-86"
"6773","599616139645026944","-96"
"6774","599616139652720640","-108"
"6775","599616139660414336","-101"
"6776","599616139668108160","-79"
"6777","599616139675801856","-41"
"6778","599616139683495552","-14"
"6779","599616139691189376","-16"
"6780","599616139698883072","-28"
"6781","599616139706576896","-43"
"6782","599616139714270592","-65"
"6783","599616139721964288","-77"
"6784","599616139729658112","-72"
"6785","599616139737351808","-69"
"6786","599616139745045504","-77"
"6787","599616139752739328","-77"
"6788","599616139760433024","-82"
"6789","599616139768126788","-127"
"6790","599616139775820416","-183"
"6791","599616139783513984","-115"
"6792","599616139791207424","135"
"6793","599616139798900992","402"
"6794","599616139806594560","422"
"6795","599616139814288128","139"
"6796","599616139821981568","-142"
"6797","599616139829675136","-193"
"6798","599616139837368704","-144"
"6799","599616139845062144","-123"
"6800","599616139852755712","-108"
"6801","599616139860449280","-94"
"6802","599616139868142848","-86"
"6803","599616139875836288","-82"
"6804","599616139883529856","-69"
"6805","599616139891223424","-62"
"6806","599616139898916992","-53"
"6807","599616139906610432","-33"
"6808","599616139914304000","-21"
"6809","599616139921997568","-14"
"6810","599616139929691008","2"
"6811","599616139937384576","28"
"6812","599616139945078144","36"
"6813","599616139952771712","45"
"6814","599616139960465152","62"
"6815","599616139968158720","72"
"6816","599616139975852288","74"
"6817","599616139983545728","72"
"6818","599616139991239296","62"
"6819","599616139998932864","53"
"6820","599616140006626432","45"
"6821","599616140014319872","38"
"6822","599616140022013440","19"
"6823","599616140029707008","-14"
"6824","599616140037400448","-41"
"6825","599616140045094016","-67"
"6826","599616140052787584","-98"
"6827","599616140060481152","-115"
"6828","599616140068174592","-115"
"6829","599616140075868160","-127"
"6830","599616140083561728","-130"
"6831","599616140091255168","-120"
"6832","599616140098948736","-118"
"6833","599616140106642304","-123"
"6834","599616140114335872","-118"
"6835","599616140122029312","-108"
"6836","599616140129722880","-103"
"6837","599616140137416448","-101"
"6838","599616140145110016","-98"
"6839","599616140152803456","-91"
"6840","599616140160497024","-91"
"6841","599616140168190592","-86"
"6842","599616140175884032","-84"
"6843","599616140183577600","-94"
"6844","599616140191271168","-103"
"6845","599616140198964736","-106"
"6846","599616140206658176","-98"
"6847","599616140214351744","-72"
"6848","599616140222045312","-36"
"6849","599616140229738752","-19"
"6850","599616140237432320","-28"
"6851","599616140245125888","-43"
"6852","599616140252819456","-67"
"6853","599616140260512896","-91"
"6854","599616140268206464","-96"
"6855","599616140275900032","-89"
"6856","599616140283593472","-86"
"6857","599616140291287040","-94"
"6858","599616140298980608","-101"
"6859","599616140306674176","-115"
"6860","599616140314367616","-164"
"6861","599616140322061184","-205"
"6862","599616140329754628","-103"
"6863","599616140337448192","156"
"6864","599616140345141760","381"
"6865","599616140352835200","340"
"6866","599616140360528768","53"
"6867","599616140368222336","-164"
"6868","599616140375915904","-180"
"6869","599616140383609344","-166"
"6870","599616140391302912","-152"
"6871","599616140398996480","-113"
"6872","599616140406689920","-101"
"6873","599616140414383488","-106"
"6874","599616140422077056","-94"
"6875","599616140429770624","-77"
"6876","599616140437464064","-69"
"6877","599616140445157632","-60"
"6878","599616140452851200","-45"
"6879","599616140460544768","-36"
"6880","599616140468238208","-21"
"6881","599616140475931776","-4"
"6882","599616140483625344","7"
"6883","599616140491318784","21"
"6884","599616140499012352","36"
"6885","599616140506705920","45"
"6886","599616140514399488","48"
"6887","599616140522092928","48"
"6888","599616140529786496","48"
"6889","599616140537480064","41"
"6890","599616140545173504","33"
"6891","599616140552867072","26"
"6892","599616140560560640","16"
"6893","599616140568254208","-2"
"6894","599616140575947648","-31"
"6895","599616140583641216","-69"
"6896","599616140591334784","-103"
"6897","599616140599028224","-125"
"6898","599616140606721792","-132"
"6899","599616140614415360","-135"
"6900","599616140622108928","-135"
"6901","599616140629802368","-137"
"6902","599616140637495936","-142"
"6903","599616140645189504","-142"
"6904","599616140652882944","-132"
"6905","599616140660576512","-127"
"6906","599616140668270080","-125"
"6907","599616140675963648","-120"
"6908","599616140683657088","-120"
"6909","599616140691350656","-118"
"6910","599616140699044224","-110"
"6911","599616140706737792","-103"
"6912","599616140714431232","-103"
"6913","599616140722124800","-110"
"6914","599616140729818368","-110"
"6915","599616140737511808","-108"
"6916","599616140745205376","-120"
"6917","599616140752898944","-132"
"6918","599616140760592512","-120"
"6919","599616140768285952","-79"
"6920","599616140775979520","-45"
"6921","599616140783673088","-41"
"6922","599616140791366528","-48"
"6923","599616140799060096","-62"
"6924","599616140806753664","-91"
"6925","599616140814447232","-110"
"6926","599616140822140672","-106"
"6927","599616140829834240","-101"
"6928","599616140837527808","-101"
"6929","599616140845221248","-103"
"6930","599616140852914816","-106"
"6931","599616140860608384","-130"
"6932","599616140868301952","-176"
"6933","599616140875995392","-195"
"6934","599616140883688960","-69"
"6935","599616140891382470","183"
"6936","599616140899076352","366"
"6937","599616140906770176","279"
"6938","599616140914464128","-16"
"6939","599616140922157952","-207"
"6940","599616140929851904","-209"
"6941","599616140937545728","-178"
"6942","599616140945239680","-152"
"6943","599616140952933504","-127"
"6944","599616140960627456","-120"
"6945","599616140968321280","-123"
"6946","599616140976015104","-118"
"6947","599616140983709056","-101"
"6948","599616140991402880","-94"
"6949","599616140999096832","-86"
"6950","599616141006790656","-57"
"6951","599616141014484608","-43"
"6952","599616141022178432","-43"
"6953","599616141029872256","-26"
"6954","599616141037566208","-7"
"6955","599616141045260032","-4"
"6956","599616141052953984","-2"
"6957","599616141060647808","16"
"6958","599616141068341760","33"
"6959","599616141076035584","33"
"6960","599616141083729536","19"
"6961","599616141091423360","4"
"6962","599616141099117184","2"
"6963","599616141106811136","2"
"6964","599616141114504960","2"
"6965","599616141122198912","-24"
"6966","599616141129892736","-86"
"6967","599616141137586688","-118"
"6968","599616141145280512","-120"
"6969","599616141152974464","-161"
"6970","599616141160668288","-202"
"6971","599616141168362112","-185"
"6972","599616141176056064","-173"
"6973","599616141183749888","-197"
"6974","599616141191443840","-197"
"6975","599616141199137664","-166"
"6976","599616141206831616","-152"
"6977","599616141214525440","-173"
"6978","599616141222219392","-180"
"6979","599616141229913216","-154"
"6980","599616141237607040","-139"
"6981","599616141245300992","-144"
"6982","599616141252994816","-135"
"6983","599616141260688768","-125"
"6984","599616141268382592","-130"
"6985","599616141276076544","-135"
"6986","599616141283770368","-132"
"6987","599616141291464192","-135"
"6988","599616141299158144","-144"
"6989","599616141306851968","-149"
"6990","599616141314545920","-144"
"6991","599616141322239744","-110"
"6992","599616141329933696","-65"
"6993","599616141337627520","-65"
"6994","599616141345321472","-82"
"6995","599616141353015296","-77"
"6996","599616141360709120","-98"
"6997","599616141368403072","-132"
"6998","599616141376096896","-127"
"6999","599616141383790848","-120"
"7000","599616141391484672","-135"
"7001","599616141399178624","-130"
"7002","599616141406872448","-118"
"7003","599616141414566400","-132"
"7004","599616141422260224","-178"
"7005","599616141429954048","-214"
"7006","599616141437648000","-123"
"7007","599616141445341824","115"
"7008","599616141453035742","325"
"7009","599616141460729216","284"
"7010","599616141468422656","-31"
"7011","599616141476116096","-265"
"7012","599616141483809664","-238"
"7013","599616141491503104","-180"
"7014","599616141499196544","-173"
"7015","599616141506889984","-132"
"7016","599616141514583424","-113"
"7017","599616141522276864","-135"
"7018","599616141529970432","-113"
"7019","599616141537663872","-94"
"7020","599616141545357312","-118"
"7021","599616141553050752","-91"
"7022","599616141560744192","-38"
"7023","599616141568437632","-53"
"7024","599616141576131200","-57"
"7025","599616141583824640","-16"
"7026","599616141591518080","-2"
"7027","599616141599211520","-16"
"7028","599616141606904960","7"
"7029","599616141614598400","67"
"7030","599616141622291968","77"
"7031","599616141629985408","43"
"7032","599616141637678848","41"
"7033","599616141645372288","43"
"7034","599616141653065728","24"
"7035","599616141660759296","26"
"7036","599616141668452736","26"
"7037","599616141676146176","-9"
"7038","599616141683839616","-55"
"7039","599616141691533056","-89"
"7040","599616141699226496","-115"
"7041","599616141706920064","-149"
"7042","599616141714613504","-173"
"7043","599616141722306944","-173"
"7044","599616141730000384","-178"
"7045","599616141737693824","-193"
"7046","599616141745387264","-180"
"7047","599616141753080832","-152"
"7048","599616141760774272","-149"
"7049","599616141768467712","-161"
"7050","599616141776161152","-161"
"7051","599616141783854592","-164"
"7052","599616141791548160","-159"
"7053","599616141799241600","-144"
"7054","599616141806935040","-152"
"7055","599616141814628480","-154"
"7056","599616141822321920","-135"
"7057","599616141830015360","-135"
"7058","599616141837708928","-142"
"7059","599616141845402368","-127"
"7060","599616141853095808","-120"
"7061","599616141860789248","-130"
"7062","599616141868482688","-130"
"7063","599616141876176128","-113"
"7064","599616141883869696","-74"
"7065","599616141891563136","-45"
"7066","599616141899256576","-60"
"7067","599616141906950016","-74"
"7068","599616141914643456","-79"
"7069","599616141922336896","-91"
"7070","599616141930030464","-98"
"7071","599616141937723904","-89"
"7072","599616141945417344","-79"
"7073","599616141953110784","-82"
"7074","599616141960804224","-98"
"7075","599616141968497792","-108"
"7076","599616141976191232","-127"
"7077","599616141983884672","-178"
"7078","599616141991578112","-125"
"7079","599616141999271552","110"
"7080","599616142006964992","364"
"7081","599616142014658496","366"
"7082","599616142022352256","62"
"7083","599616142030045952","-207"
"7084","599616142037739648","-214"
"7085","599616142045433216","-142"
"7086","599616142053126912","-125"
"7087","599616142060820608","-98"
"7088","599616142068514304","-69"
"7089","599616142076208000","-62"
"7090","599616142083901568","-57"
"7091","599616142091595264","-53"
"7092","599616142099288960","-57"
"7093","599616142106982656","-48"
"7094","599616142114676352","-21"
"7095","599616142122370048","-7"
"7096","599616142130063616","2"
"7097","599616142137757312","19"
"7098","599616142145451008","31"
"7099","599616142153144704","41"
"7100","599616142160838400","65"
"7101","599616142168531968","86"
"7102","599616142176225664","89"
"7103","599616142183919360","89"
"7104","599616142191613056","96"
"7105","599616142199306752","82"
"7106","599616142207000320","55"
"7107","599616142214694016","60"
"7108","599616142222387712","53"
"7109","599616142230081408","16"
"7110","599616142237775104","-16"
"7111","599616142245468672","-45"
"7112","599616142253162368","-82"
"7113","599616142260856064","-113"
"7114","599616142268549760","-123"
"7115","599616142276243456","-130"
"7116","599616142283937024","-137"
"7117","599616142291630720","-139"
"7118","599616142299324416","-137"
"7119","599616142307018112","-135"
"7120","599616142314711808","-127"
"7121","599616142322405504","-123"
"7122","599616142330099072","-125"
"7123","599616142337792768","-125"
"7124","599616142345486464","-115"
"7125","599616142353180160","-110"
"7126","599616142360873856","-108"
"7127","599616142368567424","-103"
"7128","599616142376261120","-108"
"7129","599616142383954816","-115"
"7130","599616142391648512","-113"
"7131","599616142399342208","-115"
"7132","599616142407035776","-123"
"7133","599616142414729472","-123"
"7134","599616142422423168","-113"
"7135","599616142430116864","-86"
"7136","599616142437810560","-45"
"7137","599616142445504128","-28"
"7138","599616142453197824","-38"
"7139","599616142460891520","-53"
"7140","599616142468585216","-69"
"7141","599616142476278912","-96"
"7142","599616142483972480","-108"
"7143","599616142491666176","-101"
"7144","599616142499359872","-98"
"7145","599616142507053568","-103"
"7146","599616142514747264","-106"
"7147","599616142522440960","-110"
"7148","599616142530134528","-152"
"7149","599616142537828224","-207"
"7150","599616142545521920","-173"
"7151","599616142553215616","26"
"7152","599616142560909312","289"
"7153","599616142568602880","371"
"7154","599616142576296508","147"
"7155","599616142583990016","-142"
"7156","599616142591683584","-221"
"7157","599616142599377024","-185"
"7158","599616142607070592","-164"
"7159","599616142614764160","-142"
"7160","599616142622457728","-125"
"7161","599616142630151168","-120"
"7162","599616142637844736","-113"
"7163","599616142645538304","-103"
"7164","599616142653231744","-101"
"7165","599616142660925312","-94"
"7166","599616142668618880","-79"
"7167","599616142676312448","-65"
"7168","599616142684005888","-50"
"7169","599616142691699456","-33"
"7170","599616142699393024","-19"
"7171","599616142707086592","-4"
"7172","599616142714780032","12"
"7173","599616142722473600","31"
"7174","599616142730167168","45"
"7175","599616142737860608","53"
"7176","599616142745554176","53"
"7177","599616142753247744","45"
"7178","599616142760941312","33"
"7179","599616142768634752","24"
"7180","599616142776328320","12"
"7181","599616142784021888","-12"
"7182","599616142791715328","-50"
"7183","599616142799408896","-91"
"7184","599616142807102464","-130"
"7185","599616142814796032","-164"
"7186","599616142822489472","-183"
"7187","599616142830183040","-193"
"7188","599616142837876608","-197"
"7189","599616142845570048","-195"
"7190","599616142853263616","-190"
"7191","599616142860957184","-195"
"7192","599616142868650752","-200"
"7193","599616142876344192","-193"
"7194","599616142884037760","-185"
"7195","599616142891731328","-183"
"7196","599616142899424768","-178"
"7197","599616142907118336","-166"
"7198","599616142914811904","-159"
"7199","599616142922505472","-161"
"7200","599616142930198912","-159"
"7201","599616142937892480","-152"
"7202","599616142945586048","-144"
"7203","599616142953279616","-142"
"7204","599616142960973056","-149"
"7205","599616142968666624","-164"
"7206","599616142976360192","-168"
"7207","599616142984053632","-154"
"7208","599616142991747200","-120"
"7209","599616142999440768","-77"
"7210","599616143007134336","-65"
"7211","599616143014827776","-77"
"7212","599616143022521344","-91"
"7213","599616143030214912","-108"
"7214","599616143037908352","-132"
"7215","599616143045601920","-139"
"7216","599616143053295488","-135"
"7217","599616143060989056","-135"
"7218","599616143068682496","-132"
"7219","599616143076376064","-130"
"7220","599616143084069632","-144"
"7221","599616143091763072","-195"
"7222","599616143099456640","-243"
"7223","599616143107150208","-156"
"7224","599616143114843776","108"
"7225","599616143122537216","381"
"7226","599616143130230784","361"
"7227","599616143137924348","-7"
"7228","599616143145617920","-301"
"7229","599616143153311488","-279"
"7230","599616143161004928","-200"
"7231","599616143168698496","-188"
"7232","599616143176392064","-164"
"7233","599616143184085632","-137"
"7234","599616143191779072","-142"
"7235","599616143199472640","-137"
"7236","599616143207166208","-118"
"7237","599616143214859648","-106"
"7238","599616143222553216","-101"
"7239","599616143230246784","-89"
"7240","599616143237940352","-69"
"7241","599616143245633792","-53"
"7242","599616143253327360","-36"
"7243","599616143261020928","-16"
"7244","599616143268714496","2"
"7245","599616143276407936","16"
"7246","599616143284101504","43"
"7247","599616143291795072","67"
"7248","599616143299488512","69"
"7249","599616143307182080","62"
"7250","599616143314875648","62"
"7251","599616143322569216","62"
"7252","599616143330262656","45"
"7253","599616143337956224","16"
"7254","599616143345649792","-12"
"7255","599616143353343232","-45"
"7256","599616143361036800","-96"
"7257","599616143368730368","-147"
"7258","599616143376423936","-176"
"7259","599616143384117376","-195"
"7260","599616143391810944","-209"
"7261","599616143399504512","-209"
"7262","599616143407197952","-209"
"7263","599616143414891520","-214"
"7264","599616143422585088","-209"
"7265","599616143430278656","-190"
"7266","599616143437972096","-183"
"7267","599616143445665664","-188"
"7268","599616143453359232","-183"
"7269","599616143461052672","-166"
"7270","599616143468746240","-161"
"7271","599616143476439808","-164"
"7272","599616143484133376","-156"
"7273","599616143491826816","-144"
"7274","599616143499520384","-149"
"7275","599616143507213952","-159"
"7276","599616143514907520","-164"
"7277","599616143522600960","-168"
"7278","599616143530294528","-173"
"7279","599616143537988096","-171"
"7280","599616143545681536","-144"
"7281","599616143553375104","-96"
"7282","599616143561068672","-67"
"7283","599616143568762240","-74"
"7284","599616143576455680","-101"
"7285","599616143584149248","-123"
"7286","599616143591842816","-125"
"7287","599616143599536256","-132"
"7288","599616143607229824","-139"
"7289","599616143614923392","-132"
"7290","599616143622616960","-123"
"7291","599616143630310400","-132"
"7292","599616143638003968","-144"
"7293","599616143645697536","-176"
"7294","599616143653390976","-221"
"7295","599616143661084544","-164"
"7296","599616143668778112","77"
"7297","599616143676471680","361"
"7298","599616143684165120","419"
"7299","599616143691858688","89"
"7300","599616143699552188","-291"
"7301","599616143707245696","-316"
"7302","599616143714939264","-197"
"7303","599616143722632704","-185"
"7304","599616143730326272","-173"
"7305","599616143738019840","-139"
"7306","599616143745713408","-142"
"7307","599616143753406848","-149"
"7308","599616143761100416","-125"
"7309","599616143768793984","-110"
"7310","599616143776487424","-120"
"7311","599616143784180992","-110"
"7312","599616143791874560","-86"
"7313","599616143799568128","-67"
"7314","599616143807261568","-43"
"7315","599616143814955136","-33"
"7316","599616143822648704","-26"
"7317","599616143830342272","4"
"7318","599616143838035712","36"
"7319","599616143845729280","45"
"7320","599616143853422848","53"
"7321","599616143861116288","65"
"7322","599616143868809856","62"
"7323","599616143876503424","50"
"7324","599616143884196992","38"
"7325","599616143891890432","12"
"7326","599616143899584000","-36"
"7327","599616143907277568","-89"
"7328","599616143914971008","-127"
"7329","599616143922664576","-159"
"7330","599616143930358144","-195"
"7331","599616143938051712","-231"
"7332","599616143945745152","-234"
"7333","599616143953438720","-226"
"7334","599616143961132288","-236"
"7335","599616143968825728","-241"
"7336","599616143976519296","-219"
"7337","599616143984212864","-202"
"7338","599616143991906432","-207"
"7339","599616143999599872","-200"
"7340","599616144007293440","-190"
"7341","599616144014987008","-190"
"7342","599616144022680448","-185"
"7343","599616144030374016","-168"
"7344","599616144038067584","-166"
"7345","599616144045761152","-173"
"7346","599616144053454592","-164"
"7347","599616144061148160","-156"
"7348","599616144068841728","-171"
"7349","599616144076535296","-183"
"7350","599616144084228736","-185"
"7351","599616144091922304","-188"
"7352","599616144099615872","-173"
"7353","599616144107309312","-127"
"7354","599616144115002880","-91"
"7355","599616144122696448","-96"
"7356","599616144130390016","-120"
"7357","599616144138083456","-135"
"7358","599616144145777024","-139"
"7359","599616144153470592","-149"
"7360","599616144161164032","-147"
"7361","599616144168857600","-149"
"7362","599616144176551168","-164"
"7363","599616144184244736","-161"
"7364","599616144191938176","-156"
"7365","599616144199631744","-188"
"7366","599616144207325312","-250"
"7367","599616144215018752","-241"
"7368","599616144222712320","-12"
"7369","599616144230405888","398"
"7370","599616144238099456","600"
"7371","599616144245792896","238"
"7372","599616144253486464","-289"
"7373","599616144261180030","-357"
"7374","599616144268873600","-217"
"7375","599616144276567168","-219"
"7376","599616144284260608","-221"
"7377","599616144291954176","-183"
"7378","599616144299647744","-188"
"7379","599616144307341312","-195"
"7380","599616144315034752","-164"
"7381","599616144322728320","-152"
"7382","599616144330421888","-168"
"7383","599616144338115328","-156"
"7384","599616144345808896","-120"
"7385","599616144353502464","-118"
"7386","599616144361196032","-115"
"7387","599616144368889472","-89"
"7388","599616144376583040","-74"
"7389","599616144384276608","-65"
"7390","599616144391970176","-33"
"7391","599616144399663616","-16"
"7392","599616144407357184","-9"
"7393","599616144415050752","-2"
"7394","599616144422744192","-19"
"7395","599616144430437760","-33"
"7396","599616144438131328","-41"
"7397","599616144445824896","-67"
"7398","599616144453518336","-113"
"7399","599616144461211904","-159"
"7400","599616144468905472","-185"
"7401","599616144476598912","-195"
"7402","599616144484292480","-226"
"7403","599616144491986048","-258"
"7404","599616144499679616","-263"
"7405","599616144507373056","-263"
"7406","599616144515066624","-250"
"7407","599616144522760192","-231"
"7408","599616144530453632","-246"
"7409","599616144538147200","-248"
"7410","599616144545840768","-217"
"7411","599616144553534336","-197"
"7412","599616144561227776","-200"
"7413","599616144568921344","-202"
"7414","599616144576614912","-197"
"7415","599616144584308352","-188"
"7416","599616144592001920","-188"
"7417","599616144599695488","-188"
"7418","599616144607389056","-188"
"7419","599616144615082496","-195"
"7420","599616144622776064","-193"
"7421","599616144630469632","-178"
"7422","599616144638163200","-183"
"7423","599616144645856640","-190"
"7424","599616144653550208","-188"
"7425","599616144661243776","-183"
"7426","599616144668937216","-152"
"7427","599616144676630784","-118"
"7428","599616144684324352","-98"
"7429","599616144692017920","-108"
"7430","599616144699711360","-156"
"7431","599616144707404928","-166"
"7432","599616144715098496","-132"
"7433","599616144722791936","-130"
"7434","599616144730485504","-154"
"7435","599616144738179072","-149"
"7436","599616144745872640","-123"
"7437","599616144753566080","-139"
"7438","599616144761259648","-229"
"7439","599616144768953216","-267"
"7440","599616144776646656","-67"
"7441","599616144784340224","342"
"7442","599616144792033792","600"
"7443","599616144799727360","393"
"7444","599616144807420800","-84"
"7445","599616144815114368","-308"
"7446","599616144822807870","-217"
"7447","599616144830501632","-164"
"7448","599616144838195456","-200"
"7449","599616144845889280","-185"
"7450","599616144853583104","-154"
"7451","599616144861276928","-156"
"7452","599616144868970624","-159"
"7453","599616144876664448","-147"
"7454","599616144884358272","-130"
"7455","599616144892052096","-130"
"7456","599616144899745920","-127"
"7457","599616144907439744","-101"
"7458","599616144915133568","-82"
"7459","599616144922827392","-79"
"7460","599616144930521216","-89"
"7461","599616144938215040","-82"
"7462","599616144945908736","-50"
"7463","599616144953602560","-31"
"7464","599616144961296384","-26"
"7465","599616144968990208","-28"
"7466","599616144976684032","-28"
"7467","599616144984377856","-33"
"7468","599616144992071680","-50"
"7469","599616144999765504","-74"
"7470","599616145007459328","-89"
"7471","599616145015153152","-101"
"7472","599616145022846848","-125"
"7473","599616145030540672","-156"
"7474","599616145038234496","-178"
"7475","599616145045928320","-185"
"7476","599616145053622144","-193"
"7477","599616145061315968","-202"
"7478","599616145069009792","-195"
"7479","599616145076703616","-190"
"7480","599616145084397440","-188"
"7481","599616145092091136","-166"
"7482","599616145099784960","-149"
"7483","599616145107478784","-152"
"7484","599616145115172608","-147"
"7485","599616145122866432","-130"
"7486","599616145130560256","-120"
"7487","599616145138254080","-123"
"7488","599616145145947904","-127"
"7489","599616145153641728","-127"
"7490","599616145161335552","-118"
"7491","599616145169029248","-118"
"7492","599616145176723072","-132"
"7493","599616145184416896","-132"
"7494","599616145192110720","-125"
"7495","599616145199804544","-135"
"7496","599616145207498368","-137"
"7497","599616145215192192","-132"
"7498","599616145222886016","-137"
"7499","599616145230579840","-123"
"7500","599616145238273664","-79"
"7501","599616145245967360","-53"
"7502","599616145253661184","-60"
"7503","599616145261355008","-77"
"7504","599616145269048832","-91"
"7505","599616145276742656","-103"
"7506","599616145284436480","-103"
"7507","599616145292130304","-101"
"7508","599616145299824128","-101"
"7509","599616145307517952","-103"
"7510","599616145315211648","-108"
"7511","599616145322905472","-125"
"7512","599616145330599296","-193"
"7513","599616145338293120","-248"
"7514","599616145345986944","-82"
"7515","599616145353680768","347"
"7516","599616145361374592","711"
"7517","599616145369068416","559"
"7518","599616145376762240","19"
"7519","599616145384456056","-246"
"7520","599616145392149504","-159"
"7521","599616145399842944","-142"
"7522","599616145407536384","-183"
"7523","599616145415229952","-152"
"7524","599616145422923392","-132"
"7525","599616145430616832","-142"
"7526","599616145438310272","-132"
"7527","599616145446003712","-123"
"7528","599616145453697152","-123"
"7529","599616145461390720","-108"
"7530","599616145469084160","-86"
"7531","599616145476777600","-72"
"7532","599616145484471040","-62"
"7533","599616145492164480","-50"
"7534","599616145499857920","-33"
"7535","599616145507551488","-7"
"7536","599616145515244928","9"
"7537","599616145522938368","16"
"7538","599616145530631808","31"
"7539","599616145538325248","43"
"7540","599616145546018688","28"
"7541","599616145553712256","9"
"7542","599616145561405696","7"
"7543","599616145569099136","2"
"7544","599616145576792576","-12"
"7545","599616145584486016","-36"
"7546","599616145592179584","-69"
"7547","599616145599873024","-98"
"7548","599616145607566464","-120"
"7549","599616145615259904","-139"
"7550","599616145622953344","-152"
"7551","599616145630646784","-152"
"7552","599616145638340352","-147"
"7553","599616145646033792","-144"
"7554","599616145653727232","-137"
"7555","599616145661420672","-130"
"7556","599616145669114112","-125"
"7557","599616145676807552","-115"
"7558","599616145684501120","-108"
"7559","599616145692194560","-113"
"7560","599616145699888000","-113"
"7561","599616145707581440","-103"
"7562","599616145715274880","-98"
"7563","599616145722968448","-98"
"7564","599616145730661888","-96"
"7565","599616145738355328","-96"
"7566","599616145746048768","-94"
"7567","599616145753742208","-86"
"7568","599616145761435648","-86"
"7569","599616145769129216","-86"
"7570","599616145776822656","-84"
"7571","599616145784516096","-84"
"7572","599616145792209536","-84"
"7573","599616145799902976","-84"
"7574","599616145807596416","-91"
"7575","599616145815289984","-98"
"7576","599616145822983424","-103"
"7577","599616145830676864","-98"
"7578","599616145838370304","-72"
"7579","599616145846063744","-31"
"7580","599616145853757184","-12"
"7581","599616145861450752","-12"
"7582","599616145869144192","-21"
"7583","599616145876837632","-43"
"7584","599616145884531072","-62"
"7585","599616145892224512","-65"
"7586","599616145899918080","-60"
"7587","599616145907611520","-57"
"7588","599616145915304960","-60"
"7589","599616145922998400","-60"
"7590","599616145930691840","-74"
"7591","599616145938385280","-142"
"7592","599616145946078810","-209"
"7593","599616145953772544","-127"
"7594","599616145961466240","200"
"7595","599616145969160064","641"
"7596","599616145976853760","726"
"7597","599616145984547456","231"
"7598","599616145992241280","-212"
"7599","599616145999934976","-193"
"7600","599616146007628672","-118"
"7601","599616146015322496","-161"
"7602","599616146023016192","-142"
"7603","599616146030710016","-103"
"7604","599616146038403712","-115"
"7605","599616146046097408","-113"
"7606","599616146053791232","-94"
"7607","599616146061484928","-84"
"7608","599616146069178624","-74"
"7609","599616146076872448","-57"
"7610","599616146084566144","-45"
"7611","599616146092259840","-33"
"7612","599616146099953664","-14"
"7613","599616146107647360","7"
"7614","599616146115341056","21"
"7615","599616146123034880","41"
"7616","599616146130728576","60"
"7617","599616146138422272","77"
"7618","599616146146116096","89"
"7619","599616146153809792","96"
"7620","599616146161503616","86"
"7621","599616146169197312","74"
"7622","599616146176891008","65"
"7623","599616146184584832","48"
"7624","599616146192278528","19"
"7625","599616146199972224","-16"
"7626","599616146207666048","-53"
"7627","599616146215359744","-86"
"7628","599616146223053440","-115"
"7629","599616146230747264","-132"
"7630","599616146238440960","-142"
"7631","599616146246134656","-144"
"7632","599616146253828480","-142"
"7633","599616146261522176","-135"
"7634","599616146269215872","-130"
"7635","599616146276909696","-125"
"7636","599616146284603392","-120"
"7637","599616146292297088","-113"
"7638","599616146299990912","-108"
"7639","599616146307684608","-103"
"7640","599616146315378432","-101"
"7641","599616146323072128","-96"
"7642","599616146330765824","-89"
"7643","599616146338459648","-86"
"7644","599616146346153344","-89"
"7645","599616146353847040","-89"
"7646","599616146361540864","-84"
"7647","599616146369234560","-82"
"7648","599616146376928256","-82"
"7649","599616146384622080","-82"
"7650","599616146392315776","-77"
"7651","599616146400009472","-79"
"7652","599616146407703296","-79"
"7653","599616146415396992","-82"
"7654","599616146423090688","-89"
"7655","599616146430784512","-98"
"7656","599616146438478208","-96"
"7657","599616146446172032","-74"
"7658","599616146453865728","-36"
"7659","599616146461559424","-7"
"7660","599616146469253248","-2"
"7661","599616146476946944","-12"
"7662","599616146484640640","-31"
"7663","599616146492334464","-50"
"7664","599616146500028160","-60"
"7665","599616146507721908","-62"
"7666","599616146515415424","-72"
"7667","599616146523108992","-79"
"7668","599616146530802432","-84"
"7669","599616146538496000","-77"
"7670","599616146546189568","-74"
"7671","599616146553883136","-142"
"7672","599616146561576576","-193"
"7673","599616146569270144","-21"
"7674","599616146576963712","383"
"7675","599616146584657152","719"
"7676","599616146592350720","559"
"7677","599616146600044288","24"
"7678","599616146607737856","-224"
"7679","599616146615431296","-137"
"7680","599616146623124864","-120"
"7681","599616146630818432","-147"
"7682","599616146638512000","-115"
"7683","599616146646205440","-101"
"7684","599616146653899008","-108"
"7685","599616146661592576","-96"
"7686","599616146669286016","-79"
"7687","599616146676979584","-69"
"7688","599616146684673152","-55"
"7689","599616146692366720","-38"
"7690","599616146700060160","-26"
"7691","599616146707753728","-12"
"7692","599616146715447296","4"
"7693","599616146723140736","24"
"7694","599616146730834304","43"
"7695","599616146738527872","60"
"7696","599616146746221440","79"
"7697","599616146753914880","98"
"7698","599616146761608448","106"
"7699","599616146769302016","106"
"7700","599616146776995456","98"
"7701","599616146784689024","84"
"7702","599616146792382592","67"
"7703","599616146800076160","50"
"7704","599616146807769600","24"
"7705","599616146815463168","-19"
"7706","599616146823156736","-65"
"7707","599616146830850176","-94"
"7708","599616146838543744","-115"
"7709","599616146846237312","-130"
"7710","599616146853930880","-135"
"7711","599616146861624320","-137"
"7712","599616146869317888","-130"
"7713","599616146877011456","-125"
"7714","599616146884705024","-123"
"7715","599616146892398464","-118"
"7716","599616146900092032","-108"
"7717","599616146907785600","-103"
"7718","599616146915479040","-98"
"7719","599616146923172608","-94"
"7720","599616146930866176","-86"
"7721","599616146938559744","-84"
"7722","599616146946253184","-82"
"7723","599616146953946752","-79"
"7724","599616146961640320","-77"
"7725","599616146969333760","-74"
"7726","599616146977027328","-74"
"7727","599616146984720896","-74"
"7728","599616146992414464","-74"
"7729","599616147000107904","-69"
"7730","599616147007801472","-69"
"7731","599616147015495040","-77"
"7732","599616147023188480","-79"
"7733","599616147030882048","-79"
"7734","599616147038575616","-89"
"7735","599616147046269184","-98"
"7736","599616147053962624","-96"
"7737","599616147061656192","-77"
"7738","599616147069349748","-33"
"7739","599616147077043328","-4"
"7740","599616147084736896","-7"
"7741","599616147092430336","-19"
"7742","599616147100123904","-36"
"7743","599616147107817472","-60"
"7744","599616147115511040","-67"
"7745","599616147123204480","-67"
"7746","599616147130898048","-67"
"7747","599616147138591616","-67"
"7748","599616147146285056","-67"
"7749","599616147153978624","-72"
"7750","599616147161672192","-106"
"7751","599616147169365760","-176"
"7752","599616147177059200","-200"
"7753","599616147184752768","-14"
"7754","599616147192446336","381"
"7755","599616147200139904","697"
"7756","599616147207833344","535"
"7757","599616147215526912","24"
"7758","599616147223220480","-217"
"7759","599616147230913920","-149"
"7760","599616147238607488","-132"
"7761","599616147246301056","-152"
"7762","599616147253994624","-123"
"7763","599616147261688064","-110"
"7764","599616147269381632","-118"
"7765","599616147277075200","-103"
"7766","599616147284768640","-86"
"7767","599616147292462208","-79"
"7768","599616147300155776","-67"
"7769","599616147307849344","-50"
"7770","599616147315542784","-36"
"7771","599616147323236352","-21"
"7772","599616147330929920","-2"
"7773","599616147338623360","16"
"7774","599616147346316928","36"
"7775","599616147354010496","57"
"7776","599616147361704064","77"
"7777","599616147369397504","94"
"7778","599616147377091072","106"
"7779","599616147384784640","108"
"7780","599616147392478080","98"
"7781","599616147400171648","84"
"7782","599616147407865216","69"
"7783","599616147415558784","45"
"7784","599616147423252224","9"
"7785","599616147430945792","-31"
"7786","599616147438639360","-77"
"7787","599616147446332928","-113"
"7788","599616147454026368","-130"
"7789","599616147461719936","-142"
"7790","599616147469413504","-152"
"7791","599616147477106944","-152"
"7792","599616147484800512","-147"
"7793","599616147492494080","-142"
"7794","599616147500187648","-135"
"7795","599616147507881088","-132"
"7796","599616147515574656","-130"
"7797","599616147523268224","-125"
"7798","599616147530961664","-120"
"7799","599616147538655232","-115"
"7800","599616147546348800","-110"
"7801","599616147554042368","-106"
"7802","599616147561735808","-106"
"7803","599616147569429376","-106"
"7804","599616147577122944","-103"
"7805","599616147584816384","-101"
"7806","599616147592509952","-98"
"7807","599616147600203520","-96"
"7808","599616147607897088","-96"
"7809","599616147615590528","-96"
"7810","599616147623284096","-94"
"7811","599616147630977590","-94"
"7812","599616147638671360","-96"
"7813","599616147646365184","-94"
"7814","599616147654059136","-96"
"7815","599616147661752960","-106"
"7816","599616147669446912","-118"
"7817","599616147677140736","-118"
"7818","599616147684834688","-101"
"7819","599616147692528512","-67"
"7820","599616147700222464","-28"
"7821","599616147707916288","-16"
"7822","599616147715610112","-24"
"7823","599616147723304064","-38"
"7824","599616147730997888","-62"
"7825","599616147738691840","-79"
"7826","599616147746385664","-79"
"7827","599616147754079616","-74"
"7828","599616147761773440","-74"
"7829","599616147769467264","-77"
"7830","599616147777161216","-79"
"7831","599616147784855040","-96"
"7832","599616147792548992","-152"
"7833","599616147800242816","-212"
"7834","599616147807936768","-127"
"7835","599616147815630592","180"
"7836","599616147823324544","552"
"7837","599616147831018368","627"
"7838","599616147838712192","229"
"7839","599616147846406144","-176"
"7840","599616147854099968","-207"
"7841","599616147861793920","-139"
"7842","599616147869487744","-154"
"7843","599616147877181696","-142"
"7844","599616147884875520","-113"
"7845","599616147892569472","-115"
"7846","599616147900263296","-113"
"7847","599616147907957120","-96"
"7848","599616147915651072","-86"
"7849","599616147923344896","-74"
"7850","599616147931038848","-60"
"7851","599616147938732672","-48"
"7852","599616147946426624","-33"
"7853","599616147954120448","-14"
"7854","599616147961814400","2"
"7855","599616147969508224","21"
"7856","599616147977202048","43"
"7857","599616147984896000","62"
"7858","599616147992589824","79"
"7859","599616148000283776","96"
"7860","599616148007977600","101"
"7861","599616148015671552","96"
"7862","599616148023365376","84"
"7863","599616148031059200","67"
"7864","599616148038753152","48"
"7865","599616148046446976","24"
"7866","599616148054140928","-14"
"7867","599616148061834752","-57"
"7868","599616148069528704","-98"
"7869","599616148077222528","-127"
"7870","599616148084916480","-144"
"7871","599616148092610304","-156"
"7872","599616148100304128","-161"
"7873","599616148107998080","-159"
"7874","599616148115691904","-159"
"7875","599616148123385856","-154"
"7876","599616148131079680","-149"
"7877","599616148138773632","-142"
"7878","599616148146467456","-137"
"7879","599616148154161408","-130"
"7880","599616148161855232","-125"
"7881","599616148169549056","-125"
"7882","599616148177243008","-120"
"7883","599616148184936832","-115"
"7884","599616148192630862","-110"
"7885","599616148200324480","-110"
"7886","599616148208018048","-108"
"7887","599616148215711744","-106"
"7888","599616148223405312","-106"
"7889","599616148231098880","-103"
"7890","599616148238792448","-103"
"7891","599616148246486144","-103"
"7892","599616148254179712","-106"
"7893","599616148261873280","-108"
"7894","599616148269566848","-110"
"7895","599616148277260544","-110"
"7896","599616148284954112","-110"
"7897","599616148292647680","-118"
"7898","599616148300341248","-127"
"7899","599616148308034944","-127"
"7900","599616148315728512","-108"
"7901","599616148323422080","-69"
"7902","599616148331115648","-33"
"7903","599616148338809344","-26"
"7904","599616148346502912","-38"
"7905","599616148354196480","-53"
"7906","599616148361890176","-72"
"7907","599616148369583744","-89"
"7908","599616148377277312","-86"
"7909","599616148384970880","-84"
"7910","599616148392664576","-84"
"7911","599616148400358144","-82"
"7912","599616148408051712","-82"
"7913","599616148415745280","-103"
"7914","599616148423438976","-164"
"7915","599616148431132544","-212"
"7916","599616148438826112","-96"
"7917","599616148446519680","231"
"7918","599616148454213376","571"
"7919","599616148461906944","567"
"7920","599616148469600512","137"
"7921","599616148477294080","-209"
"7922","599616148484987776","-200"
"7923","599616148492681344","-147"
"7924","599616148500374912","-161"
"7925","599616148508068608","-147"
"7926","599616148515762176","-123"
"7927","599616148523455744","-123"
"7928","599616148531149312","-115"
"7929","599616148538843008","-101"
"7930","599616148546536576","-91"
"7931","599616148554230144","-79"
"7932","599616148561923712","-62"
"7933","599616148569617408","-48"
"7934","599616148577310976","-33"
"7935","599616148585004544","-19"
"7936","599616148592698112","2"
"7937","599616148600391808","24"
"7938","599616148608085376","43"
"7939","599616148615778944","62"
"7940","599616148623472512","79"
"7941","599616148631166208","89"
"7942","599616148638859776","96"
"7943","599616148646553344","91"
"7944","599616148654247040","79"
"7945","599616148661940608","62"
"7946","599616148669634176","41"
"7947","599616148677327744","14"
"7948","599616148685021440","-24"
"7949","599616148692715008","-65"
"7950","599616148700408576","-103"
"7951","599616148708102144","-135"
"7952","599616148715795840","-152"
"7953","599616148723489408","-161"
"7954","599616148731182976","-164"
"7955","599616148738876544","-161"
"7956","599616148746570240","-159"
"7957","599616148754263788","-154"
"7958","599616148761957376","-149"
"7959","599616148769650944","-144"
"7960","599616148777344384","-142"
"7961","599616148785037952","-137"
"7962","599616148792731520","-132"
"7963","599616148800425088","-127"
"7964","599616148808118528","-127"
"7965","599616148815812096","-123"
"7966","599616148823505664","-118"
"7967","599616148831199104","-118"
"7968","599616148838892672","-118"
"7969","599616148846586240","-113"
"7970","599616148854279808","-110"
"7971","599616148861973248","-113"
"7972","599616148869666816","-110"
"7973","599616148877360384","-108"
"7974","599616148885053952","-106"
"7975","599616148892747392","-106"
"7976","599616148900440960","-108"
"7977","599616148908134528","-110"
"7978","599616148915827968","-110"
"7979","599616148923521536","-120"
"7980","599616148931215104","-130"
"7981","599616148938908672","-125"
"7982","599616148946602112","-96"
"7983","599616148954295680","-55"
"7984","599616148961989248","-33"
"7985","599616148969682688","-36"
"7986","599616148977376256","-45"
"7987","599616148985069824","-67"
"7988","599616148992763392","-91"
"7989","599616149000456832","-96"
"7990","599616149008150400","-89"
"7991","599616149015843968","-89"
"7992","599616149023537408","-91"
"7993","599616149031230976","-91"
"7994","599616149038924544","-98"
"7995","599616149046618112","-137"
"7996","599616149054311552","-200"
"7997","599616149062005120","-195"
"7998","599616149069698688","16"
"7999","599616149077392128","390"
"8000","599616149085085696","617"
"8001","599616149092779264","388"
"8002","599616149100472832","-69"
"8003","599616149108166272","-236"
"8004","599616149115859840","-168"
"8005","599616149123553408","-159"
"8006","599616149131246976","-166"
"8007","599616149138940416","-135"
"8008","599616149146633984","-125"
"8009","599616149154327552","-125"
"8010","599616149162020992","-110"
"8011","599616149169714560","-96"
"8012","599616149177408128","-91"
"8013","599616149185101696","-79"
"8014","599616149192795136","-62"
"8015","599616149200488704","-48"
"8016","599616149208182272","-31"
"8017","599616149215875712","-12"
"8018","599616149223569280","9"
"8019","599616149231262848","26"
"8020","599616149238956416","45"
"8021","599616149246649856","65"
"8022","599616149254343424","79"
"8023","599616149262036992","86"
"8024","599616149269730432","89"
"8025","599616149277424000","82"
"8026","599616149285117568","67"
"8027","599616149292811136","48"
"8028","599616149300504576","24"
"8029","599616149308198144","-7"
"8030","599616149315891628","-48"
"8031","599616149323585152","-91"
"8032","599616149331278720","-125"
"8033","599616149338972160","-154"
"8034","599616149346665728","-168"
"8035","599616149354359296","-173"
"8036","599616149362052864","-173"
"8037","599616149369746304","-173"
"8038","599616149377439872","-171"
"8039","599616149385133440","-161"
"8040","599616149392826880","-154"
"8041","599616149400520448","-154"
"8042","599616149408214016","-149"
"8043","599616149415907584","-137"
"8044","599616149423601024","-135"
"8045","599616149431294592","-135"
"8046","599616149438988160","-132"
"8047","599616149446681728","-123"
"8048","599616149454375168","-118"
"8049","599616149462068736","-118"
"8050","599616149469762304","-115"
"8051","599616149477455744","-110"
"8052","599616149485149312","-110"
"8053","599616149492842880","-113"
"8054","599616149500536448","-118"
"8055","599616149508229888","-115"
"8056","599616149515923456","-113"
"8057","599616149523617024","-118"
"8058","599616149531310464","-123"
"8059","599616149539004032","-120"
"8060","599616149546697600","-120"
"8061","599616149554391168","-132"
"8062","599616149562084608","-139"
"8063","599616149569778176","-123"
"8064","599616149577471744","-84"
"8065","599616149585165184","-45"
"8066","599616149592858752","-41"
"8067","599616149600552320","-53"
"8068","599616149608245888","-67"
"8069","599616149615939328","-89"
"8070","599616149623632896","-101"
"8071","599616149631326464","-94"
"8072","599616149639019904","-96"
"8073","599616149646713472","-101"
"8074","599616149654407040","-96"
"8075","599616149662100608","-94"
"8076","599616149669794048","-120"
"8077","599616149677487616","-178"
"8078","599616149685181184","-224"
"8079","599616149692874752","-118"
"8080","599616149700568192","188"
"8081","599616149708261760","501"
"8082","599616149715955328","480"
"8083","599616149723648768","69"
"8084","599616149731342336","-241"
"8085","599616149739035904","-219"
"8086","599616149746729472","-156"
"8087","599616149754422912","-166"
"8088","599616149762116480","-154"
"8089","599616149769810048","-135"
"8090","599616149777503488","-130"
"8091","599616149785197056","-120"
"8092","599616149792890624","-106"
"8093","599616149800584192","-98"
"8094","599616149808277632","-89"
"8095","599616149815971200","-72"
"8096","599616149823664768","-57"
"8097","599616149831358208","-41"
"8098","599616149839051776","-21"
"8099","599616149846745344","-2"
"8100","599616149854438912","14"
"8101","599616149862132352","26"
"8102","599616149869825920","48"
"8103","599616149877519468","74"
"8104","599616149885213056","89"
"8105","599616149892906624","91"
"8106","599616149900600320","86"
"8107","599616149908293888","82"
"8108","599616149915987456","67"
"8109","599616149923681024","43"
"8110","599616149931374720","12"
"8111","599616149939068288","-28"
"8112","599616149946761856","-79"
"8113","599616149954455424","-127"
"8114","599616149962149120","-159"
"8115","599616149969842688","-178"
"8116","599616149977536256","-190"
"8117","599616149985229824","-193"
"8118","599616149992923520","-193"
"8119","599616150000617088","-195"
"8120","599616150008310656","-190"
"8121","599616150016004224","-178"
"8122","599616150023697920","-176"
"8123","599616150031391488","-173"
"8124","599616150039085056","-161"
"8125","599616150046778752","-154"
"8126","599616150054472320","-156"
"8127","599616150062165888","-156"
"8128","599616150069859456","-142"
"8129","599616150077553152","-132"
"8130","599616150085246720","-135"
"8131","599616150092940288","-132"
"8132","599616150100633856","-130"
"8133","599616150108327552","-125"
"8134","599616150116021120","-127"
"8135","599616150123714688","-125"
"8136","599616150131408256","-120"
"8137","599616150139101952","-120"
"8138","599616150146795520","-123"
"8139","599616150154489088","-123"
"8140","599616150162182656","-127"
"8141","599616150169876352","-137"
"8142","599616150177569920","-139"
"8143","599616150185263488","-118"
"8144","599616150192957184","-74"
"8145","599616150200650752","-48"
"8146","599616150208344320","-48"
"8147","599616150216037888","-57"
"8148","599616150223731584","-74"
"8149","599616150231425152","-96"
"8150","599616150239118720","-106"
"8151","599616150246812288","-103"
"8152","599616150254505984","-103"
"8153","599616150262199552","-101"
"8154","599616150269893120","-101"
"8155","599616150277586688","-106"
"8156","599616150285280384","-132"
"8157","599616150292973952","-190"
"8158","599616150300667520","-197"
"8159","599616150308361216","-28"
"8160","599616150316054784","299"
"8161","599616150323748352","550"
"8162","599616150331441920","388"
"8163","599616150339135616","-77"
"8164","599616150346829184","-263"
"8165","599616150354522752","-168"
"8166","599616150362216320","-154"
"8167","599616150369910016","-168"
"8168","599616150377603584","-127"
"8169","599616150385297152","-115"
"8170","599616150392990720","-125"
"8171","599616150400684416","-108"
"8172","599616150408377984","-91"
"8173","599616150416071552","-86"
"8174","599616150423765120","-74"
"8175","599616150431458816","-55"
"8176","599616150439152396","-43"
"8177","599616150446845824","-31"
"8178","599616150454539264","-9"
"8179","599616150462232704","12"
"8180","599616150469926272","28"
"8181","599616150477619712","50"
"8182","599616150485313152","72"
"8183","599616150493006592","89"
"8184","599616150500700032","101"
"8185","599616150508393472","101"
"8186","599616150516087040","91"
"8187","599616150523780480","77"
"8188","599616150531473920","60"
"8189","599616150539167360","36"
"8190","599616150546860800","-2"
"8191","599616150554554240","-45"
"8192","599616150562247808","-89"
"8193","599616150569941248","-125"
"8194","599616150577634688","-152"
"8195","599616150585328128","-164"
"8196","599616150593021568","-173"
"8197","599616150600715008","-180"
"8198","599616150608408576","-178"
"8199","599616150616102016","-168"
"8200","599616150623795456","-159"
"8201","599616150631488896","-154"
"8202","599616150639182336","-147"
"8203","599616150646875904","-139"
"8204","599616150654569344","-135"
"8205","599616150662262784","-127"
"8206","599616150669956224","-120"
"8207","599616150677649664","-113"
"8208","599616150685343104","-110"
"8209","599616150693036672","-108"
"8210","599616150700730112","-108"
"8211","599616150708423552","-103"
"8212","599616150716116992","-101"
"8213","599616150723810432","-103"
"8214","599616150731503872","-103"
"8215","599616150739197440","-101"
"8216","599616150746890880","-98"
"8217","599616150754584320","-96"
"8218","599616150762277760","-96"
"8219","599616150769971200","-98"
"8220","599616150777664768","-108"
"8221","599616150785358208","-115"
"8222","599616150793051648","-108"
"8223","599616150800745088","-79"
"8224","599616150808438528","-36"
"8225","599616150816131968","-16"
"8226","599616150823825536","-21"
"8227","599616150831518976","-33"
"8228","599616150839212416","-55"
"8229","599616150846905856","-74"
"8230","599616150854599296","-79"
"8231","599616150862292736","-74"
"8232","599616150869986304","-72"
"8233","599616150877679744","-72"
"8234","599616150885373184","-74"
"8235","599616150893066624","-84"
"8236","599616150900760064","-125"
"8237","599616150908453504","-195"
"8238","599616150916147072","-188"
"8239","599616150923840512","28"
"8240","599616150931533952","410"
"8241","599616150939227392","646"
"8242","599616150946920832","417"
"8243","599616150954614400","-50"
"8244","599616150962307840","-217"
"8245","599616150970001280","-149"
"8246","599616150977694720","-147"
"8247","599616150985388160","-154"
"8248","599616150993081600","-123"
"8249","599616151000775150","-113"
"8250","599616151008468992","-115"
"8251","599616151016162816","-98"
"8252","599616151023856768","-89"
"8253","599616151031550592","-82"
"8254","599616151039244544","-67"
"8255","599616151046938368","-50"
"8256","599616151054632320","-41"
"8257","599616151062326144","-26"
"8258","599616151070020096","-7"
"8259","599616151077713920","12"
"8260","599616151085407744","28"
"8261","599616151093101696","45"
"8262","599616151100795520","67"
"8263","599616151108489472","86"
"8264","599616151116183296","96"
"8265","599616151123877248","96"
"8266","599616151131571072","91"
"8267","599616151139264896","79"
"8268","599616151146958848","62"
"8269","599616151154652672","38"
"8270","599616151162346624","4"
"8271","599616151170040448","-38"
"8272","599616151177734400","-84"
"8273","599616151185428224","-120"
"8274","599616151193122176","-139"
"8275","599616151200816000","-154"
"8276","599616151208509824","-161"
"8277","599616151216203776","-164"
"8278","599616151223897600","-159"
"8279","599616151231591552","-154"
"8280","599616151239285376","-147"
"8281","599616151246979328","-142"
"8282","599616151254673152","-139"
"8283","599616151262367104","-137"
"8284","599616151270060928","-132"
"8285","599616151277754752","-125"
"8286","599616151285448704","-123"
"8287","599616151293142528","-118"
"8288","599616151300836480","-113"
"8289","599616151308530304","-110"
"8290","599616151316224256","-110"
"8291","599616151323918080","-108"
"8292","599616151331612032","-106"
"8293","599616151339305856","-101"
"8294","599616151346999680","-98"
"8295","599616151354693632","-98"
"8296","599616151362387456","-96"
"8297","599616151370081408","-98"
"8298","599616151377775232","-101"
"8299","599616151385469184","-106"
"8300","599616151393163008","-115"
"8301","599616151400856832","-120"
"8302","599616151408550784","-108"
"8303","599616151416244608","-74"
"8304","599616151423938560","-33"
"8305","599616151431632384","-19"
"8306","599616151439326336","-31"
"8307","599616151447020160","-45"
"8308","599616151454714112","-67"
"8309","599616151462407936","-84"
"8310","599616151470101760","-86"
"8311","599616151477795712","-82"
"8312","599616151485489536","-79"
"8313","599616151493183488","-82"
"8314","599616151500877312","-84"
"8315","599616151508571264","-91"
"8316","599616151516265088","-132"
"8317","599616151523959040","-202"
"8318","599616151531652864","-166"
"8319","599616151539346688","86"
"8320","599616151547040640","458"
"8321","599616151554734464","610"
"8322","599616151562428422","311"
"8323","599616151570121856","-113"
"8324","599616151577815296","-221"
"8325","599616151585508736","-159"
"8326","599616151593202304","-159"
"8327","599616151600895744","-154"
"8328","599616151608589184","-125"
"8329","599616151616282624","-120"
"8330","599616151623976064","-120"
"8331","599616151631669504","-106"
"8332","599616151639363072","-94"
"8333","599616151647056512","-84"
"8334","599616151654749952","-74"
"8335","599616151662443392","-60"
"8336","599616151670136832","-41"
"8337","599616151677830272","-24"
"8338","599616151685523840","-9"
"8339","599616151693217280","12"
"8340","599616151700910720","31"
"8341","599616151708604160","50"
"8342","599616151716297600","69"
"8343","599616151723991040","89"
"8344","599616151731684608","101"
"8345","599616151739378048","101"
"8346","599616151747071488","94"
"8347","599616151754764928","84"
"8348","599616151762458368","67"
"8349","599616151770151936","38"
"8350","599616151777845376","-2"
"8351","599616151785538816","-50"
"8352","599616151793232256","-94"
"8353","599616151800925696","-127"
"8354","599616151808619136","-149"
"8355","599616151816312704","-159"
"8356","599616151824006144","-164"
"8357","599616151831699584","-166"
"8358","599616151839393024","-164"
"8359","599616151847086464","-154"
"8360","599616151854779904","-147"
"8361","599616151862473472","-144"
"8362","599616151870166912","-142"
"8363","599616151877860352","-135"
"8364","599616151885553792","-130"
"8365","599616151893247232","-130"
"8366","599616151900940800","-125"
"8367","599616151908634240","-120"
"8368","599616151916327680","-115"
"8369","599616151924021120","-110"
"8370","599616151931714560","-108"
"8371","599616151939408000","-106"
"8372","599616151947101568","-106"
"8373","599616151954795008","-108"
"8374","599616151962488448","-106"
"8375","599616151970181888","-103"
"8376","599616151977875328","-103"
"8377","599616151985568768","-103"
"8378","599616151993262336","-103"
"8379","599616152000955776","-108"
"8380","599616152008649216","-118"
"8381","599616152016342656","-123"
"8382","599616152024036096","-106"
"8383","599616152031729536","-67"
"8384","599616152039423104","-28"
"8385","599616152047116544","-21"
"8386","599616152054809984","-33"
"8387","599616152062503424","-50"
"8388","599616152070196864","-74"
"8389","599616152077890432","-91"
"8390","599616152085583872","-86"
"8391","599616152093277312","-84"
"8392","599616152100970752","-86"
"8393","599616152108664192","-86"
"8394","599616152116357632","-86"
"8395","599616152124051176","-96"
"8396","599616152131744640","-147"
"8397","599616152139438080","-214"
"8398","599616152147131520","-166"
"8399","599616152154825088","98"
"8400","599616152162518528","460"
"8401","599616152170211968","581"
"8402","599616152177905408","265"
"8403","599616152185598848","-137"
"8404","599616152193292288","-224"
"8405","599616152200985856","-164"
"8406","599616152208679296","-159"
"8407","599616152216372736","-149"
"8408","599616152224066176","-125"
"8409","599616152231759616","-125"
"8410","599616152239453056","-120"
"8411","599616152247146624","-106"
"8412","599616152254840064","-94"
"8413","599616152262533504","-86"
"8414","599616152270226944","-74"
"8415","599616152277920384","-57"
"8416","599616152285613824","-41"
"8417","599616152293307392","-24"
"8418","599616152301000832","-7"
"8419","599616152308694272","9"
"8420","599616152316387712","26"
"8421","599616152324081152","48"
"8422","599616152331774720","69"
"8423","599616152339468160","84"
"8424","599616152347161600","94"
"8425","599616152354855040","96"
"8426","599616152362548480","91"
"8427","599616152370241920","77"
"8428","599616152377935488","60"
"8429","599616152385628928","33"
"8430","599616152393322368","-7"
"8431","599616152401015808","-55"
"8432","599616152408709248","-98"
"8433","599616152416402688","-135"
"8434","599616152424096256","-161"
"8435","599616152431789696","-173"
"8436","599616152439483136","-178"
"8437","599616152447176576","-180"
"8438","599616152454870016","-183"
"8439","599616152462563584","-180"
"8440","599616152470257024","-173"
"8441","599616152477950464","-164"
"8442","599616152485643904","-159"
"8443","599616152493337344","-161"
"8444","599616152501030784","-156"
"8445","599616152508724352","-149"
"8446","599616152516417792","-152"
"8447","599616152524111232","-147"
"8448","599616152531804672","-137"
"8449","599616152539498112","-132"
"8450","599616152547191552","-132"
"8451","599616152554885120","-130"
"8452","599616152562578560","-123"
"8453","599616152570272000","-125"
"8454","599616152577965440","-127"
"8455","599616152585658880","-118"
"8456","599616152593352320","-115"
"8457","599616152601045888","-125"
"8458","599616152608739328","-127"
"8459","599616152616432768","-125"
"8460","599616152624126208","-130"
"8461","599616152631819648","-142"
"8462","599616152639513216","-142"
"8463","599616152647206656","-108"
"8464","599616152654900096","-60"
"8465","599616152662593536","-38"
"8466","599616152670286976","-48"
"8467","599616152677980416","-62"
"8468","599616152685673930","-84"
"8469","599616152693367680","-110"
"8470","599616152701061376","-113"
"8471","599616152708755200","-98"
"8472","599616152716448896","-101"
"8473","599616152724142592","-108"
"8474","599616152731836416","-106"
"8475","599616152739530112","-108"
"8476","599616152747223808","-139"
"8477","599616152754917632","-200"
"8478","599616152762611328","-207"
"8479","599616152770305152","-33"
"8480","599616152777998848","304"
"8481","599616152785692544","540"
"8482","599616152793386368","352"
"8483","599616152801080064","-94"
"8484","599616152808773760","-270"
"8485","599616152816467584","-188"
"8486","599616152824161280","-164"
"8487","599616152831854976","-168"
"8488","599616152839548800","-132"
"8489","599616152847242496","-118"
"8490","599616152854936192","-123"
"8491","599616152862630016","-110"
"8492","599616152870323712","-101"
"8493","599616152878017408","-96"
"8494","599616152885711232","-82"
"8495","599616152893404928","-67"
"8496","599616152901098752","-55"
"8497","599616152908792448","-33"
"8498","599616152916486144","-12"
"8499","599616152924179968","4"
"8500","599616152931873664","24"
"8501","599616152939567360","43"
"8502","599616152947261184","69"
"8503","599616152954954880","96"
"8504","599616152962648576","106"
"8505","599616152970342400","103"
"8506","599616152978036096","98"
"8507","599616152985729792","91"
"8508","599616152993423616","74"
"8509","599616153001117312","43"
"8510","599616153008811008","4"
"8511","599616153016504832","-43"
"8512","599616153024198528","-96"
"8513","599616153031892224","-139"
"8514","599616153039586048","-166"
"8515","599616153047279744","-185"
"8516","599616153054973568","-197"
"8517","599616153062667264","-200"
"8518","599616153070360960","-197"
"8519","599616153078054784","-195"
"8520","599616153085748480","-193"
"8521","599616153093442176","-183"
"8522","599616153101136000","-171"
"8523","599616153108829696","-164"
"8524","599616153116523392","-161"
"8525","599616153124217216","-156"
"8526","599616153131910912","-147"
"8527","599616153139604608","-144"
"8528","599616153147298432","-139"
"8529","599616153154992128","-132"
"8530","599616153162685824","-125"
"8531","599616153170379648","-125"
"8532","599616153178073344","-127"
"8533","599616153185767168","-130"
"8534","599616153193460864","-123"
"8535","599616153201154560","-120"
"8536","599616153208848384","-123"
"8537","599616153216542080","-125"
"8538","599616153224235776","-125"
"8539","599616153231929600","-130"
"8540","599616153239623296","-137"
"8541","599616153247317028","-139"
"8542","599616153255010560","-127"
"8543","599616153262704128","-89"
"8544","599616153270397568","-45"
"8545","599616153278091136","-41"
"8546","599616153285784704","-57"
"8547","599616153293478272","-74"
"8548","599616153301171712","-98"
"8549","599616153308865280","-110"
"8550","599616153316558848","-103"
"8551","599616153324252288","-96"
"8552","599616153331945856","-101"
"8553","599616153339639424","-103"
"8554","599616153347332992","-101"
"8555","599616153355026432","-115"
"8556","599616153362720000","-173"
"8557","599616153370413568","-224"
"8558","599616153378107136","-132"
"8559","599616153385800576","154"
"8560","599616153393494144","494"
"8561","599616153401187712","545"
"8562","599616153408881152","144"
"8563","599616153416574720","-221"
"8564","599616153424268288","-212"
"8565","599616153431961856","-142"
"8566","599616153439655296","-168"
"8567","599616153447348864","-149"
"8568","599616153455042432","-118"
"8569","599616153462735872","-120"
"8570","599616153470429440","-118"
"8571","599616153478123008","-101"
"8572","599616153485816576","-91"
"8573","599616153493510016","-82"
"8574","599616153501203584","-65"
"8575","599616153508897152","-48"
"8576","599616153516590592","-36"
"8577","599616153524284160","-19"
"8578","599616153531977728","0"
"8579","599616153539671296","16"
"8580","599616153547364736","38"
"8581","599616153555058304","62"
"8582","599616153562751872","84"
"8583","599616153570445312","98"
"8584","599616153578138880","106"
"8585","599616153585832448","103"
"8586","599616153593526016","96"
"8587","599616153601219456","82"
"8588","599616153608913024","57"
"8589","599616153616606592","26"
"8590","599616153624300160","-12"
"8591","599616153631993600","-60"
"8592","599616153639687168","-103"
"8593","599616153647380736","-132"
"8594","599616153655074176","-149"
"8595","599616153662767744","-161"
"8596","599616153670461312","-166"
"8597","599616153678154880","-166"
"8598","599616153685848320","-161"
"8599","599616153693541888","-156"
"8600","599616153701235456","-149"
"8601","599616153708928896","-142"
"8602","599616153716622464","-135"
"8603","599616153724316032","-127"
"8604","599616153732009600","-125"
"8605","599616153739703040","-115"
"8606","599616153747396608","-110"
"8607","599616153755090176","-108"
"8608","599616153762783616","-106"
"8609","599616153770477184","-98"
"8610","599616153778170752","-96"
"8611","599616153785864320","-96"
"8612","599616153793557760","-94"
"8613","599616153801251328","-91"
"8614","599616153808944868","-89"
"8615","599616153816638464","-91"
"8616","599616153824332032","-86"
"8617","599616153832025472","-84"
"8618","599616153839719040","-86"
"8619","599616153847412608","-96"
"8620","599616153855106176","-106"
"8621","599616153862799616","-110"
"8622","599616153870493184","-110"
"8623","599616153878186752","-89"
"8624","599616153885880192","-43"
"8625","599616153893573760","-16"
"8626","599616153901267328","-21"
"8627","599616153908960896","-33"
"8628","599616153916654336","-45"
"8629","599616153924347904","-69"
"8630","599616153932041472","-84"
"8631","599616153939735040","-79"
"8632","599616153947428480","-74"
"8633","599616153955122048","-79"
"8634","599616153962815616","-79"
"8635","599616153970509056","-79"
"8636","599616153978202624","-98"
"8637","599616153985896192","-159"
"8638","599616153993589760","-209"
"8639","599616154001283200","-98"
"8640","599616154008976768","226"
"8641","599616154016670336","569"
"8642","599616154024363776","569"
"8643","599616154032057344","152"
"8644","599616154039750912","-188"
"8645","599616154047444480","-190"
"8646","599616154055137920","-144"
"8647","599616154062831488","-156"
"8648","599616154070525056","-135"
"8649","599616154078218496","-113"
"8650","599616154085912064","-115"
"8651","599616154093605632","-106"
"8652","599616154101299200","-91"
"8653","599616154108992640","-89"
"8654","599616154116686208","-82"
"8655","599616154124379776","-62"
"8656","599616154132073216","-48"
"8657","599616154139766784","-36"
"8658","599616154147460352","-19"
"8659","599616154155153920","2"
"8660","599616154162847360","21"
"8661","599616154170540928","41"
"8662","599616154178234496","60"
"8663","599616154185928064","79"
"8664","599616154193621504","96"
"8665","599616154201315072","103"
"8666","599616154209008640","106"
"8667","599616154216702080","98"
"8668","599616154224395648","89"
"8669","599616154232089216","67"
"8670","599616154239782784","36"
"8671","599616154247476224","-7"
"8672","599616154255169792","-55"
"8673","599616154262863360","-98"
"8674","599616154270556800","-130"
"8675","599616154278250368","-149"
"8676","599616154285943936","-159"
"8677","599616154293637504","-161"
"8678","599616154301330944","-164"
"8679","599616154309024512","-159"
"8680","599616154316718080","-152"
"8681","599616154324411520","-144"
"8682","599616154332105088","-142"
"8683","599616154339798656","-139"
"8684","599616154347492224","-130"
"8685","599616154355185664","-120"
"8686","599616154362879232","-118"
"8687","599616154370572708","-115"
"8688","599616154378266240","-108"
"8689","599616154385959808","-108"
"8690","599616154393653248","-108"
"8691","599616154401346816","-108"
"8692","599616154409040384","-103"
"8693","599616154416733952","-103"
"8694","599616154424427392","-101"
"8695","599616154432120960","-98"
"8696","599616154439814528","-98"
"8697","599616154447507968","-103"
"8698","599616154455201536","-101"
"8699","599616154462895104","-98"
"8700","599616154470588672","-106"
"8701","599616154478282112","-113"
"8702","599616154485975680","-115"
"8703","599616154493669248","-120"
"8704","599616154501362816","-115"
"8705","599616154509056256","-82"
"8706","599616154516749824","-38"
"8707","599616154524443392","-24"
"8708","599616154532136832","-33"
"8709","599616154539830400","-43"
"8710","599616154547523968","-57"
"8711","599616154555217536","-77"
"8712","599616154562910976","-82"
"8713","599616154570604544","-82"
"8714","599616154578298112","-86"
"8715","599616154585991552","-89"
"8716","599616154593685120","-89"
"8717","599616154601378688","-96"
"8718","599616154609072256","-120"
"8719","599616154616765696","-185"
"8720","599616154624459264","-214"
"8721","599616154632152832","-48"
"8722","599616154639846272","308"
"8723","599616154647539840","591"
"8724","599616154655233408","477"
"8725","599616154662926976","45"
"8726","599616154670620416","-214"
"8727","599616154678313984","-193"
"8728","599616154686007552","-159"
"8729","599616154693700992","-164"
"8730","599616154701394560","-147"
"8731","599616154709088128","-127"
"8732","599616154716781696","-125"
"8733","599616154724475136","-118"
"8734","599616154732168704","-106"
"8735","599616154739862272","-94"
"8736","599616154747555840","-84"
"8737","599616154755249280","-74"
"8738","599616154762942848","-62"
"8739","599616154770636416","-48"
"8740","599616154778329856","-31"
"8741","599616154786023424","-12"
"8742","599616154793716992","9"
"8743","599616154801410560","31"
"8744","599616154809104000","53"
"8745","599616154816797568","77"
"8746","599616154824491136","91"
"8747","599616154832184576","101"
"8748","599616154839878144","103"
"8749","599616154847571712","94"
"8750","599616154855265280","79"
"8751","599616154862958720","57"
"8752","599616154870652288","21"
"8753","599616154878345856","-26"
"8754","599616154886039296","-77"
"8755","599616154893732864","-120"
"8756","599616154901426432","-149"
"8757","599616154909120000","-166"
"8758","599616154916813440","-178"
"8759","599616154924507008","-183"
"8760","599616154932200550","-183"
"8761","599616154939894144","-183"
"8762","599616154947587712","-180"
"8763","599616154955281152","-180"
"8764","599616154962974720","-176"
"8765","599616154970668288","-161"
"8766","599616154978361856","-149"
"8767","599616154986055296","-149"
"8768","599616154993748864","-149"
"8769","599616155001442432","-147"
"8770","599616155009135872","-139"
"8771","599616155016829440","-132"
"8772","599616155024523008","-132"
"8773","599616155032216576","-132"
"8774","599616155039910016","-127"
"8775","599616155047603584","-118"
"8776","599616155055297152","-113"
"8777","599616155062990720","-115"
"8778","599616155070684160","-118"
"8779","599616155078377728","-113"
"8780","599616155086071296","-113"
"8781","599616155093764736","-118"
"8782","599616155101458304","-120"
"8783","599616155109151872","-123"
"8784","599616155116845440","-130"
"8785","599616155124538880","-137"
"8786","599616155132232448","-137"
"8787","599616155139926016","-118"
"8788","599616155147619456","-74"
"8789","599616155155313024","-43"
"8790","599616155163006592","-43"
"8791","599616155170700160","-53"
"8792","599616155178393600","-67"
"8793","599616155186087168","-91"
"8794","599616155193780736","-106"
"8795","599616155201474176","-96"
"8796","599616155209167744","-86"
"8797","599616155216861312","-96"
"8798","599616155224554880","-103"
"8799","599616155232248320","-101"
"8800","599616155239941888","-113"
"8801","599616155247635456","-164"
"8802","599616155255328896","-207"
"8803","599616155263022464","-108"
"8804","599616155270716032","180"
"8805","599616155278409600","497"
"8806","599616155286103040","504"
"8807","599616155293796608","84"
"8808","599616155301490176","-255"
"8809","599616155309183744","-221"
"8810","599616155316877184","-149"
"8811","599616155324570752","-168"
"8812","599616155332264320","-156"
"8813","599616155339957760","-125"
"8814","599616155347651328","-123"
"8815","599616155355344896","-127"
"8816","599616155363038464","-113"
"8817","599616155370731904","-89"
"8818","599616155378425472","-84"
"8819","599616155386119040","-79"
"8820","599616155393812480","-62"
"8821","599616155401506048","-43"
"8822","599616155409199616","-31"
"8823","599616155416893184","-14"
"8824","599616155424586624","12"
"8825","599616155432280192","33"
"8826","599616155439973760","53"
"8827","599616155447667200","74"
"8828","599616155455360768","94"
"8829","599616155463054336","110"
"8830","599616155470747904","115"
"8831","599616155478441344","101"
"8832","599616155486134912","82"
"8833","599616155493828390","67"
"8834","599616155501521920","31"
"8835","599616155509215488","-26"
"8836","599616155516908928","-84"
"8837","599616155524602496","-127"
"8838","599616155532296064","-159"
"8839","599616155539989632","-180"
"8840","599616155547683072","-195"
"8841","599616155555376640","-207"
"8842","599616155563070208","-207"
"8843","599616155570763648","-200"
"8844","599616155578457216","-197"
"8845","599616155586150784","-195"
"8846","599616155593844352","-193"
"8847","599616155601537792","-188"
"8848","599616155609231360","-180"
"8849","599616155616924928","-171"
"8850","599616155624618496","-161"
"8851","599616155632311936","-156"
"8852","599616155640005504","-147"
"8853","599616155647699072","-139"
"8854","599616155655392512","-137"
"8855","599616155663086080","-135"
"8856","599616155670779648","-130"
"8857","599616155678473216","-123"
"8858","599616155686166656","-123"
"8859","599616155693860224","-125"
"8860","599616155701553792","-125"
"8861","599616155709247232","-120"
"8862","599616155716940800","-118"
"8863","599616155724634368","-115"
"8864","599616155732327936","-118"
"8865","599616155740021376","-118"
"8866","599616155747714944","-118"
"8867","599616155755408512","-125"
"8868","599616155763101952","-135"
"8869","599616155770795520","-132"
"8870","599616155778489088","-101"
"8871","599616155786182656","-55"
"8872","599616155793876096","-38"
"8873","599616155801569664","-45"
"8874","599616155809263232","-55"
"8875","599616155816956672","-77"
"8876","599616155824650240","-98"
"8877","599616155832343808","-98"
"8878","599616155840037376","-94"
"8879","599616155847730816","-96"
"8880","599616155855424384","-101"
"8881","599616155863117952","-98"
"8882","599616155870811520","-101"
"8883","599616155878504960","-132"
"8884","599616155886198528","-193"
"8885","599616155893892096","-202"
"8886","599616155901585536","-33"
"8887","599616155909279104","313"
"8888","599616155916972672","603"
"8889","599616155924666240","453"
"8890","599616155932359680","-38"
"8891","599616155940053248","-260"
"8892","599616155947746816","-166"
"8893","599616155955440256","-144"
"8894","599616155963133824","-166"
"8895","599616155970827392","-130"
"8896","599616155978520960","-113"
"8897","599616155986214400","-120"
"8898","599616155993907968","-110"
"8899","599616156001601536","-98"
"8900","599616156009294976","-89"
"8901","599616156016988544","-77"
"8902","599616156024682112","-65"
"8903","599616156032375680","-50"
"8904","599616156040069120","-31"
"8905","599616156047762688","-14"
"8906","599616156055456230","0"
"8907","599616156063149952","24"
"8908","599616156070843648","48"
"8909","599616156078537344","69"
"8910","599616156086230912","91"
"8911","599616156093924608","110"
"8912","599616156101618304","120"
"8913","599616156109312000","115"
"8914","599616156117005696","103"
"8915","599616156124699264","86"
"8916","599616156132392960","60"
"8917","599616156140086656","24"
"8918","599616156147780352","-24"
"8919","599616156155474048","-77"
"8920","599616156163167744","-118"
"8921","599616156170861312","-147"
"8922","599616156178555008","-166"
"8923","599616156186248704","-176"
"8924","599616156193942400","-178"
"8925","599616156201636096","-176"
"8926","599616156209329664","-176"
"8927","599616156217023360","-171"
"8928","599616156224717056","-164"
"8929","599616156232410752","-154"
"8930","599616156240104448","-149"
"8931","599616156247798016","-144"
"8932","599616156255491712","-135"
"8933","599616156263185408","-125"
"8934","599616156270879104","-118"
"8935","599616156278572800","-110"
"8936","599616156286266368","-108"
"8937","599616156293960064","-103"
"8938","599616156301653760","-96"
"8939","599616156309347456","-91"
"8940","599616156317041152","-91"
"8941","599616156324734720","-91"
"8942","599616156332428416","-94"
"8943","599616156340122112","-91"
"8944","599616156347815808","-89"
"8945","599616156355509504","-89"
"8946","599616156363203200","-89"
"8947","599616156370896768","-86"
"8948","599616156378590464","-84"
"8949","599616156386284160","-82"
"8950","599616156393977856","-89"
"8951","599616156401671552","-101"
"8952","599616156409365120","-108"
"8953","599616156417058816","-98"
"8954","599616156424752512","-62"
"8955","599616156432446208","-21"
"8956","599616156440139904","-7"
"8957","599616156447833472","-14"
"8958","599616156455527168","-24"
"8959","599616156463220864","-43"
"8960","599616156470914560","-60"
"8961","599616156478608256","-60"
"8962","599616156486301824","-55"
"8963","599616156493995520","-60"
"8964","599616156501689216","-60"
"8965","599616156509382912","-60"
"8966","599616156517076608","-67"
"8967","599616156524770176","-103"
"8968","599616156532463872","-176"
"8969","599616156540157568","-183"
"8970","599616156547851264","21"
"8971","599616156555544960","410"
"8972","599616156563238656","697"
"8973","599616156570932224","511"
"8974","599616156578625920","7"
"8975","599616156586319616","-209"
"8976","599616156594013312","-144"
"8977","599616156601707008","-137"
"8978","599616156609400576","-156"
"8979","599616156617094244","-125"
"8980","599616156624788096","-115"
"8981","599616156632481920","-123"
"8982","599616156640175744","-106"
"8983","599616156647869568","-89"
"8984","599616156655563392","-84"
"8985","599616156663257088","-77"
"8986","599616156670950912","-65"
"8987","599616156678644736","-53"
"8988","599616156686338560","-36"
"8989","599616156694032384","-16"
"8990","599616156701726208","0"
"8991","599616156709420032","16"
"8992","599616156717113856","41"
"8993","599616156724807680","62"
"8994","599616156732501504","84"
"8995","599616156740195200","103"
"8996","599616156747889024","113"
"8997","599616156755582848","113"
"8998","599616156763276672","108"
"8999","599616156770970496","96"
"9000","599616156778664320","72"
"9001","599616156786358144","36"
"9002","599616156794051968","-14"
"9003","599616156801745792","-65"
"9004","599616156809439616","-106"
"9005","599616156817133312","-135"
"9006","599616156824827136","-152"
"9007","599616156832520960","-166"
"9008","599616156840214784","-171"
"9009","599616156847908608","-164"
"9010","599616156855602432","-159"
"9011","599616156863296256","-156"
"9012","599616156870990080","-152"
"9013","599616156878683904","-144"
"9014","599616156886377600","-137"
"9015","599616156894071424","-130"
"9016","599616156901765248","-125"
"9017","599616156909459072","-120"
"9018","599616156917152896","-110"
"9019","599616156924846720","-106"
"9020","599616156932540544","-103"
"9021","599616156940234368","-98"
"9022","599616156947928192","-94"
"9023","599616156955622016","-91"
"9024","599616156963315712","-91"
"9025","599616156971009536","-86"
"9026","599616156978703360","-84"
"9027","599616156986397184","-84"
"9028","599616156994091008","-84"
"9029","599616157001784832","-82"
"9030","599616157009478656","-77"
"9031","599616157017172480","-77"
"9032","599616157024866304","-77"
"9033","599616157032560128","-82"
"9034","599616157040253824","-84"
"9035","599616157047947648","-91"
"9036","599616157055641472","-103"
"9037","599616157063335296","-101"
"9038","599616157071029120","-74"
"9039","599616157078722944","-31"
"9040","599616157086416768","-7"
"9041","599616157094110592","-12"
"9042","599616157101804416","-21"
"9043","599616157109498112","-36"
"9044","599616157117191936","-57"
"9045","599616157124885760","-72"
"9046","599616157132579584","-69"
"9047","599616157140273408","-65"
"9048","599616157147967232","-67"
"9049","599616157155661056","-69"
"9050","599616157163354880","-72"
"9051","599616157171048704","-86"
"9052","599616157178742428","-142"
"9053","599616157186435968","-205"
"9054","599616157194129536","-123"
"9055","599616157201822976","185"
"9056","599616157209516544","554"
"9057","599616157217210112","634"
"9058","599616157224903680","267"
"9059","599616157232597120","-139"
"9060","599616157240290688","-214"
"9061","599616157247984256","-156"
"9062","599616157255677696","-159"
"9063","599616157263371264","-154"
"9064","599616157271064832","-135"
"9065","599616157278758400","-130"
"9066","599616157286451840","-123"
"9067","599616157294145408","-108"
"9068","599616157301838976","-96"
"9069","599616157309532544","-89"
"9070","599616157317225984","-77"
"9071","599616157324919552","-62"
"9072","599616157332613120","-53"
"9073","599616157340306560","-38"
"9074","599616157348000128","-19"
"9075","599616157355693696","0"
"9076","599616157363387264","16"
"9077","599616157371080704","38"
"9078","599616157378774272","62"
"9079","599616157386467840","82"
"9080","599616157394161280","98"
"9081","599616157401854848","108"
"9082","599616157409548416","103"
"9083","599616157417241984","89"
"9084","599616157424935424","72"
"9085","599616157432628992","50"
"9086","599616157440322560","14"
"9087","599616157448016000","-45"
"9088","599616157455709568","-106"
"9089","599616157463403136","-144"
"9090","599616157471096704","-171"
"9091","599616157478790144","-185"
"9092","599616157486483712","-188"
"9093","599616157494177280","-190"
"9094","599616157501870720","-188"
"9095","599616157509564288","-164"
"9096","599616157517257856","-166"
"9097","599616157524951424","-185"
"9098","599616157532644864","-173"
"9099","599616157540338432","-164"
"9100","599616157548032000","-178"
"9101","599616157555725568","-173"
"9102","599616157563419008","-152"
"9103","599616157571112576","-149"
"9104","599616157578806144","-147"
"9105","599616157586499584","-130"
"9106","599616157594193152","-123"
"9107","599616157601886720","-125"
"9108","599616157609580288","-125"
"9109","599616157617273728","-118"
"9110","599616157624967296","-113"
"9111","599616157632660864","-113"
"9112","599616157640354304","-115"
"9113","599616157648047872","-115"
"9114","599616157655741440","-118"
"9115","599616157663435008","-113"
"9116","599616157671128448","-110"
"9117","599616157678822016","-115"
"9118","599616157686515584","-115"
"9119","599616157694209024","-106"
"9120","599616157701902592","-120"
"9121","599616157709596160","-147"
"9122","599616157717289728","-142"
"9123","599616157724983168","-96"
"9124","599616157732676736","-62"
"9125","599616157740370268","-48"
"9126","599616157748063744","-36"
"9127","599616157755757184","-16"
"9128","599616157763450624","-26"
"9129","599616157771144192","-82"
"9130","599616157778837632","-120"
"9131","599616157786531072","-108"
"9132","599616157794224512","-74"
"9133","599616157801917952","-72"
"9134","599616157809611392","-94"
"9135","599616157817304960","-98"
"9136","599616157824998400","-91"
"9137","599616157832691840","-113"
"9138","599616157840385280","-180"
"9139","599616157848078720","-173"
"9140","599616157855772160","60"
"9141","599616157863465728","424"
"9142","599616157871159168","617"
"9143","599616157878852608","345"
"9144","599616157886546048","-120"
"9145","599616157894239488","-238"
"9146","599616157901933056","-152"
"9147","599616157909626496","-156"
"9148","599616157917319936","-154"
"9149","599616157925013376","-120"
"9150","599616157932706816","-123"
"9151","599616157940400256","-123"
"9152","599616157948093824","-101"
"9153","599616157955787264","-82"
"9154","599616157963480704","-65"
"9155","599616157971174144","-67"
"9156","599616157978867584","-62"
"9157","599616157986561024","-33"
"9158","599616157994254592","-19"
"9159","599616158001948032","-7"
"9160","599616158009641472","26"
"9161","599616158017334912","55"
"9162","599616158025028352","57"
"9163","599616158032721792","74"
"9164","599616158040415360","101"
"9165","599616158048108800","103"
"9166","599616158055802240","118"
"9167","599616158063495680","132"
"9168","599616158071189120","110"
"9169","599616158078882688","86"
"9170","599616158086576128","57"
"9171","599616158094269568","12"
"9172","599616158101963008","-24"
"9173","599616158109656448","-77"
"9174","599616158117349888","-154"
"9175","599616158125043456","-173"
"9176","599616158132736896","-161"
"9177","599616158140430336","-190"
"9178","599616158148123776","-226"
"9179","599616158155817216","-224"
"9180","599616158163510656","-200"
"9181","599616158171204224","-183"
"9182","599616158178897664","-193"
"9183","599616158186591104","-209"
"9184","599616158194284544","-209"
"9185","599616158201977984","-193"
"9186","599616158209671552","-171"
"9187","599616158217364992","-166"
"9188","599616158225058432","-171"
"9189","599616158232751872","-161"
"9190","599616158240445312","-161"
"9191","599616158248138752","-164"
"9192","599616158255832320","-149"
"9193","599616158263525760","-137"
"9194","599616158271219200","-154"
"9195","599616158278912640","-173"
"9196","599616158286606080","-173"
"9197","599616158294299520","-161"
"9198","599616158301993024","-156"
"9199","599616158309686400","-156"
"9200","599616158317379840","-159"
"9201","599616158325073280","-161"
"9202","599616158332766848","-161"
"9203","599616158340460288","-166"
"9204","599616158348153728","-183"
"9205","599616158355847168","-188"
"9206","599616158363540608","-173"
"9207","599616158371234048","-144"
"9208","599616158378927616","-110"
"9209","599616158386621056","-94"
"9210","599616158394314496","-98"
"9211","599616158402007936","-118"
"9212","599616158409701376","-137"
"9213","599616158417394816","-139"
"9214","599616158425088384","-132"
"9215","599616158432781824","-127"
"9216","599616158440475264","-127"
"9217","599616158448168704","-132"
"9218","599616158455862144","-132"
"9219","599616158463555584","-142"
"9220","599616158471249152","-190"
"9221","599616158478942592","-248"
"9222","599616158486636032","-197"
"9223","599616158494329472","43"
"9224","599616158502022912","395"
"9225","599616158509716480","554"
"9226","599616158517409920","238"
"9227","599616158525103360","-193"
"9228","599616158532796800","-250"
"9229","599616158540490240","-173"
"9230","599616158548183680","-205"
"9231","599616158555877248","-195"
"9232","599616158563570688","-147"
"9233","599616158571264128","-152"
"9234","599616158578957568","-159"
"9235","599616158586651008","-139"
"9236","599616158594344448","-130"
"9237","599616158602038016","-125"
"9238","599616158609731456","-110"
"9239","599616158617424896","-96"
"9240","599616158625118336","-84"
"9241","599616158632811776","-67"
"9242","599616158640505344","-53"
"9243","599616158648198784","-36"
"9244","599616158655892224","-9"
"9245","599616158663585664","14"
"9246","599616158671279104","36"
"9247","599616158678972544","53"
"9248","599616158686666112","62"
"9249","599616158694359552","62"
"9250","599616158702052992","60"
"9251","599616158709746432","50"
"9252","599616158717439872","33"
"9253","599616158725133312","4"
"9254","599616158732826880","-28"
"9255","599616158740520320","-67"
"9256","599616158748213760","-103"
"9257","599616158755907200","-132"
"9258","599616158763600640","-154"
"9259","599616158771294080","-168"
"9260","599616158778987648","-178"
"9261","599616158786681088","-178"
"9262","599616158794374528","-171"
"9263","599616158802067968","-166"
"9264","599616158809761408","-161"
"9265","599616158817454976","-156"
"9266","599616158825148416","-152"
"9267","599616158832841856","-142"
"9268","599616158840535296","-130"
"9269","599616158848228736","-123"
"9270","599616158855922176","-106"
"9271","599616158863615778","-98"
"9272","599616158871309440","-110"
"9273","599616158879003136","-113"
"9274","599616158886696832","-98"
"9275","599616158894390400","-91"
"9276","599616158902084096","-91"
"9277","599616158909777792","-86"
"9278","599616158917471488","-79"
"9279","599616158925165184","-77"
"9280","599616158932858752","-79"
"9281","599616158940552448","-72"
"9282","599616158948246144","-65"
"9283","599616158955939840","-67"
"9284","599616158963633536","-74"
"9285","599616158971327232","-86"
"9286","599616158979020800","-98"
"9287","599616158986714496","-84"
"9288","599616158994408192","-43"
"9289","599616159002101888","-7"
"9290","599616159009795584","4"
"9291","599616159017489152","-2"
"9292","599616159025182848","-14"
"9293","599616159032876544","-33"
"9294","599616159040570240","-50"
"9295","599616159048263936","-48"
"9296","599616159055957504","-38"
"9297","599616159063651200","-45"
"9298","599616159071344896","-48"
"9299","599616159079038592","-38"
"9300","599616159086732288","-45"
"9301","599616159094425856","-82"
"9302","599616159102119552","-120"
"9303","599616159109813248","-86"
"9304","599616159117506944","96"
"9305","599616159125200640","366"
"9306","599616159132894208","506"
"9307","599616159140587904","316"
"9308","599616159148281600","-36"
"9309","599616159155975296","-190"
"9310","599616159163668992","-159"
"9311","599616159171362688","-127"
"9312","599616159179056256","-91"
"9313","599616159186749952","-65"
"9314","599616159194443648","-62"
"9315","599616159202137344","-55"
"9316","599616159209831040","-43"
"9317","599616159217524608","-36"
"9318","599616159225218304","-28"
"9319","599616159232912000","-21"
"9320","599616159240605696","-7"
"9321","599616159248299392","9"
"9322","599616159255992960","28"
"9323","599616159263686656","43"
"9324","599616159271380352","50"
"9325","599616159279074048","67"
"9326","599616159286767744","94"
"9327","599616159294461312","120"
"9328","599616159302155008","130"
"9329","599616159309848704","130"
"9330","599616159317542400","147"
"9331","599616159325236096","164"
"9332","599616159332929664","159"
"9333","599616159340623360","147"
"9334","599616159348317056","120"
"9335","599616159356010752","74"
"9336","599616159363704448","21"
"9337","599616159371398144","-28"
"9338","599616159379091712","-67"
"9339","599616159386785408","-96"
"9340","599616159394479104","-113"
"9341","599616159402172800","-120"
"9342","599616159409866496","-125"
"9343","599616159417560064","-132"
"9344","599616159425253790","-132"
"9345","599616159432947072","-127"
"9346","599616159440640384","-125"
"9347","599616159448333568","-115"
"9348","599616159456026880","-106"
"9349","599616159463720064","-101"
"9350","599616159471413376","-94"
"9351","599616159479106560","-91"
"9352","599616159486799872","-89"
"9353","599616159494493056","-82"
"9354","599616159502186368","-72"
"9355","599616159509879552","-74"
"9356","599616159517572864","-82"
"9357","599616159525266176","-79"
"9358","599616159532959360","-72"
"9359","599616159540652672","-67"
"9360","599616159548345856","-65"
"9361","599616159556039168","-62"
"9362","599616159563732352","-67"
"9363","599616159571425664","-72"
"9364","599616159579118848","-72"
"9365","599616159586812160","-77"
"9366","599616159594505344","-84"
"9367","599616159602198656","-74"
"9368","599616159609891840","-48"
"9369","599616159617585152","-19"
"9370","599616159625278464","-9"
"9371","599616159632971648","-21"
"9372","599616159640664960","-31"
"9373","599616159648358144","-38"
"9374","599616159656051456","-55"
"9375","599616159663744640","-72"
"9376","599616159671437952","-69"
"9377","599616159679131136","-65"
"9378","599616159686824448","-69"
"9379","599616159694517632","-74"
"9380","599616159702210944","-74"
"9381","599616159709904256","-91"
"9382","599616159717597440","-139"
"9383","599616159725290752","-154"
"9384","599616159732983936","-14"
"9385","599616159740677248","253"
"9386","599616159748370432","439"
"9387","599616159756063744","335"
"9388","599616159763756928","2"
"9389","599616159771450240","-226"
"9390","599616159779143424","-231"
"9391","599616159786836736","-171"
"9392","599616159794529920","-132"
"9393","599616159802223232","-115"
"9394","599616159809916544","-106"
"9395","599616159817609728","-101"
"9396","599616159825303040","-91"
"9397","599616159832996224","-77"
"9398","599616159840689536","-74"
"9399","599616159848382720","-69"
"9400","599616159856076032","-50"
"9401","599616159863769216","-28"
"9402","599616159871462528","-21"
"9403","599616159879155712","-16"
"9404","599616159886849024","2"
"9405","599616159894542336","14"
"9406","599616159902235520","26"
"9407","599616159909928832","55"
"9408","599616159917622016","89"
"9409","599616159925315328","110"
"9410","599616159933008512","118"
"9411","599616159940701824","123"
"9412","599616159948395008","123"
"9413","599616159956088320","113"
"9414","599616159963781504","86"
"9415","599616159971474816","48"
"9416","599616159979168000","2"
"9417","599616159986861286","-53"
"9418","599616159994555136","-110"
"9419","599616160002248960","-144"
"9420","599616160009942784","-168"
"9421","599616160017636608","-183"
"9422","599616160025330432","-183"
"9423","599616160033024128","-183"
"9424","599616160040717952","-193"
"9425","599616160048411776","-197"
"9426","599616160056105600","-188"
"9427","599616160063799424","-173"
"9428","599616160071493248","-164"
"9429","599616160079187072","-164"
"9430","599616160086880896","-164"
"9431","599616160094574720","-149"
"9432","599616160102268544","-137"
"9433","599616160109962240","-139"
"9434","599616160117656064","-137"
"9435","599616160125349888","-132"
"9436","599616160133043712","-127"
"9437","599616160140737536","-125"
"9438","599616160148431360","-115"
"9439","599616160156125184","-108"
"9440","599616160163819008","-106"
"9441","599616160171512832","-108"
"9442","599616160179206656","-115"
"9443","599616160186900352","-125"
"9444","599616160194594176","-130"
"9445","599616160202288000","-130"
"9446","599616160209981824","-130"
"9447","599616160217675648","-127"
"9448","599616160225369472","-110"
"9449","599616160233063296","-72"
"9450","599616160240757120","-43"
"9451","599616160248450944","-53"
"9452","599616160256144640","-74"
"9453","599616160263838464","-91"
"9454","599616160271532288","-108"
"9455","599616160279226112","-115"
"9456","599616160286919936","-108"
"9457","599616160294613760","-110"
"9458","599616160302307584","-127"
"9459","599616160310001408","-125"
"9460","599616160317695232","-120"
"9461","599616160325389056","-159"
"9462","599616160333082752","-229"
"9463","599616160340776576","-219"
"9464","599616160348470400","-21"
"9465","599616160356164224","316"
"9466","599616160363858048","557"
"9467","599616160371551872","390"
"9468","599616160379245696","-96"
"9469","599616160386939520","-347"
"9470","599616160394633344","-275"
"9471","599616160402327168","-224"
"9472","599616160410020864","-221"
"9473","599616160417714688","-183"
"9474","599616160425408512","-166"
"9475","599616160433102336","-166"
"9476","599616160440796160","-149"
"9477","599616160448489984","-142"
"9478","599616160456183808","-137"
"9479","599616160463877632","-115"
"9480","599616160471571456","-101"
"9481","599616160479265152","-98"
"9482","599616160486958976","-91"
"9483","599616160494652800","-72"
"9484","599616160502346624","-48"
"9485","599616160510040448","-26"
"9486","599616160517734272","-7"
"9487","599616160525428096","14"
"9488","599616160533121920","48"
"9489","599616160540815744","67"
"9490","599616160548509470","69"
"9491","599616160556203008","72"
"9492","599616160563896576","60"
"9493","599616160571590016","43"
"9494","599616160579283584","36"
"9495","599616160586977152","-2"
"9496","599616160594670720","-74"
"9497","599616160602364160","-127"
"9498","599616160610057728","-156"
"9499","599616160617751296","-188"
"9500","599616160625444736","-221"
"9501","599616160633138304","-226"
"9502","599616160640831872","-209"
"9503","599616160648525440","-212"
"9504","599616160656218880","-219"
"9505","599616160663912448","-212"
"9506","599616160671606016","-205"
"9507","599616160679299584","-202"
"9508","599616160686993024","-193"
"9509","599616160694686592","-183"
"9510","599616160702380160","-173"
"9511","599616160710073600","-166"
"9512","599616160717767168","-156"
"9513","599616160725460736","-152"
"9514","599616160733154304","-152"
"9515","599616160740847744","-147"
"9516","599616160748541312","-132"
"9517","599616160756234880","-125"
"9518","599616160763928320","-120"
"9519","599616160771621888","-118"
"9520","599616160779315456","-120"
"9521","599616160787009024","-125"
"9522","599616160794702464","-120"
"9523","599616160802396032","-123"
"9524","599616160810089600","-135"
"9525","599616160817783040","-139"
"9526","599616160825476608","-130"
"9527","599616160833170176","-101"
"9528","599616160840863744","-62"
"9529","599616160848557184","-43"
"9530","599616160856250752","-50"
"9531","599616160863944320","-65"
"9532","599616160871637760","-91"
"9533","599616160879331328","-106"
"9534","599616160887024896","-103"
"9535","599616160894718464","-103"
"9536","599616160902411904","-101"
"9537","599616160910105472","-98"
"9538","599616160917799040","-96"
"9539","599616160925492608","-98"
"9540","599616160933186048","-139"
"9541","599616160940879616","-202"
"9542","599616160948573184","-180"
"9543","599616160956266624","45"
"9544","599616160963960192","451"
"9545","599616160971653760","728"
"9546","599616160979347328","492"
"9547","599616160987040768","-53"
"9548","599616160994734336","-263"
"9549","599616161002427904","-168"
"9550","599616161010121344","-159"
"9551","599616161017814912","-176"
"9552","599616161025508480","-132"
"9553","599616161033202048","-113"
"9554","599616161040895488","-125"
"9555","599616161048589056","-108"
"9556","599616161056282624","-89"
"9557","599616161063976064","-84"
"9558","599616161071669632","-77"
"9559","599616161079363200","-65"
"9560","599616161087056768","-57"
"9561","599616161094750208","-43"
"9562","599616161102443776","-21"
"9563","599616161110137310","-2"
"9564","599616161117830784","14"
"9565","599616161125524224","38"
"9566","599616161133217664","55"
"9567","599616161140911232","74"
"9568","599616161148604672","96"
"9569","599616161156298112","106"
"9570","599616161163991552","98"
"9571","599616161171684992","94"
"9572","599616161179378432","74"
"9573","599616161187072000","43"
"9574","599616161194765440","12"
"9575","599616161202458880","-36"
"9576","599616161210152320","-89"
"9577","599616161217845760","-125"
"9578","599616161225539200","-152"
"9579","599616161233232768","-168"
"9580","599616161240926208","-176"
"9581","599616161248619648","-183"
"9582","599616161256313088","-188"
"9583","599616161264006528","-190"
"9584","599616161271700096","-190"
"9585","599616161279393536","-183"
"9586","599616161287086976","-176"
"9587","599616161294780416","-176"
"9588","599616161302473856","-171"
"9589","599616161310167296","-164"
"9590","599616161317860864","-161"
"9591","599616161325554304","-161"
"9592","599616161333247744","-147"
"9593","599616161340941184","-135"
"9594","599616161348634624","-137"
"9595","599616161356328064","-135"
"9596","599616161364021632","-125"
"9597","599616161371715072","-127"
"9598","599616161379408512","-130"
"9599","599616161387101952","-123"
"9600","599616161394795392","-115"
"9601","599616161402488832","-115"
"9602","599616161410182400","-118"
"9603","599616161417875840","-118"
"9604","599616161425569280","-120"
"9605","599616161433262720","-130"
"9606","599616161440956160","-139"
"9607","599616161448649728","-120"
"9608","599616161456343168","-72"
"9609","599616161464036608","-48"
"9610","599616161471730048","-55"
"9611","599616161479423488","-53"
"9612","599616161487116928","-57"
"9613","599616161494810496","-82"
"9614","599616161502503936","-96"
"9615","599616161510197376","-94"
"9616","599616161517890816","-84"
"9617","599616161525584256","-74"
"9618","599616161533277696","-82"
"9619","599616161540971264","-101"
"9620","599616161548664704","-115"
"9621","599616161556358144","-139"
"9622","599616161564051584","-173"
"9623","599616161571745024","-91"
"9624","599616161579438592","202"
"9625","599616161587132032","554"
"9626","599616161594825472","598"
"9627","599616161602518912","195"
"9628","599616161610212352","-190"
"9629","599616161617905792","-224"
"9630","599616161625599360","-166"
"9631","599616161633292800","-178"
"9632","599616161640986240","-152"
"9633","599616161648679680","-103"
"9634","599616161656373120","-118"
"9635","599616161664066560","-125"
"9636","599616161671760066","-84"
"9637","599616161679453568","-62"
"9638","599616161687147008","-55"
"9639","599616161694840448","-31"
"9640","599616161702534016","-28"
"9641","599616161710227456","-45"
"9642","599616161717920896","-43"
"9643","599616161725614336","-7"
"9644","599616161733307776","41"
"9645","599616161741001216","69"
"9646","599616161748694784","74"
"9647","599616161756388224","91"
"9648","599616161764081664","108"
"9649","599616161771775104","94"
"9650","599616161779468544","118"
"9651","599616161787161984","173"
"9652","599616161794855552","137"
"9653","599616161802548992","74"
"9654","599616161810242432","79"
"9655","599616161817935872","50"
"9656","599616161825629312","-24"
"9657","599616161833322752","-45"
"9658","599616161841016320","-67"
"9659","599616161848709760","-130"
"9660","599616161856403200","-152"
"9661","599616161864096640","-110"
"9662","599616161871790080","-94"
"9663","599616161879483648","-123"
"9664","599616161887177088","-118"
"9665","599616161894870528","-103"
"9666","599616161902563968","-127"
"9667","599616161910257408","-125"
"9668","599616161917950848","-77"
"9669","599616161925644416","-69"
"9670","599616161933337856","-96"
"9671","599616161941031296","-91"
"9672","599616161948724736","-65"
"9673","599616161956418176","-43"
"9674","599616161964111616","-48"
"9675","599616161971805184","-55"
"9676","599616161979498624","-55"
"9677","599616161987192064","-67"
"9678","599616161994885504","-84"
"9679","599616162002578944","-77"
"9680","599616162010272512","-45"
"9681","599616162017965952","-19"
"9682","599616162025659392","-24"
"9683","599616162033352832","-36"
"9684","599616162041046272","-33"
"9685","599616162048739712","-24"
"9686","599616162056433280","-50"
"9687","599616162064126720","-94"
"9688","599616162071820160","-77"
"9689","599616162079513600","-41"
"9690","599616162087207040","-45"
"9691","599616162094900480","-24"
"9692","599616162102594048","26"
"9693","599616162110287488","28"
"9694","599616162117980928","-2"
"9695","599616162125674368","-9"
"9696","599616162133367808","-24"
"9697","599616162141061248","-38"
"9698","599616162148754816","-31"
"9699","599616162156448256","-33"
"9700","599616162164141696","-48"
"9701","599616162171835136","-45"
"9702","599616162179528576","-36"
"9703","599616162187222144","-45"
"9704","599616162194915584","-96"
"9705","599616162202609024","-139"
"9706","599616162210302464","-28"
"9707","599616162217995904","294"
"9708","599616162225689344","603"
"9709","599616162233382820","562"
"9710","599616162241076480","156"
"9711","599616162248770176","-164"
"9712","599616162256463872","-161"
"9713","599616162264157440","-94"
"9714","599616162271851136","-110"
"9715","599616162279544832","-115"
"9716","599616162287238528","-69"
"9717","599616162294932224","-60"
"9718","599616162302625792","-72"
"9719","599616162310319488","-50"
"9720","599616162318013184","-21"
"9721","599616162325706880","-24"
"9722","599616162333400576","-41"
"9723","599616162341094272","-43"
"9724","599616162348787840","-28"
"9725","599616162356481536","16"
"9726","599616162364175232","48"
"9727","599616162371868928","45"
"9728","599616162379562624","53"
"9729","599616162387256192","72"
"9730","599616162394949888","101"
"9731","599616162402643584","132"
"9732","599616162410337280","113"
"9733","599616162418030976","89"
"9734","599616162425724544","115"
"9735","599616162433418240","115"
"9736","599616162441111936","110"
"9737","599616162448805632","123"
"9738","599616162456499328","57"
"9739","599616162464192896","-16"
"9740","599616162471886592","-36"
"9741","599616162479580288","-69"
"9742","599616162487273984","-96"
"9743","599616162494967680","-106"
"9744","599616162502661248","-137"
"9745","599616162510354944","-127"
"9746","599616162518048640","-91"
"9747","599616162525742336","-96"
"9748","599616162533436032","-125"
"9749","599616162541129728","-144"
"9750","599616162548823296","-132"
"9751","599616162556516992","-86"
"9752","599616162564210688","-57"
"9753","599616162571904384","-67"
"9754","599616162579598080","-82"
"9755","599616162587291648","-101"
"9756","599616162594985344","-101"
"9757","599616162602679040","-69"
"9758","599616162610372736","-79"
"9759","599616162618066432","-101"
"9760","599616162625760000","-72"
"9761","599616162633453696","-33"
"9762","599616162641147392","-48"
"9763","599616162648841088","-74"
"9764","599616162656534784","-72"
"9765","599616162664228352","-65"
"9766","599616162671922048","-69"
"9767","599616162679615744","-67"
"9768","599616162687309440","-55"
"9769","599616162695003136","-57"
"9770","599616162702696704","-62"
"9771","599616162710390400","-65"
"9772","599616162718084096","-96"
"9773","599616162725777792","-98"
"9774","599616162733471488","-24"
"9775","599616162741165184","19"
"9776","599616162748858752","-24"
"9777","599616162756552448","-28"
"9778","599616162764246144","-2"
"9779","599616162771939840","-41"
"9780","599616162779633536","-69"
"9781","599616162787327104","-53"
"9782","599616162795020832","-60"
"9783","599616162802714368","-72"
"9784","599616162810407936","-53"
"9785","599616162818101376","-55"
"9786","599616162825794944","-84"
"9787","599616162833488512","-96"
"9788","599616162841182080","-115"
"9789","599616162848875520","-154"
"9790","599616162856569088","-77"
"9791","599616162864262656","190"
"9792","599616162871956096","453"
"9793","599616162879649664","410"
"9794","599616162887343232","84"
"9795","599616162895036800","-168"
"9796","599616162902730240","-202"
"9797","599616162910423808","-171"
"9798","599616162918117376","-149"
"9799","599616162925810944","-120"
"9800","599616162933504384","-103"
"9801","599616162941197952","-103"
"9802","599616162948891520","-98"
"9803","599616162956584960","-86"
"9804","599616162964278528","-82"
"9805","599616162971972096","-74"
"9806","599616162979665664","-60"
"9807","599616162987359104","-55"
"9808","599616162995052672","-45"
"9809","599616163002746240","-28"
"9810","599616163010439680","-14"
"9811","599616163018133248","-2"
"9812","599616163025826816","12"
"9813","599616163033520384","38"
"9814","599616163041213824","62"
"9815","599616163048907392","67"
"9816","599616163056600960","77"
"9817","599616163064294400","101"
"9818","599616163071987968","103"
"9819","599616163079681536","86"
"9820","599616163087375104","72"
"9821","599616163095068544","48"
"9822","599616163102762112","0"
"9823","599616163110455680","-53"
"9824","599616163118149120","-96"
"9825","599616163125842688","-125"
"9826","599616163133536256","-142"
"9827","599616163141229824","-185"
"9828","599616163148923264","-212"
"9829","599616163156616832","-193"
"9830","599616163164310400","-190"
"9831","599616163172003968","-205"
"9832","599616163179697408","-197"
"9833","599616163187390976","-185"
"9834","599616163195084544","-190"
"9835","599616163202777984","-195"
"9836","599616163210471552","-178"
"9837","599616163218165120","-149"
"9838","599616163225858688","-144"
"9839","599616163233552128","-159"
"9840","599616163241245696","-156"
"9841","599616163248939264","-147"
"9842","599616163256632704","-149"
"9843","599616163264326272","-139"
"9844","599616163272019840","-130"
"9845","599616163279713408","-130"
"9846","599616163287406848","-125"
"9847","599616163295100416","-110"
"9848","599616163302793984","-103"
"9849","599616163310487424","-79"
"9850","599616163318180992","-82"
"9851","599616163325874560","-166"
"9852","599616163333568128","-190"
"9853","599616163341261568","-127"
"9854","599616163348955136","-120"
"9855","599616163356648672","-142"
"9856","599616163364342272","-125"
"9857","599616163372035840","-103"
"9858","599616163379729280","-62"
"9859","599616163387422848","-26"
"9860","599616163395116416","-53"
"9861","599616163402809984","-77"
"9862","599616163410503424","-77"
"9863","599616163418196992","-84"
"9864","599616163425890560","-89"
"9865","599616163433584000","-82"
"9866","599616163441277568","-82"
"9867","599616163448971136","-84"
"9868","599616163456664704","-77"
"9869","599616163464358144","-86"
"9870","599616163472051712","-118"
"9871","599616163479745280","-166"
"9872","599616163487438848","-185"
"9873","599616163495132288","-43"
"9874","599616163502825856","287"
"9875","599616163510519424","588"
"9876","599616163518212864","516"
"9877","599616163525906432","38"
"9878","599616163533600000","-279"
"9879","599616163541293568","-217"
"9880","599616163548987008","-152"
"9881","599616163556680576","-166"
"9882","599616163564374144","-135"
"9883","599616163572067584","-96"
"9884","599616163579761152","-96"
"9885","599616163587454720","-106"
"9886","599616163595148288","-89"
"9887","599616163602841728","-67"
"9888","599616163610535296","-60"
"9889","599616163618228864","-55"
"9890","599616163625922304","-41"
"9891","599616163633615872","-31"
"9892","599616163641309440","-21"
"9893","599616163649003008","-4"
"9894","599616163656696448","33"
"9895","599616163664390016","69"
"9896","599616163672083584","62"
"9897","599616163679777024","77"
"9898","599616163687470592","137"
"9899","599616163695164160","147"
"9900","599616163702857728","115"
"9901","599616163710551168","125"
"9902","599616163718244736","137"
"9903","599616163725938304","106"
"9904","599616163733631872","77"
"9905","599616163741325312","48"
"9906","599616163749018880","-12"
"9907","599616163756712448","-74"
"9908","599616163764405888","-110"
"9909","599616163772099456","-118"
"9910","599616163779793024","-130"
"9911","599616163787486592","-152"
"9912","599616163795180032","-144"
"9913","599616163802873600","-135"
"9914","599616163810567168","-159"
"9915","599616163818260608","-159"
"9916","599616163825954176","-125"
"9917","599616163833647744","-110"
"9918","599616163841341312","-113"
"9919","599616163849034752","-113"
"9920","599616163856728320","-103"
"9921","599616163864421888","-91"
"9922","599616163872115328","-94"
"9923","599616163879808896","-101"
"9924","599616163887502464","-89"
"9925","599616163895196032","-77"
"9926","599616163902889472","-77"
"9927","599616163910583040","-77"
"9928","599616163918276512","-77"
"9929","599616163925970048","-77"
"9930","599616163933663616","-67"
"9931","599616163941357056","-62"
"9932","599616163949050624","-79"
"9933","599616163956744192","-91"
"9934","599616163964437760","-82"
"9935","599616163972131200","-79"
"9936","599616163979824768","-91"
"9937","599616163987518336","-94"
"9938","599616163995211776","-69"
"9939","599616164002905344","-26"
"9940","599616164010598912","4"
"9941","599616164018292480","4"
"9942","599616164025985920","-12"
"9943","599616164033679488","-33"
"9944","599616164041373056","-41"
"9945","599616164049066624","-38"
"9946","599616164056760064","-45"
"9947","599616164064453632","-50"
"9948","599616164072147200","-50"
"9949","599616164079840640","-50"
"9950","599616164087534208","-48"
"9951","599616164095227776","-67"
"9952","599616164102921344","-125"
"9953","599616164110614784","-142"
"9954","599616164118308352","19"
"9955","599616164126001920","364"
"9956","599616164133695360","680"
"9957","599616164141388928","574"
"9958","599616164149082496","57"
"9959","599616164156776064","-219"
"9960","599616164164469504","-137"
"9961","599616164172163072","-110"
"9962","599616164179856640","-132"
"9963","599616164187550080","-82"
"9964","599616164195243648","-62"
"9965","599616164202937216","-72"
"9966","599616164210630784","-55"
"9967","599616164218324224","-38"
"9968","599616164226017792","-45"
"9969","599616164233711360","-45"
"9970","599616164241404800","-21"
"9971","599616164249098368","-7"
"9972","599616164256791936","-9"
"9973","599616164264485504","4"
"9974","599616164272178944","31"
"9975","599616164279872512","43"
"9976","599616164287566080","53"
"9977","599616164295259648","82"
"9978","599616164302953088","108"
"9979","599616164310646656","125"
"9980","599616164318340224","144"
"9981","599616164326033664","152"
"9982","599616164333727232","135"
"9983","599616164341420800","118"
"9984","599616164349114368","113"
"9985","599616164356807808","84"
"9986","599616164364501376","24"
"9987","599616164372194944","-24"
"9988","599616164379888384","-62"
"9989","599616164387581952","-103"
"9990","599616164395275520","-137"
"9991","599616164402969088","-152"
"9992","599616164410662528","-152"
"9993","599616164418356096","-152"
"9994","599616164426049664","-159"
"9995","599616164433743104","-161"
"9996","599616164441436672","-149"
"9997","599616164449130240","-132"
"9998","599616164456823808","-132"
"9999","599616164464517248","-127"
"10000","599616164472210816","-115"
"10001","599616164479904352","-115"
"10002","599616164487597952","-108"
"10003","599616164495291520","-82"
"10004","599616164502984960","-74"
"10005","599616164510678528","-98"
"10006","599616164518372096","-96"
"10007","599616164526065664","-74"
"10008","599616164533759104","-77"
"10009","599616164541452672","-82"
"10010","599616164549146240","-79"
"10011","599616164556839680","-77"
"10012","599616164564533248","-82"
"10013","599616164572226816","-86"
"10014","599616164579920384","-86"
"10015","599616164587613824","-91"
"10016","599616164595307392","-94"
"10017","599616164603000960","-94"
"10018","599616164610694528","-96"
"10019","599616164618387968","-79"
"10020","599616164626081536","-31"
"10021","599616164633775104","-2"
"10022","599616164641468544","-14"
"10023","599616164649162112","-28"
"10024","599616164656855680","-38"
"10025","599616164664549248","-53"
"10026","599616164672242688","-60"
"10027","599616164679936256","-53"
"10028","599616164687629824","-53"
"10029","599616164695323264","-62"
"10030","599616164703016832","-57"
"10031","599616164710710400","-50"
"10032","599616164718403968","-77"
"10033","599616164726097408","-144"
"10034","599616164733790976","-185"
"10035","599616164741484544","-38"
"10036","599616164749177984","340"
"10037","599616164756871552","711"
"10038","599616164764565120","653"
"10039","599616164772258688","139"
"10040","599616164779952128","-205"
"10041","599616164787645696","-161"
"10042","599616164795339264","-115"
"10043","599616164803032704","-139"
"10044","599616164810726272","-108"
"10045","599616164818419840","-86"
"10046","599616164826113408","-96"
"10047","599616164833806848","-82"
"10048","599616164841500416","-57"
"10049","599616164849193984","-57"
"10050","599616164856887552","-60"
"10051","599616164864580992","-43"
"10052","599616164872274560","-19"
"10053","599616164879968128","-9"
"10054","599616164887661568","-9"
"10055","599616164895355136","4"
"10056","599616164903048704","24"
"10057","599616164910742272","36"
"10058","599616164918435712","57"
"10059","599616164926129280","84"
"10060","599616164933822848","96"
"10061","599616164941516288","103"
"10062","599616164949209856","113"
"10063","599616164956903424","120"
"10064","599616164964596992","113"
"10065","599616164972290432","96"
"10066","599616164979984000","77"
"10067","599616164987677568","41"
"10068","599616164995371008","-4"
"10069","599616165003064576","-48"
"10070","599616165010758144","-82"
"10071","599616165018451712","-101"
"10072","599616165026145152","-106"
"10073","599616165033838720","-115"
"10074","599616165041532194","-120"
"10075","599616165049225728","-101"
"10076","599616165056919296","-98"
"10077","599616165064612736","-108"
"10078","599616165072306304","-98"
"10079","599616165079999872","-86"
"10080","599616165087693440","-86"
"10081","599616165095386880","-84"
"10082","599616165103080448","-69"
"10083","599616165110774016","-62"
"10084","599616165118467456","-69"
"10085","599616165126161024","-72"
"10086","599616165133854592","-53"
"10087","599616165141548160","-45"
"10088","599616165149241600","-57"
"10089","599616165156935168","-57"
"10090","599616165164628736","-45"
"10091","599616165172322304","-41"
"10092","599616165180015744","-43"
"10093","599616165187709312","-41"
"10094","599616165195402880","-41"
"10095","599616165203096320","-43"
"10096","599616165210789888","-41"
"10097","599616165218483456","-48"
"10098","599616165226177024","-60"
"10099","599616165233870464","-69"
"10100","599616165241564032","-72"
"10101","599616165249257600","-62"
"10102","599616165256951040","-26"
"10103","599616165264644608","14"
"10104","599616165272338176","26"
"10105","599616165280031744","21"
"10106","599616165287725184","4"
"10107","599616165295418752","-21"
"10108","599616165303112320","-36"
"10109","599616165310805760","-38"
"10110","599616165318499328","-36"
"10111","599616165326192896","-31"
"10112","599616165333886464","-28"
"10113","599616165341579904","-26"
"10114","599616165349273472","-36"
"10115","599616165356967040","-84"
"10116","599616165364660480","-159"
"10117","599616165372354048","-152"
"10118","599616165380047616","91"
"10119","599616165387741184","530"
"10120","599616165395434624","832"
"10121","599616165403128192","598"
"10122","599616165410821760","48"
"10123","599616165418515328","-173"
"10124","599616165426208768","-123"
"10125","599616165433902336","-127"
"10126","599616165441595904","-135"
"10127","599616165449289344","-98"
"10128","599616165456982912","-86"
"10129","599616165464676480","-84"
"10130","599616165472370048","-69"
"10131","599616165480063488","-55"
"10132","599616165487757056","-50"
"10133","599616165495450624","-43"
"10134","599616165503144064","-31"
"10135","599616165510837632","-19"
"10136","599616165518531200","-9"
"10137","599616165526224768","12"
"10138","599616165533918208","36"
"10139","599616165541611776","45"
"10140","599616165549305344","65"
"10141","599616165556998784","91"
"10142","599616165564692352","106"
"10143","599616165572385920","115"
"10144","599616165580079488","132"
"10145","599616165587772928","142"
"10146","599616165595466496","132"
"10147","599616165603160034","130"
"10148","599616165610853632","120"
"10149","599616165618547200","94"
"10150","599616165626240640","55"
"10151","599616165633934208","12"
"10152","599616165641627776","-28"
"10153","599616165649321344","-57"
"10154","599616165657014784","-72"
"10155","599616165664708352","-86"
"10156","599616165672401920","-103"
"10157","599616165680095360","-101"
"10158","599616165687788928","-94"
"10159","599616165695482496","-94"
"10160","599616165703176064","-86"
"10161","599616165710869504","-69"
"10162","599616165718563072","-62"
"10163","599616165726256640","-67"
"10164","599616165733950208","-65"
"10165","599616165741643648","-60"
"10166","599616165749337216","-60"
"10167","599616165757030784","-55"
"10168","599616165764724224","-48"
"10169","599616165772417792","-43"
"10170","599616165780111360","-41"
"10171","599616165787804928","-43"
"10172","599616165795498368","-41"
"10173","599616165803191936","-36"
"10174","599616165810885504","-31"
"10175","599616165818578944","-33"
"10176","599616165826272512","-33"
"10177","599616165833966080","-33"
"10178","599616165841659648","-36"
"10179","599616165849353088","-31"
"10180","599616165857046656","-31"
"10181","599616165864740224","-41"
"10182","599616165872433664","-48"
"10183","599616165880127232","-53"
"10184","599616165887820800","-60"
"10185","599616165895514368","-57"
"10186","599616165903207808","-31"
"10187","599616165910901376","4"
"10188","599616165918594944","21"
"10189","599616165926288384","16"
"10190","599616165933981952","9"
"10191","599616165941675520","-4"
"10192","599616165949369088","-28"
"10193","599616165957062528","-36"
"10194","599616165964756096","-24"
"10195","599616165972449664","-24"
"10196","599616165980143232","-33"
"10197","599616165987836672","-36"
"10198","599616165995530240","-38"
"10199","599616166003223808","-60"
"10200","599616166010917248","-123"
"10201","599616166018610816","-173"
"10202","599616166026304384","-53"
"10203","599616166033997952","308"
"10204","599616166041691392","702"
"10205","599616166049384960","723"
"10206","599616166057078528","270"
"10207","599616166064771968","-123"
"10208","599616166072465536","-149"
"10209","599616166080159104","-118"
"10210","599616166087852672","-139"
"10211","599616166095546112","-115"
"10212","599616166103239680","-84"
"10213","599616166110933248","-84"
"10214","599616166118626688","-79"
"10215","599616166126320256","-65"
"10216","599616166134013824","-53"
"10217","599616166141707392","-50"
"10218","599616166149400832","-41"
"10219","599616166157094400","-24"
"10220","599616166164787874","-12"
"10221","599616166172481536","-7"
"10222","599616166180175232","4"
"10223","599616166187868928","24"
"10224","599616166195562496","48"
"10225","599616166203256192","62"
"10226","599616166210949888","72"
"10227","599616166218643584","94"
"10228","599616166226337280","110"
"10229","599616166234030848","120"
"10230","599616166241724544","120"
"10231","599616166249418240","108"
"10232","599616166257111936","96"
"10233","599616166264805632","77"
"10234","599616166272499328","45"
"10235","599616166280192896","9"
"10236","599616166287886592","-28"
"10237","599616166295580288","-67"
"10238","599616166303273984","-96"
"10239","599616166310967680","-110"
"10240","599616166318661248","-125"
"10241","599616166326354944","-132"
"10242","599616166334048640","-125"
"10243","599616166341742336","-120"
"10244","599616166349436032","-125"
"10245","599616166357129600","-123"
"10246","599616166364823296","-120"
"10247","599616166372516992","-115"
"10248","599616166380210688","-113"
"10249","599616166387904384","-106"
"10250","599616166395597952","-96"
"10251","599616166403291648","-98"
"10252","599616166410985344","-101"
"10253","599616166418679040","-94"
"10254","599616166426372736","-91"
"10255","599616166434066304","-94"
"10256","599616166441760000","-89"
"10257","599616166449453696","-79"
"10258","599616166457147392","-74"
"10259","599616166464841088","-77"
"10260","599616166472534784","-74"
"10261","599616166480228352","-72"
"10262","599616166487922048","-82"
"10263","599616166495615744","-79"
"10264","599616166503309440","-69"
"10265","599616166511003136","-72"
"10266","599616166518696704","-74"
"10267","599616166526390400","-74"
"10268","599616166534084096","-96"
"10269","599616166541777792","-108"
"10270","599616166549471488","-98"
"10271","599616166557165056","-72"
"10272","599616166564858752","-26"
"10273","599616166572552448","2"
"10274","599616166580246144","-9"
"10275","599616166587939840","-26"
"10276","599616166595633408","-38"
"10277","599616166603327104","-55"
"10278","599616166611020800","-57"
"10279","599616166618714496","-57"
"10280","599616166626408192","-65"
"10281","599616166634101760","-62"
"10282","599616166641795456","-62"
"10283","599616166649489152","-69"
"10284","599616166657182848","-91"
"10285","599616166664876544","-156"
"10286","599616166672570240","-197"
"10287","599616166680263808","-50"
"10288","599616166687957504","294"
"10289","599616166695651200","634"
"10290","599616166703344896","610"
"10291","599616166711038592","137"
"10292","599616166718732160","-226"
"10293","599616166726425888","-212"
"10294","599616166734119296","-156"
"10295","599616166741812736","-164"
"10296","599616166749506176","-127"
"10297","599616166757199744","-101"
"10298","599616166764893184","-115"
"10299","599616166772586624","-110"
"10300","599616166780280064","-84"
"10301","599616166787973504","-72"
"10302","599616166795666944","-67"
"10303","599616166803360512","-55"
"10304","599616166811053952","-48"
"10305","599616166818747392","-41"
"10306","599616166826440832","-31"
"10307","599616166834134272","-19"
"10308","599616166841827712","2"
"10309","599616166849521280","26"
"10310","599616166857214720","45"
"10311","599616166864908160","62"
"10312","599616166872601600","72"
"10313","599616166880295040","94"
"10314","599616166887988480","115"
"10315","599616166895682048","113"
"10316","599616166903375488","98"
"10317","599616166911068928","89"
"10318","599616166918762368","62"
"10319","599616166926455808","16"
"10320","599616166934149376","-31"
"10321","599616166941842816","-69"
"10322","599616166949536256","-108"
"10323","599616166957229696","-135"
"10324","599616166964923136","-152"
"10325","599616166972616576","-164"
"10326","599616166980310144","-168"
"10327","599616166988003584","-164"
"10328","599616166995697024","-159"
"10329","599616167003390464","-159"
"10330","599616167011083904","-156"
"10331","599616167018777344","-152"
"10332","599616167026470912","-144"
"10333","599616167034164352","-135"
"10334","599616167041857792","-130"
"10335","599616167049551232","-130"
"10336","599616167057244672","-118"
"10337","599616167064938240","-110"
"10338","599616167072631680","-108"
"10339","599616167080325120","-101"
"10340","599616167088018560","-101"
"10341","599616167095712000","-103"
"10342","599616167103405440","-98"
"10343","599616167111099008","-101"
"10344","599616167118792448","-101"
"10345","599616167126485888","-91"
"10346","599616167134179328","-86"
"10347","599616167141872768","-96"
"10348","599616167149566208","-96"
"10349","599616167157259776","-94"
"10350","599616167164953216","-101"
"10351","599616167172646656","-98"
"10352","599616167180340096","-106"
"10353","599616167188033536","-123"
"10354","599616167195726976","-120"
"10355","599616167203420544","-101"
"10356","599616167211113984","-82"
"10357","599616167218807424","-55"
"10358","599616167226500864","-33"
"10359","599616167234194304","-31"
"10360","599616167241887872","-43"
"10361","599616167249581312","-67"
"10362","599616167257274752","-86"
"10363","599616167264968192","-84"
"10364","599616167272661632","-82"
"10365","599616167280355072","-84"
"10366","599616167288048642","-84"
"10367","599616167295742080","-79"
"10368","599616167303435520","-79"
"10369","599616167311128960","-101"
"10370","599616167318822528","-161"
"10371","599616167326515968","-183"
"10372","599616167334209408","-26"
"10373","599616167341902848","299"
"10374","599616167349596288","593"
"10375","599616167357289728","501"
"10376","599616167364983296","2"
"10377","599616167372676736","-294"
"10378","599616167380370176","-212"
"10379","599616167388063616","-154"
"10380","599616167395757056","-168"
"10381","599616167403450496","-137"
"10382","599616167411144064","-113"
"10383","599616167418837504","-103"
"10384","599616167426530944","-82"
"10385","599616167434224384","-74"
"10386","599616167441917824","-74"
"10387","599616167449611264","-60"
"10388","599616167457304832","-45"
"10389","599616167464998272","-48"
"10390","599616167472691712","-38"
"10391","599616167480385152","-14"
"10392","599616167488078592","2"
"10393","599616167495772160","16"
"10394","599616167503465600","38"
"10395","599616167511159040","55"
"10396","599616167518852480","77"
"10397","599616167526545920","110"
"10398","599616167534239360","127"
"10399","599616167541932928","127"
"10400","599616167549626368","123"
"10401","599616167557319808","106"
"10402","599616167565013248","82"
"10403","599616167572706688","67"
"10404","599616167580400128","41"
"10405","599616167588093696","-14"
"10406","599616167595787136","-60"
"10407","599616167603480576","-98"
"10408","599616167611174016","-132"
"10409","599616167618867456","-147"
"10410","599616167626561024","-159"
"10411","599616167634254464","-171"
"10412","599616167641947904","-164"
"10413","599616167649641344","-154"
"10414","599616167657334784","-152"
"10415","599616167665028224","-152"
"10416","599616167672721792","-142"
"10417","599616167680415232","-130"
"10418","599616167688108672","-120"
"10419","599616167695802112","-115"
"10420","599616167703495552","-108"
"10421","599616167711188992","-103"
"10422","599616167718882560","-103"
"10423","599616167726576000","-96"
"10424","599616167734269440","-82"
"10425","599616167741962880","-82"
"10426","599616167749656320","-96"
"10427","599616167757349760","-91"
"10428","599616167765043328","-77"
"10429","599616167772736768","-82"
"10430","599616167780430208","-89"
"10431","599616167788123648","-86"
"10432","599616167795817088","-86"
"10433","599616167803510656","-91"
"10434","599616167811204096","-91"
"10435","599616167818897536","-89"
"10436","599616167826590976","-94"
"10437","599616167834284416","-103"
"10438","599616167841977856","-106"
"10439","599616167849671396","-103"
"10440","599616167857365248","-84"
"10441","599616167865059072","-41"
"10442","599616167872753024","-14"
"10443","599616167880446848","-14"
"10444","599616167888140800","-26"
"10445","599616167895834624","-50"
"10446","599616167903528576","-69"
"10447","599616167911222400","-69"
"10448","599616167918916352","-69"
"10449","599616167926610176","-77"
"10450","599616167934304000","-79"
"10451","599616167941997952","-74"
"10452","599616167949691776","-77"
"10453","599616167957385728","-108"
"10454","599616167965079552","-161"
"10455","599616167972773504","-173"
"10456","599616167980467328","-26"
"10457","599616167988161152","308"
"10458","599616167995855104","629"
"10459","599616168003548928","542"
"10460","599616168011242880","33"
"10461","599616168018936704","-272"
"10462","599616168026630656","-195"
"10463","599616168034324480","-144"
"10464","599616168042018432","-161"
"10465","599616168049712256","-123"
"10466","599616168057406080","-96"
"10467","599616168065100032","-94"
"10468","599616168072793856","-82"
"10469","599616168080487808","-79"
"10470","599616168088181632","-77"
"10471","599616168095875584","-65"
"10472","599616168103569408","-50"
"10473","599616168111263360","-41"
"10474","599616168118957184","-41"
"10475","599616168126651008","-33"
"10476","599616168134344960","-2"
"10477","599616168142038784","26"
"10478","599616168149732736","28"
"10479","599616168157426560","45"
"10480","599616168165120512","79"
"10481","599616168172814336","91"
"10482","599616168180508288","98"
"10483","599616168188202112","115"
"10484","599616168195895936","120"
"10485","599616168203589888","103"
"10486","599616168211283712","86"
"10487","599616168218977664","67"
"10488","599616168226671488","26"
"10489","599616168234365440","-19"
"10490","599616168242059264","-50"
"10491","599616168249753088","-89"
"10492","599616168257447040","-120"
"10493","599616168265140864","-127"
"10494","599616168272834816","-137"
"10495","599616168280528640","-156"
"10496","599616168288222592","-156"
"10497","599616168295916416","-142"
"10498","599616168303610368","-142"
"10499","599616168311304192","-142"
"10500","599616168318998016","-125"
"10501","599616168326691968","-118"
"10502","599616168334385792","-118"
"10503","599616168342079744","-106"
"10504","599616168349773568","-89"
"10505","599616168357467520","-84"
"10506","599616168365161344","-84"
"10507","599616168372855296","-77"
"10508","599616168380549120","-74"
"10509","599616168388242944","-74"
"10510","599616168395936896","-72"
"10511","599616168403630720","-72"
"10512","599616168411324668","-77"
"10513","599616168419018112","-74"
"10514","599616168426711552","-72"
"10515","599616168434404992","-74"
"10516","599616168442098560","-77"
"10517","599616168449792000","-74"
"10518","599616168457485440","-77"
"10519","599616168465178880","-82"
"10520","599616168472872320","-82"
"10521","599616168480565760","-86"
"10522","599616168488259328","-96"
"10523","599616168495952768","-94"
"10524","599616168503646208","-82"
"10525","599616168511339648","-55"
"10526","599616168519033088","-19"
"10527","599616168526726528","-7"
"10528","599616168534420096","-14"
"10529","599616168542113536","-21"
"10530","599616168549806976","-43"
"10531","599616168557500416","-57"
"10532","599616168565193856","-48"
"10533","599616168572887296","-48"
"10534","599616168580580864","-60"
"10535","599616168588274304","-53"
"10536","599616168595967744","-48"
"10537","599616168603661184","-65"
"10538","599616168611354624","-108"
"10539","599616168619048192","-176"
"10540","599616168626741632","-159"
"10541","599616168634435072","91"
"10542","599616168642128512","530"
"10543","599616168649821952","817"
"10544","599616168657515392","540"
"10545","599616168665208960","-31"
"10546","599616168672902400","-224"
"10547","599616168680595840","-139"
"10548","599616168688289280","-147"
"10549","599616168695982720","-161"
"10550","599616168703676160","-113"
"10551","599616168711369728","-94"
"10552","599616168719063168","-98"
"10553","599616168726756608","-89"
"10554","599616168734450048","-79"
"10555","599616168742143488","-77"
"10556","599616168749837056","-69"
"10557","599616168757530496","-57"
"10558","599616168765223936","-45"
"10559","599616168772917376","-28"
"10560","599616168780610816","-16"
"10561","599616168788304256","-4"
"10562","599616168795997824","12"
"10563","599616168803691264","26"
"10564","599616168811384704","41"
"10565","599616168819078144","57"
"10566","599616168826771584","79"
"10567","599616168834465024","94"
"10568","599616168842158592","96"
"10569","599616168849852032","94"
"10570","599616168857545472","96"
"10571","599616168865238912","82"
"10572","599616168872932352","53"
"10573","599616168880625792","21"
"10574","599616168888319360","-9"
"10575","599616168896012800","-50"
"10576","599616168903706240","-84"
"10577","599616168911399680","-103"
"10578","599616168919093120","-118"
"10579","599616168926786688","-127"
"10580","599616168934480128","-130"
"10581","599616168942173568","-132"
"10582","599616168949867008","-127"
"10583","599616168957560448","-118"
"10584","599616168965253888","-110"
"10585","599616168972947422","-108"
"10586","599616168980641152","-101"
"10587","599616168988334848","-94"
"10588","599616168996028544","-94"
"10589","599616169003722112","-91"
"10590","599616169011415808","-84"
"10591","599616169019109504","-79"
"10592","599616169026803200","-79"
"10593","599616169034496896","-77"
"10594","599616169042190464","-74"
"10595","599616169049884160","-72"
"10596","599616169057577856","-72"
"10597","599616169065271552","-69"
"10598","599616169072965248","-62"
"10599","599616169080658944","-62"
"10600","599616169088352512","-62"
"10601","599616169096046208","-60"
"10602","599616169103739904","-62"
"10603","599616169111433600","-65"
"10604","599616169119127296","-65"
"10605","599616169126820864","-65"
"10606","599616169134514560","-67"
"10607","599616169142208256","-79"
"10608","599616169149901952","-94"
"10609","599616169157595648","-91"
"10610","599616169165289216","-60"
"10611","599616169172982912","-16"
"10612","599616169180676608","9"
"10613","599616169188370304","4"
"10614","599616169196064000","-7"
"10615","599616169203757568","-24"
"10616","599616169211451264","-41"
"10617","599616169219144960","-45"
"10618","599616169226838656","-45"
"10619","599616169234532352","-45"
"10620","599616169242225920","-48"
"10621","599616169249919616","-50"
"10622","599616169257613312","-48"
"10623","599616169265307008","-65"
"10624","599616169273000704","-130"
"10625","599616169280694400","-190"
"10626","599616169288387968","-82"
"10627","599616169296081664","291"
"10628","599616169303775360","728"
"10629","599616169311469056","781"
"10630","599616169319162752","294"
"10631","599616169326856320","-156"
"10632","599616169334550016","-188"
"10633","599616169342243712","-135"
"10634","599616169349937408","-156"
"10635","599616169357631104","-135"
"10636","599616169365324672","-106"
"10637","599616169373018368","-110"
"10638","599616169380712064","-96"
"10639","599616169388405760","-72"
"10640","599616169396099456","-74"
"10641","599616169403793024","-72"
"10642","599616169411486720","-50"
"10643","599616169419180416","-45"
"10644","599616169426874112","-41"
"10645","599616169434567808","-14"
"10646","599616169442261376","0"
"10647","599616169449955072","4"
"10648","599616169457648768","24"
"10649","599616169465342464","45"
"10650","599616169473036160","62"
"10651","599616169480729856","84"
"10652","599616169488423424","98"
"10653","599616169496117120","103"
"10654","599616169503810816","110"
"10655","599616169511504512","106"
"10656","599616169519198208","89"
"10657","599616169526891776","79"
"10658","599616169534585434","57"
"10659","599616169542279040","7"
"10660","599616169549972608","-33"
"10661","599616169557666048","-60"
"10662","599616169565359616","-91"
"10663","599616169573053184","-115"
"10664","599616169580746752","-120"
"10665","599616169588440192","-123"
"10666","599616169596133760","-125"
"10667","599616169603827328","-123"
"10668","599616169611520768","-120"
"10669","599616169619214336","-115"
"10670","599616169626907904","-108"
"10671","599616169634601472","-103"
"10672","599616169642294912","-101"
"10673","599616169649988480","-96"
"10674","599616169657682048","-94"
"10675","599616169665375616","-84"
"10676","599616169673069056","-72"
"10677","599616169680762624","-77"
"10678","599616169688456192","-86"
"10679","599616169696149632","-79"
"10680","599616169703843200","-72"
"10681","599616169711536768","-69"
"10682","599616169719230336","-67"
"10683","599616169726923776","-65"
"10684","599616169734617344","-62"
"10685","599616169742310912","-62"
"10686","599616169750004352","-62"
"10687","599616169757697920","-62"
"10688","599616169765391488","-60"
"10689","599616169773085056","-60"
"10690","599616169780778496","-62"
"10691","599616169788472064","-60"
"10692","599616169796165632","-55"
"10693","599616169803859072","-65"
"10694","599616169811552640","-77"
"10695","599616169819246208","-86"
"10696","599616169826939776","-94"
"10697","599616169834633216","-82"
"10698","599616169842326784","-48"
"10699","599616169850020352","-12"
"10700","599616169857713792","4"
"10701","599616169865407360","0"
"10702","599616169873100928","-9"
"10703","599616169880794496","-24"
"10704","599616169888487936","-38"
"10705","599616169896181504","-45"
"10706","599616169903875072","-41"
"10707","599616169911568640","-41"
"10708","599616169919262080","-50"
"10709","599616169926955648","-60"
"10710","599616169934649216","-57"
"10711","599616169942342656","-72"
"10712","599616169950036224","-130"
"10713","599616169957729792","-190"
"10714","599616169965423360","-82"
"10715","599616169973116800","265"
"10716","599616169980810368","663"
"10717","599616169988503936","728"
"10718","599616169996197376","289"
"10719","599616170003890944","-149"
"10720","599616170011584512","-193"
"10721","599616170019278080","-142"
"10722","599616170026971520","-159"
"10723","599616170034665088","-137"
"10724","599616170042358656","-108"
"10725","599616170050052096","-110"
"10726","599616170057745664","-101"
"10727","599616170065439232","-84"
"10728","599616170073132800","-74"
"10729","599616170080826240","-69"
"10730","599616170088519808","-62"
"10731","599616170096213274","-48"
"10732","599616170103906944","-33"
"10733","599616170111600640","-26"
"10734","599616170119294336","-9"
"10735","599616170126987904","4"
"10736","599616170134681600","14"
"10737","599616170142375296","36"
"10738","599616170150068992","67"
"10739","599616170157762688","84"
"10740","599616170165456256","89"
"10741","599616170173149952","103"
"10742","599616170180843648","113"
"10743","599616170188537344","103"
"10744","599616170196231040","91"
"10745","599616170203924608","79"
"10746","599616170211618304","57"
"10747","599616170219312000","19"
"10748","599616170227005696","-28"
"10749","599616170234699392","-65"
"10750","599616170242393088","-94"
"10751","599616170250086656","-115"
"10752","599616170257780352","-127"
"10753","599616170265474048","-132"
"10754","599616170273167744","-130"
"10755","599616170280861440","-123"
"10756","599616170288555008","-123"
"10757","599616170296248704","-125"
"10758","599616170303942400","-120"
"10759","599616170311636096","-110"
"10760","599616170319329792","-101"
"10761","599616170327023360","-103"
"10762","599616170334717056","-103"
"10763","599616170342410752","-98"
"10764","599616170350104448","-91"
"10765","599616170357798144","-86"
"10766","599616170365491712","-86"
"10767","599616170373185408","-84"
"10768","599616170380879104","-77"
"10769","599616170388572800","-77"
"10770","599616170396266496","-79"
"10771","599616170403960064","-74"
"10772","599616170411653760","-67"
"10773","599616170419347456","-67"
"10774","599616170427041152","-69"
"10775","599616170434734848","-82"
"10776","599616170442428544","-82"
"10777","599616170450122112","-67"
"10778","599616170457815808","-69"
"10779","599616170465509504","-79"
"10780","599616170473203200","-69"
"10781","599616170480896896","-69"
"10782","599616170488590464","-82"
"10783","599616170496284160","-82"
"10784","599616170503977856","-82"
"10785","599616170511671552","-96"
"10786","599616170519365248","-106"
"10787","599616170527058816","-101"
"10788","599616170534752512","-86"
"10789","599616170542446208","-60"
"10790","599616170550139904","-21"
"10791","599616170557833600","-2"
"10792","599616170565527168","-16"
"10793","599616170573220864","-36"
"10794","599616170580914560","-45"
"10795","599616170588608256","-62"
"10796","599616170596301952","-72"
"10797","599616170603995520","-67"
"10798","599616170611689216","-65"
"10799","599616170619382912","-67"
"10800","599616170627076608","-67"
"10801","599616170634770304","-82"
"10802","599616170642464000","-125"
"10803","599616170650157568","-185"
"10804","599616170657851285","-178"
"10805","599616170665544704","31"
"10806","599616170673238144","419"
"10807","599616170680931456","697"
"10808","599616170688624896","497"
"10809","599616170696318336","-19"
"10810","599616170704011648","-248"
"10811","599616170711705088","-190"
"10812","599616170719398400","-176"
"10813","599616170727091840","-171"
"10814","599616170734785280","-127"
"10815","599616170742478592","-118"
"10816","599616170750172032","-120"
"10817","599616170757865472","-108"
"10818","599616170765558784","-96"
"10819","599616170773252224","-89"
"10820","599616170780945536","-82"
"10821","599616170788638976","-74"
"10822","599616170796332416","-60"
"10823","599616170804025728","-48"
"10824","599616170811719168","-38"
"10825","599616170819412608","-19"
"10826","599616170827105920","2"
"10827","599616170834799360","14"
"10828","599616170842492800","36"
"10829","599616170850186112","67"
"10830","599616170857879552","89"
"10831","599616170865572864","98"
"10832","599616170873266304","113"
"10833","599616170880959744","115"
"10834","599616170888653056","101"
"10835","599616170896346496","86"
"10836","599616170904039936","69"
"10837","599616170911733248","31"
"10838","599616170919426688","-16"
"10839","599616170927120000","-60"
"10840","599616170934813440","-103"
"10841","599616170942506880","-139"
"10842","599616170950200192","-154"
"10843","599616170957893632","-164"
"10844","599616170965587072","-171"
"10845","599616170973280384","-168"
"10846","599616170980973824","-164"
"10847","599616170988667136","-171"
"10848","599616170996360576","-168"
"10849","599616171004054016","-152"
"10850","599616171011747328","-144"
"10851","599616171019440768","-142"
"10852","599616171027134208","-137"
"10853","599616171034827520","-130"
"10854","599616171042520960","-125"
"10855","599616171050214400","-118"
"10856","599616171057907712","-115"
"10857","599616171065601152","-110"
"10858","599616171073294464","-98"
"10859","599616171080987904","-96"
"10860","599616171088681344","-103"
"10861","599616171096374656","-101"
"10862","599616171104068096","-94"
"10863","599616171111761536","-96"
"10864","599616171119454848","-98"
"10865","599616171127148288","-96"
"10866","599616171134841600","-98"
"10867","599616171142535040","-94"
"10868","599616171150228480","-91"
"10869","599616171157921792","-91"
"10870","599616171165615232","-86"
"10871","599616171173308672","-91"
"10872","599616171181001984","-94"
"10873","599616171188695424","-91"
"10874","599616171196388864","-94"
"10875","599616171204082176","-118"
"10876","599616171211775616","-125"
"10877","599616171219468954","-106"
"10878","599616171227162496","-77"
"10879","599616171234856064","-50"
"10880","599616171242549504","-28"
"10881","599616171250243072","-16"
"10882","599616171257936640","-33"
"10883","599616171265630208","-72"
"10884","599616171273323648","-86"
"10885","599616171281017216","-79"
"10886","599616171288710784","-79"
"10887","599616171296404224","-84"
"10888","599616171304097792","-86"
"10889","599616171311791360","-84"
"10890","599616171319484928","-89"
"10891","599616171327178368","-113"
"10892","599616171334871936","-168"
"10893","599616171342565504","-185"
"10894","599616171350259072","-33"
"10895","599616171357952512","287"
"10896","599616171365646080","581"
"10897","599616171373339648","516"
"10898","599616171381033088","28"
"10899","599616171388726656","-291"
"10900","599616171396420224","-214"
"10901","599616171404113792","-152"
"10902","599616171411807232","-180"
"10903","599616171419500800","-147"
"10904","599616171427194368","-106"
"10905","599616171434887808","-108"
"10906","599616171442581376","-106"
"10907","599616171450274944","-94"
"10908","599616171457968512","-96"
"10909","599616171465661952","-91"
"10910","599616171473355520","-67"
"10911","599616171481049088","-48"
"10912","599616171488742528","-41"
"10913","599616171496436096","-36"
"10914","599616171504129664","-14"
"10915","599616171511823232","7"
"10916","599616171519516672","21"
"10917","599616171527210240","43"
"10918","599616171534903808","62"
"10919","599616171542597248","84"
"10920","599616171550290816","113"
"10921","599616171557984384","130"
"10922","599616171565677952","125"
"10923","599616171573371392","118"
"10924","599616171581064960","106"
"10925","599616171588758528","84"
"10926","599616171596452096","45"
"10927","599616171604145536","-2"
"10928","599616171611839104","-50"
"10929","599616171619532672","-98"
"10930","599616171627226112","-135"
"10931","599616171634919680","-156"
"10932","599616171642613248","-168"
"10933","599616171650306816","-171"
"10934","599616171658000256","-176"
"10935","599616171665693824","-173"
"10936","599616171673387392","-161"
"10937","599616171681080832","-154"
"10938","599616171688774400","-154"
"10939","599616171696467968","-147"
"10940","599616171704161536","-137"
"10941","599616171711854976","-130"
"10942","599616171719548544","-123"
"10943","599616171727242112","-113"
"10944","599616171734935552","-106"
"10945","599616171742629120","-103"
"10946","599616171750322688","-96"
"10947","599616171758016256","-91"
"10948","599616171765709696","-89"
"10949","599616171773403264","-89"
"10950","599616171781096796","-89"
"10951","599616171788790400","-86"
"10952","599616171796483968","-84"
"10953","599616171804177408","-84"
"10954","599616171811870976","-82"
"10955","599616171819564544","-84"
"10956","599616171827258112","-86"
"10957","599616171834951552","-86"
"10958","599616171842645120","-84"
"10959","599616171850338688","-74"
"10960","599616171858032128","-72"
"10961","599616171865725696","-79"
"10962","599616171873419264","-82"
"10963","599616171881112832","-94"
"10964","599616171888806272","-108"
"10965","599616171896499840","-110"
"10966","599616171904193408","-89"
"10967","599616171911886976","-48"
"10968","599616171919580416","-16"
"10969","599616171927273984","-16"
"10970","599616171934967552","-21"
"10971","599616171942660992","-31"
"10972","599616171950354560","-55"
"10973","599616171958048128","-74"
"10974","599616171965741696","-77"
"10975","599616171973435136","-69"
"10976","599616171981128704","-65"
"10977","599616171988822272","-74"
"10978","599616171996515712","-82"
"10979","599616172004209280","-89"
"10980","599616172011902848","-135"
"10981","599616172019596416","-185"
"10982","599616172027289856","-106"
"10983","599616172034983424","171"
"10984","599616172042676992","533"
"10985","599616172050370432","661"
"10986","599616172058064000","279"
"10987","599616172065757568","-190"
"10988","599616172073451136","-241"
"10989","599616172081144576","-147"
"10990","599616172088838144","-171"
"10991","599616172096531712","-154"
"10992","599616172104225152","-94"
"10993","599616172111918720","-96"
"10994","599616172119612288","-106"
"10995","599616172127305856","-79"
"10996","599616172134999296","-74"
"10997","599616172142692864","-82"
"10998","599616172150386432","-72"
"10999","599616172158080000","-53"
"11000","599616172165773440","-38"
"11001","599616172173467008","-26"
"11002","599616172181160576","-16"
"11003","599616172188854016","0"
"11004","599616172196547584","16"
"11005","599616172204241152","36"
"11006","599616172211934720","60"
"11007","599616172219628160","79"
"11008","599616172227321728","91"
"11009","599616172235015296","106"
"11010","599616172242708736","123"
"11011","599616172250402304","123"
"11012","599616172258095872","113"
"11013","599616172265789440","96"
"11014","599616172273482880","69"
"11015","599616172281176448","28"
"11016","599616172288870016","-16"
"11017","599616172296563456","-55"
"11018","599616172304257024","-89"
"11019","599616172311950592","-113"
"11020","599616172319644160","-127"
"11021","599616172327337600","-135"
"11022","599616172335031168","-139"
"11023","599616172342724636","-139"
"11024","599616172350418304","-137"
"11025","599616172358112000","-127"
"11026","599616172365805824","-118"
"11027","599616172373499520","-118"
"11028","599616172381193216","-110"
"11029","599616172388887040","-101"
"11030","599616172396580736","-96"
"11031","599616172404274432","-91"
"11032","599616172411968256","-84"
"11033","599616172419661952","-74"
"11034","599616172427355776","-72"
"11035","599616172435049472","-69"
"11036","599616172442743168","-67"
"11037","599616172450436992","-62"
"11038","599616172458130688","-65"
"11039","599616172465824384","-67"
"11040","599616172473518208","-60"
"11041","599616172481211904","-62"
"11042","599616172488905600","-62"
"11043","599616172496599424","-60"
"11044","599616172504293120","-60"
"11045","599616172511986816","-57"
"11046","599616172519680640","-57"
"11047","599616172527374336","-60"
"11048","599616172535068032","-62"
"11049","599616172542761856","-60"
"11050","599616172550455552","-53"
"11051","599616172558149376","-50"
"11052","599616172565843072","-55"
"11053","599616172573536768","-55"
"11054","599616172581230592","-57"
"11055","599616172588924288","-69"
"11056","599616172596617984","-79"
"11057","599616172604311808","-82"
"11058","599616172612005504","-72"
"11059","599616172619699200","-38"
"11060","599616172627393024","2"
"11061","599616172635086720","9"
"11062","599616172642780416","0"
"11063","599616172650474240","-2"
"11064","599616172658167936","-21"
"11065","599616172665861632","-48"
"11066","599616172673555456","-53"
"11067","599616172681249152","-41"
"11068","599616172688942976","-48"
"11069","599616172696636672","-55"
"11070","599616172704330368","-43"
"11071","599616172712024192","-45"
"11072","599616172719717888","-91"
"11073","599616172727411584","-164"
"11074","599616172735105408","-178"
"11075","599616172742799104","14"
"11076","599616172750492800","436"
"11077","599616172758186624","810"
"11078","599616172765880320","680"
"11079","599616172773574016","108"
"11080","599616172781267840","-214"
"11081","599616172788961536","-168"
"11082","599616172796655232","-137"
"11083","599616172804349056","-152"
"11084","599616172812042752","-125"
"11085","599616172819736448","-108"
"11086","599616172827430272","-98"
"11087","599616172835123968","-84"
"11088","599616172842817792","-74"
"11089","599616172850511488","-69"
"11090","599616172858205184","-62"
"11091","599616172865899008","-53"
"11092","599616172873592704","-38"
"11093","599616172881286400","-28"
"11094","599616172888980224","-19"
"11095","599616172896673920","-2"
"11096","599616172904367736","21"
"11097","599616172912061184","41"
"11098","599616172919754624","55"
"11099","599616172927448064","72"
"11100","599616172935141632","94"
"11101","599616172942835072","118"
"11102","599616172950528512","130"
"11103","599616172958221952","130"
"11104","599616172965915392","130"
"11105","599616172973608832","123"
"11106","599616172981302400","103"
"11107","599616172988995840","74"
"11108","599616172996689280","38"
"11109","599616173004382720","-2"
"11110","599616173012076160","-43"
"11111","599616173019769600","-77"
"11112","599616173027463168","-98"
"11113","599616173035156608","-108"
"11114","599616173042850048","-113"
"11115","599616173050543488","-110"
"11116","599616173058236928","-108"
"11117","599616173065930368","-108"
"11118","599616173073623936","-101"
"11119","599616173081317376","-91"
"11120","599616173089010816","-91"
"11121","599616173096704256","-94"
"11122","599616173104397696","-86"
"11123","599616173112091264","-77"
"11124","599616173119784704","-72"
"11125","599616173127478144","-62"
"11126","599616173135171584","-62"
"11127","599616173142865024","-62"
"11128","599616173150558464","-53"
"11129","599616173158252032","-50"
"11130","599616173165945472","-57"
"11131","599616173173638912","-57"
"11132","599616173181332352","-53"
"11133","599616173189025792","-53"
"11134","599616173196719232","-55"
"11135","599616173204412800","-50"
"11136","599616173212106240","-38"
"11137","599616173219799680","-43"
"11138","599616173227493120","-53"
"11139","599616173235186560","-50"
"11140","599616173242880128","-50"
"11141","599616173250573568","-53"
"11142","599616173258267008","-48"
"11143","599616173265960448","-48"
"11144","599616173273653888","-48"
"11145","599616173281347328","-43"
"11146","599616173289040896","-45"
"11147","599616173296734336","-48"
"11148","599616173304427776","-53"
"11149","599616173312121216","-62"
"11150","599616173319814656","-67"
"11151","599616173327508096","-60"
"11152","599616173335201664","-41"
"11153","599616173342895104","-4"
"11154","599616173350588544","21"
"11155","599616173358281984","24"
"11156","599616173365975424","14"
"11157","599616173373668864","-4"
"11158","599616173381362432","-28"
"11159","599616173389055872","-33"
"11160","599616173396749312","-33"
"11161","599616173404442752","-45"
"11162","599616173412136192","-50"
"11163","599616173419829760","-45"
"11164","599616173427523200","-48"
"11165","599616173435216640","-62"
"11166","599616173442910080","-118"
"11167","599616173450603520","-183"
"11168","599616173458296960","-106"
"11169","599616173465990490","219"
"11170","599616173473684352","641"
"11171","599616173481378176","776"
"11172","599616173489072000","390"
"11173","599616173496765824","-96"
"11174","599616173504459648","-197"
"11175","599616173512153344","-139"
"11176","599616173519847168","-154"
"11177","599616173527540992","-142"
"11178","599616173535234816","-108"
"11179","599616173542928640","-108"
"11180","599616173550622464","-98"
"11181","599616173558316288","-77"
"11182","599616173566010112","-74"
"11183","599616173573703936","-74"
"11184","599616173581397760","-57"
"11185","599616173589091456","-41"
"11186","599616173596785280","-33"
"11187","599616173604479104","-26"
"11188","599616173612172928","-12"
"11189","599616173619866752","4"
"11190","599616173627560576","26"
"11191","599616173635254400","43"
"11192","599616173642948224","60"
"11193","599616173650642048","82"
"11194","599616173658335872","103"
"11195","599616173666029568","120"
"11196","599616173673723392","132"
"11197","599616173681417216","135"
"11198","599616173689111040","127"
"11199","599616173696804864","115"
"11200","599616173704498688","94"
"11201","599616173712192512","57"
"11202","599616173719886336","16"
"11203","599616173727580160","-31"
"11204","599616173735273856","-74"
"11205","599616173742967680","-96"
"11206","599616173750661504","-103"
"11207","599616173758355328","-115"
"11208","599616173766049152","-125"
"11209","599616173773742976","-120"
"11210","599616173781436800","-115"
"11211","599616173789130624","-113"
"11212","599616173796824448","-106"
"11213","599616173804518272","-103"
"11214","599616173812211968","-101"
"11215","599616173819905792","-96"
"11216","599616173827599616","-94"
"11217","599616173835293440","-91"
"11218","599616173842987264","-84"
"11219","599616173850681088","-79"
"11220","599616173858374912","-77"
"11221","599616173866068736","-74"
"11222","599616173873762560","-69"
"11223","599616173881456384","-72"
"11224","599616173889150080","-74"
"11225","599616173896843904","-67"
"11226","599616173904537728","-62"
"11227","599616173912231552","-67"
"11228","599616173919925376","-67"
"11229","599616173927619200","-62"
"11230","599616173935313024","-65"
"11231","599616173943006848","-65"
"11232","599616173950700672","-60"
"11233","599616173958394368","-62"
"11234","599616173966088192","-69"
"11235","599616173973782016","-67"
"11236","599616173981475840","-60"
"11237","599616173989169664","-69"
"11238","599616173996863488","-79"
"11239","599616174004557312","-74"
"11240","599616174012251136","-67"
"11241","599616174019944960","-69"
"11242","599616174027638674","-69"
